SMILES,2D6
CC[C@H](CO)NC(=O)Cc1c(C)n(C(=O)c2ccc(Cl)cc2)c2ccc(OC)cc12,0.0
CC(C)(OCc1nn(Cc2ccccc2)c2ccccc12)C(=O)O,0.0
CC[N+](C)(CC)CCc1c(C)c2ccc(OC)cc2oc1=O,1.0
C/C=C(/C)C(=O)OC1c2c(ccc3ccc(=O)oc23)OC1C(C)(C)OC(=O)/C(C)=C\C,0.0
CC(C)CCC(O)C(C)C1C(OC2OC(CO)C(O)C(O)C2O)CC2C3CC=C4CC(O)CC(OC5OC(C)C(O)C(O)C5O)[C@@]4(C)C3CC[C@@]21C,0.0
NCC(=O)NC(Cc1ccccc1)C(=O)O,0.0
Cc1nc(C)c2c(n1)N(Cc1ccc(-c3ccccc3-c3nnn[nH]3)cc1)C(=O)CC2,0.0
CN1CCC(=C2c3ccccc3C=Cc3ccccc32)CC1,0.0
CC/C=C\C/C=C\C/C=C\CCCCCCCC(=O)NCCO,0.0
CC(CCCC(CO)COS(=O)(=O)O)C1CCC2C3C(O)CC4CC(O)CC[C@]4(C)C3CC(O)[C@]12C,0.0
O=C1/C(=N/O)c2cc(F)ccc2N1Cc1cc(F)cc2c1OCOC2,0.0
C=C(CC)C(=O)COC,0.0
CO[C@H]1/C=C/O[C@@]2(C)Oc3c(C)c(O)c4c(O)c(c(/C=N/N5CCN(C)CC5)c(O)c4c3C2=O)N=C(O)/C(C)=C\C=C\[C@H](C)[C@H](O)[C@@H](C)[C@@H](O)[C@@H](C)[C@H](OC(C)=O)[C@@H]1C,1.0
CC(C)[C@@H](NC(=O)OC(C)(C)C)c1nnco1,0.0
CCCCc1oc2ccc(NS(C)(=O)=O)cc2c1C(=O)c1ccc(OCCCN(CCCC)CCCC)cc1,1.0
CN1CCCN=C1C=Cc1cccs1,1.0
CN(C)CCOC(c1ccccc1)c1ccccc1,1.0
OC(CNCC(F)(F)F)COc1cccc2ccccc12,1.0
CN1CCCC1c1cccnc1,1.0
NC(Cc1ccc(O)c(Cl)c1)C(=O)O,0.0
Cc1ccccc1,0.0
c1ccc(C2(c3ccccc3)C[C@@H]2C2=NCCN2)cc1,1.0
CC(C)(C)NC[C@H](O)COc1nsnc1N1CCOCC1,1.0
O=C(O)c1cn(C2CC2)c2cc(N3CCNCC3)c(F)cc2c1=O,0.0
O=C1c2ccccc2S(=O)(=O)N1CCCCNC[C@H]1CCc2ccccc2O1,1.0
CC/C(=C(\CC)c1ccc(O)cc1)c1ccc(O)cc1,0.0
CN(C/C=C/C#CC(C)(C)C)Cc1cccc2ccccc12,0.0
O=C(O)CNC(=O)C1CCCN1,0.0
CC(C)C(C(=O)O)C(=O)C(=O)O,0.0
O=C(Nc1ccc(OC(F)(F)F)cc1)c1sccc1NCc1ccnc2ccccc12,0.0
CCC(=O)NS(=O)(=O)c1ccc(-c2c(-c3ccccc3)noc2C)cc1,0.0
CN=C1CN(O)C(c2ccccc2)=c2cc(Cl)ccc2=N1,1.0
COc1ccccc1O,0.0
CSc1nc(-c2ccnc(N[C@H](C)c3ccccc3)c2)c(-c2ccc(F)cc2)[nH]1,1.0
CC1CC[C@@]2(C(=O)OC3OC(CO)C(O)C(O)C3O)CC[C@@]3(C)C(=CCC4[C@]3(C)CCC3[C@@](C)(CO)C(OC5OC(C(=O)O)C(O)C(O)C5O)CC[C@@]34C)C2C1C,0.0
CC(C)(C)N1CCC(c2ccccc2)(c2ccccc2)CC1,0.0
OC(c1ccccc1)(c1ccccc1)C1CCNCC1,0.0
COC(=O)C1=C(C)NC(C)=C(C(=O)O[C@H]2CCN(Cc3ccccc3)C2)[C@H]1c1cccc([N+](=O)[O-])c1,1.0
Cc1nc(N=C(O)N2CCC[C@H]2C(=N)O)sc1-c1ccnc(C(C)(C)C(F)(F)F)c1,0.0
CC1CC[C@]2(C(=O)O)CC[C@]3(C)C(=CCC4[C@@]5(C)CC(O)C(O)[C@@](C)(CO)C5C(O)C[C@]43C)C2C1C,0.0
OCC(O)C(O)C(O)C(O)COCC1OC(O)C(O)C(O)C1O,0.0
O=C1C=C2CN([C@@H](C(=O)C3CC3)c3ccccc3F)CC[C@H]2S1,1.0
C[C@]12CC[C@H]3[C@@H](CC[C@@]45O[C@@H]4C(O)=C(C#N)C[C@]35C)[C@@H]1CC[C@@H]2O,0.0
O=S(=O)(NCCNC/C=C/c1ccc(Br)cc1)c1cccc2cnccc12,0.0
CCOCn1c(Cc2ccccc2)c(C(C)C)c(=O)[nH]c1=O,0.0
N=C(N)NC(=N)NCCc1ccccc1,1.0
C=C1COC(=O)[C@@]12C[C@]1(C)C(C)CCC(OC(=O)/C=C/SC)C1C2OC(C)=O,0.0
CCN(CC)N=O,1.0
CC(C)CC(N)C(=O)NC(CCCCN)C(=O)O,0.0
CCc1c(C)[nH]c2c1C(=O)[C@@H](CN1CCOCC1)CC2,1.0
c1ccc2c(c1)Sc1ccccc1N2C[C@@H]1CN2CCC1CC2,1.0
O=C(O)CC(O)C(=O)O,0.0
OCC(O)C(O)CO,0.0
COc1ccc2c(c1)N(CC(C)CN(C)C)c1ccccc1S2,1.0
CCNC(C)Cc1ccc(OC)cc1,1.0
CC(=O)C1CC(=O)[C@@]2(C)C3=C(C(=O)C[C@@]12C)[C@@]1(C)CCC(=O)C(C)(C)C1CC3O,0.0
O=C(O)C(=O)Nc1cc2ccccc2cc1C(=O)O,0.0
CC1=CCC(C(C)C)CC1=O,0.0
OC(CS)C(O)CS,0.0
Cn1ccnc1S,0.0
COc1c(O)c(C)c(C/C=C(\C)CCC=C(C)C)c(O)c1OC,0.0
CCCCCCCCO[C@@H]1O[C@H](CO)[C@H](O)C[C@H]1O[C@@H]1O[C@@H](C)[C@@H](O)[C@@H](O)[C@@H]1O,0.0
CCOP(=S)(OCC)Oc1nc(Cl)c(Cl)cc1Cl,1.0
COc1ccc(-c2cc(=O)c3c(OC)cc(OC)cc3o2)cc1,0.0
CC[C@@H](CO)NCCN[C@@H](CC)CO,0.0
CCCCCCCCCC(O)CCCCC(O)C1CCC(C(O)CCCCC(=O)CCCCCC(O)CC2=CC(C)OC2=O)O1,0.0
CCCC/C=C/CC(=O)OCC,0.0
Cc1ccc(S(=O)(=O)NC(=O)Nc2ccc(S(N)(=O)=O)cc2)cc1,0.0
CCCNC(C)Cc1ccc2c(c1)OCO2,1.0
CC(=O)O[C@]1(C)CC[C@]23CC1C(C)(C)C2CCC3C,0.0
CC(CCC(=O)O)C1CCC2C3CCC4CC(OC5OC(C(=O)O)C(O)C(O)C5O)CC[C@@]4(C)C3CC(O)[C@@]12C,0.0
C=C(C)C1CCC2[C@]3(CC[C@@]4(C)C(C(C)CC/C=C(/C)C(=O)OC)CC[C@]24C)C[C@]13CCC(=O)O,0.0
CCN(CC)C(=O)N[C@H]1C[C@@H]2c3cccc4[nH]cc(c34)C[C@H]2N(C)C1,1.0
CN(C)CCCNC(=O)/C(=C/CCCCC(=O)NO)COc1cccc2ccccc12,0.0
C[C@@H]1C[C@H]2[C@@H]3CCC4=CC(=O)C=C[C@]4(C)C3=CC[C@]2(C)[C@H]1C(=O)CN1CCN(c2cc(N3CCCC3)nc(N3CCCC3)n2)CC1,0.0
CC(C)(C)NC[C@@H](O)COc1ccccc1C#N,1.0
O[C@@H](c1cc(C(F)(F)F)nc2c(C(F)(F)F)cccc12)[C@H]1CCCCN1,0.0
c1ccc2c(c1)Sc1ccccc1N2C[C@H]1CN2CCC1CC2,1.0
C=C[C@](C)(O)CC[C@]1(C)C(C)CC[C@]2(C)C(C)=CCCC21,0.0
CCCn1c(=O)c2[nH]c(C34C[C@@H]5CC3C[C@@H](C5)C4)nc2n(CCC)c1=O,0.0
NC(CCC(=O)O)C(=O)NC(Cc1ccc(O)cc1)C(=O)O,0.0
O=C(O)c1ccc(O)cc1O,0.0
CC(CO)CCNc1ncnc2nc[nH]c12,0.0
COc1ccc2[nH]cc(CC(=O)O)c2c1,0.0
CCC(=O)OCc1ccccc1,0.0
C=COC(C)=O,0.0
C=C(CCC=C(C)C)C1CC[C@@]2(C)C1CCC1[C@]3(C)CCC(O)C(C)(C)C3CC[C@@]12C,0.0
O=C(OCC1OC(c2c(O)cc(O)c(C(=O)c3ccc(O)cc3)c2O)C(OC(=O)c2cc(O)c(O)c(O)c2)C(O)C1O)c1cc(O)c(O)c(O)c1,0.0
C=C(CCC)C(N)C(=O)O,0.0
OCC1=C[C@H](O)[C@H](O)[C@@H](O)[C@@H]1O,0.0
Cc1c(O)c(=O)ccn1C,0.0
CN1CC[C@]23c4c5ccc(O)c4O[C@H]2[C@@H](O)C=C[C@H]3[C@H]1C5,1.0
Cc1ccc(O)cc1,1.0
CN[C@H](C)Cc1ccc2c(c1)OCO2,1.0
CC(C)NCC(O)COc1ccc(CCOCC2CC2)cc1,1.0
Clc1ccc([C@@H](Cn2ccnc2)OCc2c(Cl)cccc2Cl)c(Cl)c1,0.0
Cc1nnc2n1-c1ccc(Cl)cc1C(c1ccccc1)=NC2,0.0
O=C(CCCN1CCC(O)(c2ccc(Cl)cc2)CC1)c1ccc(F)cc1,1.0
CCOC(=O)C1=C(C)NC(C)=C(C(=O)OC)[C@@H]1c1cccc([N+](=O)[O-])c1,0.0
CCOC(=O)CCC(C)C,0.0
Cc1ncc(C[n+]2csc(CCOP(=O)(O)OP(=O)(O)OCC3OC(n4cnc5c(N)ncnc54)C(O)C3O)c2C)c(N)n1,0.0
O=C(Nc1cccc(Nc2nccc(Nc3cccc(C(F)(F)F)c3)n2)c1)C1CC1,0.0
CCCCCC(=O)CP(=O)(O)O,0.0
Cc1c(-c2cnccn2)ssc1=S,0.0
CCOC(=O)[C@H](CCc1ccccc1)N[C@@H](C)C(=O)N(CC(=O)O)C1Cc2ccccc2C1,0.0
Cc1c2ccncc2c(C)c2c1[nH]c1ccccc12,1.0
CCCCCC(O)CCCCC(O)C1CCC(C2CCC(C(O)CCCCC(O)CCCCCCCC3=CC(C)OC3=O)O2)O1,0.0
CN1CC[C@]23c4c5ccc(O)c4O[C@H]2C(=O)CC[C@H]3[C@H]1C5,1.0
Cc1cn(C2CC(O)C(COP(=O)(O)OP(=O)(O)OC3OC(CO)C(O)C(O)C3O)O2)c(=O)[nH]c1=O,0.0
CSc1ccc2c(c1)N(CCC1CCCCN1C)c1ccccc1S2,1.0
C=C(C(=O)O)C1CC[C@]2(C)C=CC(=O)C(C)=C2C1,0.0
CSc1ccc2c(c1)N(CC[C@@H]1CCCCN1C)c1ccccc1S2,1.0
C[C@]12CC[C@H]3[C@H]([C@@H]1[C@@H]1C[C@@H]1[C@@]21CCC(=O)O1)[C@H]1C[C@H]1C1=CC(=O)CC[C@@]13C,0.0
CC(C)CCCCCCC(C)(C)C,0.0
Fc1ccc2nc(CCC#Cc3ccccn3)cn2c1,0.0
NC[C@H]1O[C@H](O[C@@H]2[C@@H](N)C[C@@H](N)[C@H](O[C@H]3O[C@H](CO)[C@@H](O)[C@H](N)[C@H]3O)[C@H]2O)[C@H](O)[C@@H](O)[C@@H]1O,0.0
OC(O)C(Cl)(Cl)Cl,0.0
C#C[C@]1(O)CC[C@H]2[C@@H]3CCC4=Cc5oncc5C[C@]4(C)[C@H]3CC[C@@]21C,0.0
CC1C(O)C[C@]2(C)C(O)C[C@]3(C)C(=CCC4[C@]5(C)CCC(O)C(C)(C)C5CC[C@@]43C)C2C1C,0.0
CC(=O)N[C@H](C=O)[C@@H](O)[C@H](O)[C@H](O)CO,0.0
CC1=C(/C=C/C(C)=C/C=C/C(C)=C/C=C/C=C(C)/C=C/C=C(C)/C=C/C2=C(C)CC(O)CC2(C)C)C(C)(C)CC(O)C1,0.0
C[C@]12CC[C@H]3[C@@H](CC[C@@H]4C[C@H](O)CC[C@]34C)[C@@H]1CCC2=O,0.0
CCCN1C[C@H](CSC)C[C@@H]2c3cccc4[nH]cc(c34)C[C@H]21,0.0
COc1ccc2c3c1O[C@H]1C[C@@H](O)C=C[C@@]31CCN(C)C2,1.0
C=C(C)[C@@H]1CCC(C)=C[C@H]1c1c(O)cc(CCC)cc1O,0.0
C=CCN(C)[C@H](C)Cc1ccccc1,1.0
CC(NCC(O)COc1cccc2ccccc12)C(C)(C)C,1.0
CC1=C(C(C)CO)C[C@@]2(O)[C@]3(C)CC(=O)O[C@]4(C(O)C(C)CC[C@@]34O)[C@@]12O,0.0
Cc1cncc(CN2CCC(=C3c4ccc(Cl)cc4CCc4cccnc43)CC2)c1,1.0
CC/C=C\C#CC(O)c1ccc(/C=C\C(=O)OC)o1,0.0
COc1ccc2c3c1OC1C(=O)CCC4C(C2)N(C)CCC314,1.0
O=C(O)CCCCCCOc1c(Cl)cc(NC(=O)NC(=O)c2ccccc2Cl)cc1Cl,0.0
CN1CCc2cccc3c2[C@@H]1Cc1ccc(O)c(O)c1-3,0.0
C/C1=C/C(=O)O[C@@H]2C[C@@H](CC[C@H](C)/C=C\CC1)O[C@@](O)([C@@H]1CSC(=O)N1)C2,0.0
CC(C)=CCC/C(C)=C/Cc1c(CCC(=O)c2ccc(O)cc2O)ccc(O)c1O,0.0
COC(=O)CCCCCCCCO[C@@H]1O[C@H](CO)[C@H](O)[C@H](O)[C@H]1O,0.0
CCCCC/C=C\CCCO,0.0
CC(C)CCC[C@@](C)(O)C1CCC2C3CC=C4CC(O)CC[C@@]4(C)C3CC[C@]21C,0.0
OCC1OC(OC2C(CO)OC(OC3C(CO)OC(O)C(O)C3O)C(O)C2O)C(O)C(O)C1O,0.0
CC(C)C(N)C(=O)N1CCCC1C(=O)NCC(=O)N1CCCC1C(=O)NC(CCCN=C(N)N)C(=O)O,0.0
CC(C)CC(=O)OC(CC(=O)[O-])C[N+](C)(C)C,0.0
O=C(O)CC/C(=N\O)C(=O)O,0.0
CCCCCCCCOC(=O)CCC,0.0
CCCCCCCCCCCCC/C=C/C(O)C(COC1OC(CO)C(O)C(OS(=O)(=O)O)C1O)NC(=O)CCCCCCCCCCCCCCCCCCCCC,0.0
C[C@]12CC(=O)[C@H]3[C@@H](CCC4=CC(=O)CC[C@@]43C)[C@@H]1CC[C@]2(O)C(=O)CO,0.0
O=C(Nc1ccccc1C(=O)O)c1cccc(S(=O)(=O)N2CCc3ccccc3C2)c1,0.0
CCC(/C=C/C(C)C1CCC2C3=CCC4CC(O)CC[C@]4(C)C3CC[C@@]21C)C(C)C,0.0
NCCCCN(Cc1nc2ccccc2[nH]1)[C@H]1CCCc2cccnc21,0.0
NC(=O)CCCCC1SCC2NC(=O)NC21,0.0
COc1cc2c(CC/N=C(\C)O)c[nH]c2cc1OS(=O)(=O)O,0.0
C[C@@H](CCc1ccccc1)NC[C@H](O)c1ccc(O)c(C(N)=O)c1,1.0
C=C(C#N)C(=O)OCCCC,0.0
O=C(OC1OC2COC(=O)c3cc(O)c(O)c(O)c3-c3c(cc(O)c(O)c3O)C(=O)OC(C2O)C1O)c1cc(O)c(O)c(O)c1,0.0
O=C1CCC(Cc2ccc(O)c(O)c2)O1,0.0
Clc1ccc2c(c1)CCc1cccnc1C2=C1CCNCC1,0.0
NS(=O)(=O)c1ccc(-n2nc(C(F)(F)F)cc2-c2ccc(CO)cc2)cc1,0.0
NCCCCC(NC(=O)C(N)Cc1c[nH]c2ccccc12)C(=O)O,0.0
CCCC(CCC)C(=O)O,0.0
CCOC(=O)c1cncn1[C@H](C)c1ccccc1,0.0
CC(C)n1c(/C=C\[C@@H](O)C[C@@H](O)CC(=O)O)c(-c2ccc(F)cc2)c2ccccc21,1.0
COc1ccc2c(c1)[nH]c1c(C)nccc12,1.0
COC(O)=NCCCCCC(O)=N[C@@H]1O[C@H](CO)[C@H](O)[C@H](O)[C@H]1O,0.0
CC(C)C1CC2[C@@]3(O)C4O[C@@](O)(C[C@@]2(C)[C@]2(O)CC(OC5OC(CO)C(O)C(O)C5O)C(C)C42)[C@@]13C,0.0
CCN(CC)CCCN(c1ccccc1)C1Cc2ccccc2C1,1.0
CN(C)CCCN1c2ccccc2Sc2ccccc21,1.0
C[C@@H]1C(=O)O[C@H]2C[C@]34[C@@H]5OC(=O)[C@]3(O[C@@H]3OC(=O)[C@H](O)[C@@]34[C@H](C(C)(C)C)[C@H]5O)[C@]21O,0.0
COc1cc(Nc2ncc(F)c(Nc3ccc4c(n3)NC(=O)C(C)(C)O4)n2)cc(OC)c1OC,0.0
c1csc(C2(N3CCCCC3)CCCCC2)c1,0.0
CC(C)[C@](O)(c1ccc2cc(OC(F)F)c(OC(F)F)cc2c1)c1cnn[nH]1,0.0
CC(CCC(=O)O)C1CCC2C3C(O)CC4CCCC[C@]4(C)C3CC(O)[C@]12C,0.0
CCN1C(=O)CNc2ncc(-c3ccc(-c4nnc[nH]4)nc3C)nc21,0.0
COc1cc2c(cc1OC)C(=O)C(CC1CCNCC1)C2,0.0
CCCCC/C=C\C=C\C(O)CCCCCCCC(=O)O,0.0
O=P(O)(O)C(O)P(=O)(O)O,0.0
CN1C2CC[C@H]1CC(OC(=O)c1c[nH]c3ccccc13)C2,1.0
CC1=CC(c2c(O)ccc(C(=O)/C=C/c3ccc(O)cc3O)c2O)C(C(=O)c2ccc(O)c(/C=C/C(C)C)c2O)C(c2ccc(O)cc2O)C1,0.0
CC(=O)OC[C@]1(O)C[C@]23CCC4[C@@](C)(CCC[C@@]4(C)C=O)C2CCC1C3,0.0
CC(C)C(N)C(=O)NC(CCC(N)=O)C(=O)O,0.0
CN(CCc1cn(C2OC(CO)C(O)C(O)C2O)cn1)C(=O)/C=C/c1ccccc1,0.0
CCCCCCCCCCCCCCCCCCCCCC(=O)OC1CC[C@]2(C)C(=CCC3C2CC[C@@]2(C)C(C(C)CCC(CC)C(C)C)CCC32)C1,0.0
Cc1c(F)c(N2CCNC(C)C2)cc2c1c(=O)c(C(=O)O)cn2C1CC1,0.0
CC(=O)C[C@@H](c1ccc([N+](=O)[O-])cc1)c1c(O)c2ccccc2oc1=O,0.0
C=C[C@](C)(CC/C=C(\C)CC/C=C(/C)CC/C=C(\C)COC1OC(CO)C(O)C(O)C1O)OC1OC(CO)C(O)C(O)C1O,0.0
CC(C)NCC(O)COc1cccc2ccccc12,1.0
CCOP(=S)(OCC)SCCSCC,1.0
Nc1nc2ncc(COP(=O)(O)O)nc2c(=O)[nH]1,0.0
C[C@]12CCC(=O)C=C1CCC1C3CCC(C(=O)CO)[C@]34CC(OC4OC3OC(C(=O)O)C(O)C(O)C3O)C12,0.0
CC[C@H]1OC(=O)[C@H](C)[C@@H](O[C@H]2C[C@@](C)(OC)[C@@H](O)[C@H](C)O2)[C@H](C)[C@@H](O[C@@H]2O[C@H](C)C[C@H](N(C)C)[C@H]2O)[C@](C)(O)C[C@@H](C)CN(C)[C@H](C)[C@@H](O)[C@]1(C)O,0.0
Cc1ccc(C(=O)NC2CC2)cc1-c1ccc2nc(NCCN3CCOCC3)ncc2c1,0.0
CCCCCC(O)/C=C/C1C=CC(=O)C1CCCCCCC(=O)O,0.0
COC(=O)[C@H](c1ccccc1)[C@H]1CCCCN1,0.0
NC(=O)CCC(NC(=O)C(N)Cc1ccccc1)C(=O)O,0.0
O=c1c(OC2OC(CO)C(O)C2O)c(-c2ccc(O)c(O)c2)oc2cc(O)cc(O)c12,0.0
O=C(O)C(=O)C[C@H](O)[C@@H](O)CO,0.0
Nc1nc2c(c(=O)[nH]1)N=C(C(O)C(O)COP(=O)(O)O)CN2,0.0
CC(=O)Nc1nc(C)c(-c2ccc(Cl)c(S(=O)(=O)NCCO)c2)s1,0.0
CC/C=C/CC1C(CC(=O)O)CCC1OC1OC(CO)C(O)C(O)C1O,0.0
CC1(C)CC(=O)N(CCCCN2CCN(c3ncccn3)CC2)C(=O)C1,1.0
CC1OC(OC2CC[C@]3(C)C(CCC4C3CC[C@@]3(C)C(C5=CC(=O)OC5)CC[C@]43O)C2)CC(O)C1OC1OC(COC2OC(CO)C(O)C(O)C2O)C(O)C(O)C1O,0.0
Nc1cc2c3ccccc3ccc2c2ccccc12,1.0
CCCCCC/C=C\C=C\CCCCCCCC(=O)O,0.0
Cc1ncsc1CCCl,0.0
Nc1nc2c(c(=O)[nH]1)NC(CNc1ccc(C(=O)NC(CCC(=O)NC(CCC(=O)O)C(=O)O)C(=O)O)cc1)CN2,0.0
CCCCCCCCCCCCC(O)C1CCC(C(O)CCCC(O)C(O)CCCCCC2CC(CC(C)=O)C(=O)O2)O1,0.0
COc1c(N2CCN[C@@H](C)C2)c(F)cc2c(=O)c(C(=O)O)cn(C3CC3)c12,0.0
CC1=CC(=O)CC1,0.0
CC(Nc1cc(-c2[nH]c(S(C)=O)nc2-c2ccc(F)cc2)ccn1)c1ccccc1,1.0
COCC[C@H]1CC2CN3CCc4c([nH]c5ccccc45)[C@](C(=O)OC)(C2)C13,1.0
CCCCCCCCCC/C=C/CCCC(=O)O,0.0
O=P(O)(O)C[C@@H]1O[C@H](COP(=O)(O)O)[C@@H](O)[C@@H]1O,0.0
CC(=O)OCCC(C)CCC=C(C)C,0.0
COC1O[C@]23C=CC4[C@@]1(CC[C@@]1(C)C(C(C)C/C=C/C(C)(C)O)CC[C@]41C)C2CCC(OC1OC(CO)C(O)C(O)C1O)C3(C)C,0.0
N[C@@H](CCC(=O)O)C(=O)O,0.0
CCOC(=O)n1ccn(C)c1=S,0.0
COC(=O)/C=C/C(C)=C\C=C\C(C)=C\C=C\C=C(C)\C=C\C=C(/C)C=O,0.0
C[C@H](C(=O)c1ccc2c(c1)OCO2)N1CCCC1,1.0
CCCCCCCCCCCCC/C=C/C(O)C(COC1OC(CO)C(O)C(OS(=O)(=O)O)C1O)NC(=O)CCCCCCCCCCCCCCCCCCCCCCC,0.0
COC(F)(F)C(Cl)Cl,1.0
COc1ccc(-c2coc3cc(O)cc(O)c3c2=O)cc1,1.0
OCC1OC(n2cnc3c(O)nc(O)nc32)C(O)C1O,0.0
COC(=O)C1=C(C)NC(C)=C(C(=O)OCC(C)=O)[C@@H]1c1ccccc1[N+](=O)[O-],0.0
CS(=O)(=O)N1CCC([C@H]2c3ccc(Cl)cc3C(N3CCNCC3)=Cc3cccnc32)CC1,0.0
COc1ccc2c(C[n+]3ccccc3)cc(=O)oc2c1,1.0
CN(C)S(=O)(=O)c1ccc2c(c1)N(CCCN1CCC(CCO)CC1)c1ccccc1S2,1.0
OCCN1CCN(CCCN2c3ccccc3Sc3ccc(C(F)(F)F)cc32)CC1,1.0
CC(=O)NCCC(=O)NC(Cc1cnc[nH]1)C(=O)O,0.0
CCCCNC(=N)NO,0.0
CCCCCc1cc(O)c2c(c1)OC(C)(C)[C@@H]1CCC(C)=C[C@@H]21,0.0
CCOP(O)(=S)OCC,0.0
C#C[C@]1(O)CC[C@H]2[C@@H]3CCC4=C[C@@H](O)CC[C@@H]4[C@H]3CC[C@@]21C,0.0
CCCc1ccccn1,0.0
O=c1[nH]cc(C2OC(CO)C(O)C2O)c(=O)[nH]1,0.0
CCn1cc(C(=O)O)c(=O)c2ccc(C)nc21,0.0
C=C(C#N)C(=O)OCCC(C)C,0.0
C[C@@H](O)C[C@@H](c1ccccc1)c1c(O)c2ccccc2oc1=O,0.0
O=C(O)C[C@@H]1CC[C@@H](C(=O)O)N1,0.0
Cc1c(F)c(N2CCN[C@H](C)C2)cc2c1c(=O)c(C(=O)O)cn2C1CC1,0.0
CCNC(C)Cc1ccccc1,1.0
Clc1ccc(CCCOCCCN2CCCCC2)cc1,1.0
CN(C)CCOc1ccc(/C(=C(\CCCl)c2ccccc2)c2ccccc2)cc1,0.0
C=C1C(=O)OC2C[C@]3(C)CC(=O)CC(C)C3=CC12,0.0
C1SSCSSS1,0.0
C[C@@H]1O[C@H]2CC(=O)O[C@@H]2C2=C1C(=O)c1c(O)cccc1C2=O,0.0
COc1cc2c(cc1OC)C(=O)[C@H](CC1CCN(Cc3ccccc3)CC1)C2,1.0
CC(=O)OC1C(C)=CC[C@@]2(C1OC(C)=O)C1C(C)COC(=O)C1O[C@]2(C)O,0.0
CC[C@H]1OC(=O)[C@H](C)[C@@H](O[C@H]2C[C@@](C)(OC)[C@@H](O)[C@H](C)O2)[C@H](C)[C@@H](O[C@@H]2O[C@H](C)C[C@H](N(C)C)[C@H]2O)[C@](C)(OC)C[C@@H](C)C(=O)[C@H](C)[C@@H](O)[C@]1(C)O,0.0
C[C@]12CC[C@@H]3c4ccc(O)cc4CC[C@H]3[C@@H]1CCC2=O,0.0
Cc1cc(Nc2cc(N3CCN(C)CC3)nc(Sc3ccc(NC(=O)C4CC4)cc3)n2)n[nH]1,1.0
C[C@@]12CCC3c4ccc(O)cc4CCC3C1CC(O)C2OC1OC(C(=O)O)C(O)C(O)C1O,0.0
Cc1c(CC(=O)O)c2cccnc2n1Cc1ccc(S(C)(=O)=O)cc1,0.0
ClC=C(Cl)Cl,0.0
CN[C@@H]1[C@@H](O)[C@@H](O[C@@H]2[C@@H](O)[C@H](O[C@H]3OC(CN)=CC[C@H]3N)[C@@H](N)C[C@H]2N)OC[C@]1(C)O,0.0
CC1CCC(C(=O)N(c2cc(C#CC(C)(C)C)sc2C(=O)O)C2CCC(O)CC2)CC1,0.0
CC(C)CC(N)C(=O)NCC(=O)O,0.0
CCOc1ccccc1O[C@H](c1ccccc1)[C@H]1CNCCO1,0.0
CC(C)C[C@@H](N)C(=O)N1CCC[C@H]1C(=O)NCc1ccc(C(=N)N)cc1,0.0
C[C@H](N/C(=N\C#N)Nc1ccncc1)C(C)(C)C,1.0
CC(=O)Nc1c(N)[nH]c(=O)n(C)c1=O,0.0
C=C(C)C1CCC(C)[C@]23CCC(C)[C@@]2(C1)O3,0.0
CCCOCCOC(=O)C1=C(C)NC(C)=C(C(=O)OCCOCCC)C1c1cccc([N+](=O)[O-])c1,0.0
CN1[C@H]2CC[C@@H]1CC(NC(=O)c1cc(Cl)cc3c1OC(C)(C)C3)C2,0.0
CN(C)c1nc2c(Br)c(Br)c(Br)c(Br)c2[nH]1,0.0
C=C(c1ccc(C(=O)O)cc1)c1cc2c(cc1C)C(C)(C)CCC2(C)C,0.0
CC(=O)NC1C(OC2C(O)C(CO)OC(OC3C(CO)OC(O)C(O)C3O)C2O)OC(CO)C(O)C1OC1OC(CO)C(O)C(O)C1O,0.0
COC[C@@](C)(O)C1Cc2c(cc(O)c3c(=O)c4ccccc4n(C)c23)O1,0.0
CCc1nn(CCCN2CCN(c3cccc(Cl)c3)CC2)c(=O)n1CC,1.0
CCCCC(C)CCC(=O)O,0.0
OC(CO/N=C(\Cl)c1cccnc1)CN1CCCCC1,0.0
O=C(/C=C\c1ccc(O)c(O)c1)OC1CC(C(=O)O)=CC(O)C1O,0.0
CN1CCN2c3ncccc3Cc3ccccc3[C@@H]2C1,1.0
CC(C)c1cc(Oc2c(Br)cc(NC(=O)CC(=O)O)cc2Br)ccc1O,0.0
C=C[C@]1(C)CCC2C(=CC3OC(=O)[C@]4(C)CC(O)C[C@]2(C)C34)C1,0.0
CC(CCC(=O)O)C1CCC2C3C=CC4=CC(=O)CC[C@]4(C)C3CC(O)[C@]12C,0.0
CCc1ccc(CCOc2ccc(C[C@@H]3SC(=O)NC3=O)cc2)nc1,0.0
CCCCCCCCCCCCC/C=C/C(O)C(CO)NC(=O)CCCCCCCCCCCCCCCCCCC,0.0
CCC(=O)OCC1CCCO1,0.0
Cc1cc(-n2ncc(=O)[nH]c2=O)cc(C)c1Oc1ccc(O)c(C(C)C)c1,0.0
Nc1ncnc2c1ncn2[C@H]1C[C@H](O)[C@@H](COP(=O)(O)OP(=O)(O)OP(=O)(O)O)O1,0.0
C=C[C@@]1(C)CCC(=O)O1,0.0
CCCCCc1cc(O)c2c(c1)OC(C)(C)[C@@H]1CC=C(C=O)C[C@@H]21,1.0
CC(C)CC(N)C(=O)NC(CCC(=O)O)C(=O)O,0.0
CC(=O)SC(C)(C)C1CCC(C)CC1=O,0.0
CCC1=C(O)C(=O)CC1,0.0
CO[C@@H]1O[C@@H]2O[C@@]3(C)CC[C@H]4[C@H](C)CC[C@@H]([C@H]1C)[C@]42OO3,1.0
CO[C@H]1O[C@@H]2O[C@@]3(C)CC[C@H]4[C@H](C)CC[C@@H]([C@H]1C)[C@]42OO3,1.0
C#CCN(C)[C@H](C)Cc1ccccc1,1.0
CCC[C@@]1(CCc2ccccc2)CC(O)=C([C@H](CC)c2cccc(NS(=O)(=O)c3ccc(C(F)(F)F)cn3)c2)C(=O)O1,1.0
CC(CC(=O)O)C[C@]1(O)CC2CCC1CN2C,0.0
CCCCC/N=C(\N)N/N=C\c1c[nH]c2ccc(CO)cc12,1.0
C=C(C)C1CC[C@]2(C)CCC[C@](C)(O)C2C1,0.0
O=C(/C=C/c1ccc(O)c(O)c1)O[C@@H]1C[C@](O)(C(=O)O)C[C@@H](O)[C@H]1O,0.0
O=C1/C(=C2\Nc3ccc(S(=O)(=O)O)cc3C2=O)Nc2ccc(S(=O)(=O)O)cc21,0.0
C[C@]1(O)C(O)=NC(=O)N(C2CC(O)C(CO)O2)C1O,0.0
CN1C(=O)CN=C(c2ccccc2)c2cc(Cl)ccc21,0.0
CN1C(=O)CN=C(c2ccccc2F)c2cc([N+](=O)[O-])ccc21,1.0
C[C@H](NCCn1cnc2c1c(=O)n(C)c(=O)n2C)[C@H](O)c1ccccc1,0.0
CSCCC(N)C(=O)NC(CC(=O)O)C(=O)O,0.0
CN(C)C(=O)Nc1ccc(Cl)c(Cl)c1,1.0
C=C[C@@](C)(CC/C=C(\C)CC/C=C(\C)C(O)C/C=C(/C)COC1OC(CO)C(O)C(O)C1O)OC1OC(CO)C(O)C(O)C1O,0.0
C=C1CCC(C(C)C)C2C=C(C)CCC12,0.0
O=C(O)CC1CCC(O)CC1,0.0
COC(=O)C1=C(C)NC(C)=C(C(=O)OC(C)C)[C@H]1c1cccc2nonc12,0.0
O=C(O)CNCC(=O)O,0.0
O=P(O)(O)OCC(O)C(O)C(O)C(O)CO,0.0
CCC(N)C(=O)O,1.0
O=C(O)CN1C(=O)c2cccc3cccc(c23)C1=O,0.0
O=C(O)CCC1=C(CC(=O)O)c2cc3[nH]c(cc4nc(cc5[nH]c(cc1n2)c(CC(=O)O)c5CCC(=O)O)C(CCC(=O)OO)=C4CC(=O)O)c(CC(=O)O)c3CCC(=O)O,0.0
N#Cc1ccccc1OCC(O)CNCCN=C(O)Cc1ccc(O)cc1,1.0
NC(CS)C(=O)NC(CO)C(=O)O,0.0
CN1CCC[C@@H]1Cc1c[nH]c2ccc(CCS(=O)(=O)c3ccccc3)cc12,1.0
Oc1ccc(OC(F)(F)F)cc1CN[C@@H]1CCCN[C@H]1c1ccccc1,1.0
CC(C)(C)CC(C)(C)c1ccc(OCCOCC[N+](C)(C)Cc2ccccc2)cc1,1.0
C=C[C@]1(CO)CCC(C(C)(C)OC2OC(CO)C(O)C(O)C2O)O1,0.0
CC1=C(/C=C/C(C)=C/C=C/C(C)=C/C=C/C=C(C)/C=C/C=C(C)/C=C/C=C(\C)CCC2OC2(C)C)C(C)(C)CCC1,0.0
CCN1CCC[C@H]1CN=C(O)c1c(OC)ccc(Br)c1OC,1.0
C/C=C1\C(O)OC=C(C(=O)OC)C1CC(=O)OCCc1ccc(O)c(O)c1,0.0
c1ccccc1,0.0
C[C@@H]([C@@H](O)c1ccc(O)cc1)N1CCC(O)(c2ccccc2)CC1,1.0
CC1CCC2C[C@@]3(OC2(C)C)C(C)CCC13,0.0
CNCC[C@H](Oc1ccc(C(F)(F)F)cc1)c1ccccc1,1.0
CC(C)[C@H](N)C(=O)O,0.0
CCCCC(C)C(=O)O,0.0
COP(O)(=S)OC,0.0
CN1[C@H]2C[C@H](OC(=O)[C@H](CO)c3ccccc3)C[C@@H]1[C@@H](O)C2,1.0
Cc1ccnc(NS(=O)(=O)c2ccc(N)cc2)n1,0.0
N[C@@H](CSCc1ccc(Br)cc1)C(=O)O,0.0
C/C=C(/C)C(=O)OC1C2=C(C)C(=O)O[C@]2(OC)CC2CCC(OC(=O)/C=C/SC)C(C)[C@]21C,0.0
CN1CCCC(n2nc(Cc3ccc(Cl)cc3)c3ccccc3c2=O)CC1,1.0
Fc1ccc(C2CCNCC2COc2ccc3c(c2)OCO3)cc1,1.0
Cc1cc2c(s1)Nc1ccccc1N=C2N1CCNCC1,1.0
COc1ccc(C(c2ccc(O)c(O)c2)C(Cl)(Cl)Cl)cc1,1.0
CNC(C)Cc1ccccc1,1.0
CC(=O)NC1C(N=C(N)N)C=C(C(=O)O)OC1C(O)C(O)CO,0.0
C1CCC(C(CC2CCCCN2)C2CCCCC2)CC1,1.0
CN(C)S(=O)(=O)CCNC(=O)N(CCCl)N=O,1.0
CC(C)OC(=O)C(C(=O)OC(C)C)=C1SCCS1,0.0
CC(C)NC[C@H](O)COc1ccc(COCCOC(C)C)cc1,1.0
CCCCCCCCCOC(C)=O,0.0
CC(=O)NCCCC=O,0.0
N[C@@H](CSCC(=O)Nc1cc2cccnc2c2ncccc12)C(=O)O,0.0
CC(=O)OC1CC[C@@]2(C)C(CC[C@]3(C)C2C(=O)C=C2C4C(C)C(C)CC[C@]4(C)CC[C@]23C)[C@@]1(C)C(=O)O,0.0
CCN[C@H](C)Cc1ccc2c(c1)OCO2,1.0
C1CCN2C[C@H]3C[C@H](CN4CCCC[C@H]34)[C@@H]2C1,1.0
CCCCc1ncc(/C=C(\Cc2cccs2)C(=O)O)n1Cc1ccc(C(=O)O)cc1,0.0
CCCCCCCCCCCCCCC(=O)CC(O)CCCCC,0.0
CCCCCC/C=C/C=C\CCCCCCCC(=O)O,0.0
CCCCCC(=O)/C=C/C=C\C=C\C=C\C(O)C(O)CCCC(=O)O,0.0
CN1C(=O)CC(=O)N(c2ccccc2)c2cc(Cl)ccc21,1.0
CCn1nnc(C2=CCCN(C)C2)n1,1.0
O=C1c2c(O)ccc(O)c2C(=O)c2c(NCCNCCO)ccc(NCCNCCO)c21,0.0
CCc1nc(C)cs1,0.0
CSCCC(N)C(=O)NC(CCC(N)=O)C(=O)O,0.0
CCCN1CCCC[C@H]1C(=O)Nc1c(C)cccc1C,1.0
Cc1cnc(NC(=O)C2=C(O)c3ccccc3S(=O)(=O)N2C)s1,0.0
COCCCCC(=NOCCN)c1ccc(C(F)(F)F)cc1,1.0
C/C1=C/C(C)C/C=C\C2C3O[C@]3(C)C(C)C3C(C(C)c4c[nH]c5ccccc45)NC(=O)[C@]23C(=O)CCC(=O)C1=O,0.0
CC(C)/N=C(N)/N=C(\N)NOCCCOc1ccc(OC(F)(F)F)cc1Cl,1.0
COC(=O)c1cc(OC)c(O)c(OC)c1,0.0
NC(N)=Nc1nc(CSCC/N=C/NS(=O)(=O)c2ccc(Br)cc2)cs1,0.0
C[C@H]1C[C@H]2[C@@H]3CCC4=CC(=O)C=C[C@]4(C)[C@@]3(F)[C@@H](O)C[C@]2(C)[C@@]1(O)C(=O)CO,0.0
CN=C(O)c1ccccc1Sc1ccc2c(/C=C/c3ccccn3)[nH]nc2c1,0.0
CC1=C(C(=O)OCCN(Cc2ccccc2)c2ccccc2)[C@H](c2cccc([N+](=O)[O-])c2)C(P2(=O)OCC(C)(C)CO2)=C(C)N1,0.0
C[C@H]1CN=C(N)c2sccc2O1,0.0
O=C(O)[C@H]1CCCO1,0.0
Oc1nc2cc(Cl)ccc2o1,1.0
CC(CCc1ccccc1)NCC(O)c1ccc(O)c(C(N)=O)c1,1.0
Cc1cc(C(C)(C)C)cc(C)c1CC1=NCCN1,0.0
O=S(=O)(O)O[C@@H]1[C@@H](OS(=O)(=O)O)[C@@H](O)O[C@H](CO)[C@H]1O,0.0
CC1=C(C)C(=O)C([C@@H](CCCCCC(=O)O)c2ccccc2)=C(C)C1=O,0.0
NC(=O)c1ccc2c(c1O)[C@]13CCN(CC4CC4)[C@H](C2)[C@]1(O)CCC(=O)C3,0.0
CN(C)[C@@H]1C(O)=C(C(N)=O)C(=O)[C@@]2(O)C(O)=C3C(=O)c4c(O)cccc4[C@@](C)(O)[C@H]3C[C@@H]12,0.0
COc1ccc2c3c1O[C@H]1C(=O)CC[C@H]4[C@@H](C2)N(C)CC[C@]314,1.0
O=C1CCCCC1=O,0.0
CC(C)N(CC[C@@](C(N)=O)(c1ccccc1)c1ccccn1)C(C)C,0.0
CC(C)(/C=C/C[C@@](C)(OC1OC(CO)C(O)C(O)C1O)C1CC[C@@]2(C)C1C(O)CC1[C@]3(C)CCC(O)C(C)(C)C3C(O)C[C@@]12C)OO,0.0
O=c1c(-c2ccc(O)cc2)coc2cc(O)ccc12,0.0
COC1CC[C@@]2(C)C(CC[C@]3(C)C2CCC2C4=CC(C)(C)CC[C@]4(C)CC[C@]23C)C1(C)C,0.0
CNCCC[C@@]1(c2ccc(F)cc2)OCc2cc(C#N)ccc21,1.0
N[C@@H](Cc1ccccc1)B(O)O,0.0
Nc1nc(Cl)nc2c1ncn2[C@@H]1O[C@H](CO)[C@@H](O)[C@@H]1F,0.0
CC1=C(/C=C/C(C)=C/C=C/C(C)=C/C=O)C(C)(C)CCC1,1.0
COC(=O)C1=C(C)NC(C)=C(C(=O)OC/C=C/c2ccccc2)[C@H]1c1cccc([N+](=O)[O-])c1,1.0
C[C@]12CCC3c4cc(O)c(O)cc4CCC3C1CCC2O,0.0
Cc1ccnc2c1CCCC2,0.0
CC(C)(C)Nc1nc(C(F)(F)F)nc2ccc(-c3cccc(N)c3)cc12,0.0
CC(C)(C)c1cc(C[C@H]2SCNC2=O)cc(C(C)(C)C)c1O,0.0
CC(CO)CCCC(C)C1CCC2C3C(O)CC4CC(O)CC[C@]4(C)C3CC(O)[C@]12C,0.0
Cc1cc(C)cc(OCC2CN=C(O)O2)c1,1.0
NC(CC[S@@](=O)CC(N)C(=O)O)C(=O)O,0.0
CNc1cccc(-c2ccnc3c(C(=O)c4cccs4)cnn23)c1,1.0
CC(=O)c1cc2ccccc2s1,1.0
FC(F)CC(F)(F)F,0.0
O=C(O)/C=C\C(=O)O,0.0
N=C(N)c1ccc2cc(C(=O)Nc3cccc(OC4CCCC4)c3)ccc2c1,0.0
CCN=C(O)CC[C@H](N)C(=O)O,0.0
Cc1cccc(C)c1NC(=O)CN1CCCC1=O,0.0
O=C1OCC(O)C(O)C1O,0.0
CC(C)(C)c1ccc([C@@H](O)CCCN2CCC(C(O)(c3ccccc3)c3ccccc3)CC2)cc1,1.0
CO[C@]12C[C@@H](COC(=O)c3cncc(Br)c3)CN(C)[C@@H]1Cc1cn(C)c3cccc2c13,1.0
COc1ccc(C2C(=O)c3ccccc3C2=O)cc1,0.0
CCc1ccccc1,0.0
CC(C)NC[C@@H]1CCc2cc(CO)c([N+](=O)[O-])cc2N1,0.0
CCCCCCCN(CC)CCC[C@@H](O)c1ccc(NS(C)(=O)=O)cc1,0.0
CCN(C/C=C\c1ccc(C2CCCCC2)c(Cl)c1)C1CCCCC1,0.0
O=C(O)[C@@H](O)[C@@H](O)c1ccc(F)cc1,0.0
CCC(CC)n1ccc2c3c(N)nc(N)nc3ccc21,0.0
CC(C)C(C)CCC(C)C1CC[C@@]2(C)C3CCC4C(C)C(=O)CC[C@@]45C[C@@]35CC[C@]12C,0.0
CCCCC(=O)NC1(C(=O)NCc2ccc(-c3ccccc3-c3nn[nH]n3)cc2)CCCC1,0.0
CCCCCCC(C)CC(C)(C)C,0.0
N=C(N)NCCCC(NC(=O)C(N)CO)C(=O)O,0.0
NC(=O)N1c2ccccc2C=Cc2ccccc21,1.0
C=C1/C(=C\C=C2/CCC[C@@]3(C)C2CCC3C(C)/C=C/C(C)C(C)(C)O)CC(O)CC1O,0.0
CCCCCCCCC1CC(C(=O)O)C(=O)O1,0.0
COc1ccc(C(=O)[C@H](C)N2CCCC2)cc1,1.0
C=CC(=C)C,1.0
CC(C)=C(C)CCC(C)C1CC[C@@]2(C)C3CCC4C(C)(C)C(O)CC[C@]45C[C@]35CC[C@]12C,0.0
CC(C)=CCCC(C)CCO,0.0
COc1ccc2c(C(=O)c3cc(OC)c(OC)c(OC)c3)c[nH]c2c1,1.0
c1cn(-c2ccc(O[C@H]3CCCN(Cc4ccc5c(c4)OCO5)C3)cc2)cn1,0.0
Oc1cc(O)c2c(c1)O[C@H](c1ccc(O)c(O)c1)[C@H](O)C2,0.0
CCCC(C)(C)CC,0.0
N[C@@H](CCSC[C@H]1O[C@@H](O)[C@H](O)[C@@H]1O)C(=O)O,0.0
COc1ccc(CC(C)NCC(O)c2ccc(O)c(N=CO)c2)cc1,1.0
CC(C)=CCC[C@]1(C)C(CC=C(C)C)C[C@@]23CC(C(C)(C)OO)OC2=C(CC=C(C)C)C(=O)[C@]1(C(=O)C(C)C)C3=O,0.0
CC1(C)S[C@H]([C@@H](C=O)N=C(O)[C@H](N)c2ccc(O)cc2)N[C@H]1C(=O)O,0.0
Oc1c(Br)cc(Br)cc1Br,0.0
Oc1cc(Cl)ccc1Oc1ccc(Cl)cc1,0.0
CCC1(c2ccccc2)C(=O)NC(=O)NC1=O,0.0
CC(C)C[C@H](N(C)C)C1(c2ccc(Cl)cc2)CCC1,0.0
C[C@@H]1CO[C@]2(c3ccccc3Cl)c3cc(Cl)ccc3NC(=O)CN12,0.0
CNCC(O)c1ccc(OC(=O)C(C)(C)C)c(OC(=O)C(C)(C)C)c1,0.0
CC[C@H](C)C(=O)O[C@H]1CCC=C2C=C[C@H](C)[C@H](CC[C@@H]3C[C@@H](O)CC(=O)O3)[C@H]21,0.0
CCCCCCCCCC(O)CC(=O)O,0.0
CC(C)c1nc(COC(N)=O)n(Cc2ccncc2)c1Sc1cc(Cl)cc(Cl)c1,0.0
CC1=NCCc2cc(O)c(O)cc21,0.0
CNCC[C@H](Oc1cccc2ccccc12)c1cccs1,1.0
[N:1]1([C@@H:5]([c:9]2[cH:12][cH:16][cH:21][cH:18][cH:14]2)[c:10]2[cH:13][cH:17][cH:22][cH:19][cH:15]2)[CH2:3][CH2:6][N:2]([CH2:8]/[CH:11]=[CH:20]/[c:23]2[cH:24][cH:26][cH:28][cH:27][cH:25]2)[CH2:7][CH2:4]1,0.0
CC(=O)CC(c1ccccc1)c1c(O)oc2cc(O)ccc2c1=O,0.0
CC(C)(C)NC(=O)[C@@H]1C[C@@H]2CCCC[C@@H]2CN1C[C@@H](O)[C@H](Cc1ccccc1)NC(=O)[C@H](CC(N)=O)NC(=O)c1ccc2ccccc2n1,1.0
Nc1nc(NC2CC2)c2ncn([C@H]3C=C[C@@H](CO)C3)c2n1,0.0
COC(O)=N[C@@H](C)CNc1nccc(-c2cn(C(C)C)nc2-c2cc(Cl)cc(NS(C)(=O)=O)c2F)n1,1.0
CC(C)C(NC(=O)C(N)CCC(N)=O)C(=O)O,0.0
CCC(=O)C1CC(C)[C@@]2(CC(=O)[C@]3(C)C4=C(CC[C@@]32C)[C@@]2(C)CCC(O)[C@](C)(CO)C2CC4)O1,0.0
C=C(C)C1CC=C(C)C(O)C1,0.0
C/C(=C\COc1c2ccoc2cc2oc(=O)ccc12)CCC(C)(C)C=O,0.0
Fc1cccc2c1O[C@H]1CNC[C@@H]1O2,0.0
C[C@@]12CCCCC[C@@H](Cc3ccc(O)cc31)[C@@H]2N,0.0
C#C[C@]1(O)CC[C@H]2[C@@H]3CCc4cc(OC)ccc4[C@H]3CC[C@@]21C,0.0
NCCCCC(NC(=O)C(N)CCC(=O)O)C(=O)O,0.0
CC(C)NCC(O)COc1cccc2[nH]ccc12,1.0
Cc1c(CCC(=O)O)c2cc3nc(cc4[nH]c(cc5nc(cc1[nH]2)C(CCC(=O)O)=C5CC(=O)O)c(CCC(=O)O)c4C)C(CC(=O)O)=C3CCC(=O)O,0.0
C=CCOC(=O)C1=CS[C@@H]([C@H](C=O)[C@@H](C)OC(C)=O)N1,0.0
C[C@@]12CCC3c4ccc(OS(=O)(=O)O)c(O)c4CCC3C1CCC2=O,0.0
Nc1ccc(S(=O)(=O)Nc2ccnn2-c2ccccc2)cc1,0.0
CN(C)CC(c1ccc(O)cc1)C1(O)CCCCC1,1.0
O=c1cc(-c2ccc(O)c(O)c2)oc2cc(O)c(C3OC(CO)C(O)C(O)C3OC3OC(CO)C(O)C(O)C3O)c(O)c12,0.0
NCC(O)c1ccc(O)cc1,1.0
CN(C)CCC(c1ccc(Br)cc1)c1ccccn1,1.0
CN(C)C(=O)OC1N=C(c2ccccc2)c2cc(Cl)ccc2N(C)C1=O,0.0
CCCCN=C=S,0.0
C=C[C@@H]1C[C@]1(N=C(O)[C@@H]1C[C@@H](Oc2ncc(OC)c3ccc(Cl)cc23)CN1C(=O)[C@@H](N=C(O)OC(C)(C)C)C(C)(C)C)C(O)=NS(=O)(=O)C1CC1,1.0
Cc1ccc(-c2nc3ccc(C)cn3c2CC(=O)N(C)C)cc1,1.0
CCCN1CCC[C@@H]2Cc3nc(N)ncc3C[C@H]21,0.0
C=C1C(O)[C@]23C[C@@]1(O)CCC2[C@]12CC(O)C(O)[C@](C)(C(=O)O1)C2C3C(=O)O,0.0
C[C@]12CC[C@H]3[C@@H](CCC4=CC(=O)CC[C@@]43C)[C@@H]1CC[C@@H]2O,1.0
CC(C)CN(C[C@@H](O)[C@H](Cc1ccccc1)NC(=O)O[C@H]1CCOC1)S(=O)(=O)c1ccc(N)cc1,1.0
COc1ccc(C(=O)Nc2ccccc2CC[C@H]2CCCCN2C)cc1,1.0
Nc1c(Br)cc(Br)cc1CNC1CCC(O)CC1,0.0
CC(C)n1c(/C=C/[C@H](O)C[C@H](O)CC(=O)O)c(-c2ccc(F)cc2)c2ccccc21,1.0
CC[C@@H](N)C(=O)O,0.0
C=C1CS[C@H]([C@@H](C=O)N=C(O)/C(=N\OC(C)(C)C(=O)O)c2csc(=N)[nH]2)N=C1C(=O)O,0.0
CC(C(=O)O)c1ccccc1,0.0
OC1=NCCN1CCN1CCC(c2cn(-c3ccc(F)cc3)c3ccc(Cl)cc23)CC1,1.0
CO[C@]12C[C@@H](CO)CN(C)[C@@H]1Cc1cn(C)c3cccc2c13,1.0
CCC1C2CCN3CC[C@]4(c5cccc(OC)c5N(C(C)=O)C4C2)C13,0.0
CN1[C@H]2CC[C@@H]1CC(OC(c1ccccc1)c1ccccc1)C2,1.0
NCCCCCC(O)(P(=O)(O)O)P(=O)(O)O,0.0
CCCCc1nc(Cl)c(CO)n1Cc1ccc(-c2ccccc2-c2nnn[nH]2)cc1,0.0
CCCCCCCCCCCCC/C=C/C(O)C(N)COC1OC(CO)C(O)C(O)C1O,0.0
C=C(CCC=C(C)C)C1CC=C(C)CC1,0.0
NC(=O)CC(NC(=O)C(N)Cc1ccc(O)cc1)C(=O)O,0.0
N=C(N)N/N=C\c1c(Cl)cccc1Cl,0.0
Cc1cc2c3ccccc3ccc2c2ccccc12,1.0
O=C1C=C2CN(Cc3ccccc3Cl)CCC2S1,1.0
CCc1cccc2cc(C(O)CNC(C)(C)C)oc12,1.0
N=C(N)c1ccc(CNC(=O)[C@@H]2CCCN2C(=O)CCC2CCCCC2)cc1,0.0
COc1ccc(C[C@@H](C)N)cc1,1.0
C=C[C@]1(C)CCC(OC2OC(COC3OC[C@@](O)(CO)C3O)C(O)C(O)C2O)C(C)(C)O1,0.0
C[C@@H](c1cc2ccccc2s1)N(O)C(N)=O,0.0
OC[C@H]1O[C@@H](S)[C@H](O)[C@@H](O)[C@@H]1O,0.0
CC[C@@H]1CN2CCc3cc(OC)c(OC)cc3[C@@H]2C[C@@H]1C[C@H]1NCCc2cc(OC)c(OC)cc21,1.0
CC(O)=N[C@H]([C@@H](O)CC(=O)C(=O)O)[C@@H](O)[C@H](O)[C@H](O)CO,0.0
C=CC[S@](=O)C/C=C/S,0.0
CCCN(CCC)S(=O)(=O)c1ccc(C(=O)O)cc1,0.0
COc1cc(NCc2ccc3nc(N)nc(N)c3c2C)cc(OC)c1OC,0.0
COc1ccc2c(c1)c(CC(=O)O)c(C)n2C(=O)c1ccc(Cl)cc1,0.0
O=C(O)Cn1nnc(-c2cc(N3CCC(Oc4cc(F)ccc4Br)CC3)no2)n1,0.0
CCCCC/C=C\CC1OC1C(O)/C=C\C/C=C\CCCC(=O)O,0.0
c1ccc2c(c1)Sc1ccccc1N2CC1CN2CCC1CC2,1.0
COc1ccc2[nH]cc(CCN)c2c1,1.0
CC(C)=C1C[C@@]2(C)C(C)CCCC2CC1=O,0.0
C#C[C@]1(O)CC[C@H]2[C@@H]3CCC4=CCCC[C@@H]4[C@H]3C(=C)C[C@@]21CC,0.0
CCCCNC(C)Cc1ccccc1,1.0
C[C@H]1CCN(C(=O)[C@H](CCCN=C(N)N)NS(=O)(=O)c2ccc3c(c2)C[C@@H](C)CN3)[C@@H](C(=O)O)C1,0.0
CCN(CC)CC(=O)Oc1ccc(N=C(C)O)cc1,1.0
CCCCCCCCCCCCC(O)C1CCC(C(O)CC(O)CCCCCC(O)CCC(O)CC2=CC(C)OC2=O)O1,0.0
N#CC(C(=N)O)[C@@H](S)Nc1cc(C(F)(F)F)cc(C(F)(F)F)c1,0.0
COc1cc2c(c(OC)c1OC)-c1ccc(OC)c(=O)cc1[C@@H](NC(C)=O)CC2,0.0
CC(C)NC[C@H](O)COc1cccc2ccccc12,1.0
COC(=O)[C@@H]1CC2=CC(=O)CC[C@]2(C)[C@@]23O[C@@H]2C[C@@]2(C)[C@@H](CC[C@@]24CCC(=O)O4)[C@H]13,0.0
CC(O)=Nc1ccc(OCC(O)CNC(C)C)cc1,1.0
C[C@]12CC[C@H]3[C@@H](CCC4=CC(=O)CC[C@@]43C)[C@@H]1CC[C@@H]2OC(=O)CCC1CCCC1,0.0
C[C@@H]1C[C@H]2[C@@H]3CCC4=CC(=O)C=C[C@]4(C)[C@@]3(F)[C@@H](O)C[C@]2(C)[C@@]1(O)C(=O)CO,0.0
CC(CCC(=O)O)C1CCC2C3C(O)CC4CC(=O)CC[C@]4(C)C3CC[C@]12C,0.0
COc1ccc(C(C)C)cc1CN[C@H]1C2CCN(CC2)[C@H]1C(c1ccccc1)c1ccccc1,1.0
C[C@@H](O)Cn1cnc2c(N)ncnc21,0.0
Cc1c[nH]c2ccccc12,1.0
C=C(C)C1CC(=O)C(C)=C(O)C1,0.0
C[C@]12CCC3C(C(O)C=C4CC(O)CC[C@@]43C)C1CCC2=O,0.0
COc1ccc2c3c1O[C@H]1C(OC(C)=O)=CC[C@H]4[C@@H](C2)N(C)CC[C@]314,1.0
C[C@@H](C(=O)O)c1ccc(-c2ccccc2)c(F)c1,0.0
CCCCCCCCCCCCCCCC(=O)OC[C@H](O)[C@@H](O)/C(O)=C(/O)C(=O)O,0.0
Cc1[nH]c(CC2=c3cc(S(=O)(=O)N(C)c4cccc(Cl)c4)ccc3=NC2=O)c(C)c1C,0.0
O=[S@H](Cc1ccccn1)c1nc2ccccc2[nH]1,0.0
O=C(NCCN1CCOCC1)c1ccc(Cl)cc1,1.0
CCN(C)N=O,1.0
C[C@]12CCC3c4cc(O)c(O)cc4CCC3C1CCC2=O,0.0
CC(NCC(O)COc1cccc2ccccc12)C(F)F,1.0
Cc1c(C)c2c(c(C)c1OC(=O)CCC(=O)OCCO)CC[C@@](C)(CCCC(C)CCCC(C)CCCC(C)C)O2,0.0
C(=C/c1ccccc1)\c1ccccc1,1.0
OCc1ccccc1,1.0
C=CC(O)CCCCCCCC(=O)O,0.0
CC(CCC(=O)O)C1CCC2C3C(O)CC4CC(O)CC[C@]4(C)C3CC[C@]12C,0.0
CC(C)=CCCN(C)CCOP(=O)(O)OP(=O)(O)O,0.0
C=CCC(CCC)C(=O)O,0.0
C[C@H](C(=O)O)c1cccc(C(=O)c2cccs2)c1,0.0
Cc1nc2n(c(=O)c1CCN1CCC(c3noc4cc(F)ccc34)CC1)CCCC2O,1.0
CC(O)CO,0.0
CN[C@@H](C)Cc1ccccc1,1.0
NOCCC(N)C(=O)O,0.0
Oc1ncnc2nc[nH]c12,0.0
CCN[C@H](C)Cc1cccc(C(F)(F)F)c1,1.0
CC1=C(/C=C/C(C)=C\C=C\C(C)=C\C=C/C=C(C)/C=C/C=O)C(C)(C)CCC1,0.0
Cc1cc(F)ccc1[C@H]1CNCCN1C(=O)N(C)[C@H](C)c1cc(C(F)(F)F)cc(C(F)(F)F)c1,0.0
CC[C@H]1OC(=O)[C@H](C)[C@@H](O[C@H]2C[C@@](C)(OC)[C@@H](O)[C@H](C)O2)[C@H](C)[C@@H](O[C@@H]2O[C@H](C)C[C@H](N(C)C)[C@H]2O)[C@](C)(O)C[C@@H](C)C(=O)[C@H](C)[C@@H](O)[C@]1(C)O,0.0
C[C@]12CCC3C4=C(CCC3C1CCC2=O)C(=O)C(=O)C=C4,0.0
CCCCC(=O)OCCC(C)C,0.0
CC1C(=O)C[C@@]2(C(C)C)CC12,0.0
CCC(/C=C\C(C)C1CCC2C3C(=O)C=C4CC(O)CC[C@@]4(C)C3CC[C@@]12C)C(C)C,0.0
CCCC(=O)OC,0.0
CCCCCCCCO,0.0
CC/C=C/C=C/C(C)=O,0.0
CCCCCCCC(=O)OCCCC1C(=C(C)C)CCC2[C@@]1(C)CC[C@@]1(C)C(C(C)CCC=C(C)C)CC[C@]21C,0.0
COc1ccc2c(c1)[C@]13CCCC[C@@H]1[C@H](C2)N(C)CC3,1.0
CC1(C)C(O)CC[C@@]2(C)C1CC[C@@]1(C)C2C(=O)C=C2[C@@]1(C)CC[C@@]1(C)CC[C@]3(C)C[C@]21OC3=O,0.0
CC/C=C\CCOC(=O)C(C)CC,0.0
O=C(/C=C/c1ccccc1)c1ccc(O)c(O)c1,0.0
COc1cc(/C=C\C(=O)NCCCCNC(=N)N)cc2c1OC(c1ccc(OC3OC(CO)C(O)C(O)C3O)cc1)C2C(=O)NCCCCNC(=N)N,0.0
Cc1[nH]cnc1CN1CCc2c(c3ccccc3n2C)C1=O,0.0
CCN[C@@H](C)Cc1ccc2c(c1)OCO2,1.0
CC(=O)c1ccccc1O,0.0
N[C@@H](Cc1cc(Br)c(O)c(Br)c1)C(=O)O,0.0
COC1=CC(C)C2CC3OC(=O)CC4C(C)=C(OC)C(=O)C([C@@]34C)[C@]2(C)C1=O,0.0
Cn1cnc(N)c2ncnc1-2,0.0
CN1CCN(S(=O)(=O)c2ccc3c(c2)S(=O)(=O)N[C@@H](C2CCCC2)C3)CC1,0.0
COC(=O)C1=C(C)NC(C)=C(C(=O)OCCN(C)Cc2ccccc2)[C@@H]1c1cccc([N+](=O)[O-])c1,1.0
CCC(=O)N(c1ccccc1)C1(COC)CCN(CCn2nnn(CC)c2=O)CC1,0.0
CC(=O)CO,0.0
CCCCN(CCCC)CC[C@H](O)c1cc2c(Cl)cc(Cl)cc2c2cc(C(F)(F)F)ccc12,1.0
CCC(=O)N(c1ccccc1)C1CCN(CCc2ccccc2)CC1,0.0
Clc1ccc(CO[C@@H](Cn2ccnc2)c2ccc(Cl)cc2Cl)c(Cl)c1,0.0
N#CCc1ccc(O)cc1,0.0
CC(O)C(NC(=O)CN)C(=O)O,0.0
COc1cc(O)c2c(=O)c3ccc(OC)c(OC)c3n(C)c2c1,0.0
NC(=O)N/N=C/c1ccc([N+](=O)[O-])o1,1.0
COc1ccc(-c2cc(=O)c3c(OC)c(OC)c(OC)c(OC)c3o2)cc1,1.0
CC12C3CC(CC31)[C@@]2(C)CC=O,0.0
CCCCCCC(=O)OCC(C)C,0.0
FC(F)(F)c1cccc(N2CCN(CCc3nnc4n3C[C@@H]3CCC[C@H]43)CC2)c1,1.0
COc1cc2ncnc(Nc3ccc(F)c(Cl)c3)c2cc1OCCCN1CCOCC1,1.0
CCC1OC1C/C=C\C/C=C\C/C=C\C/C=C\C/C=C\CCC(=O)O,0.0
COc1c2occc2cc2ccc(=O)oc12,0.0
C=CCOc1ccccc1OC[C@@H](O)CNC(C)C,0.0
CN/C(=C\[N+](=O)[O-])NCCSCc1ccc(CN(C)C)o1,1.0
CCN1c2c(F)ccc(F)c2C(N)=NC12CCN(C(=O)C1=CN=C(C#N)CC1)CC2,0.0
CC(C)=CCc1c2c(c3oc4c(c(=O)c3c1O)CC(=C(C)C)Oc1cc(O)c(O)cc1-4)C=CC(C)(C)O2,0.0
C[C@]12CCC3C4CCC(O)CC4CCC3C1CCC2=O,0.0
C[C@]12CC[C@H]3[C@@H](CC=C4C[C@@H](O)CC[C@@]43C)[C@@H]1CCC2=O,0.0
O=P(O)(O)C(O)(Cn1ccnc1)P(=O)(O)O,0.0
CC=C(C(=CC)c1ccc(O)cc1)c1ccc(O)cc1,0.0
OCCc1ccc(O)cc1,0.0
CC1(C)C(=O)[C@@]2(O)CC3=CCC[C@@]4(C)C3=C(C(=O)OC4c3ccoc3)[C@]2(O)[C@@]2(C)OC(=O)C3O[C@]312,0.0
COc1ccc(OC(F)(F)F)cc1CN[C@H]1CCCN[C@H]1c1ccccc1,1.0
CCN(CC)CCC[C@@H](C)Nc1ccnc2cc(Cl)ccc12,1.0
C=CCN1C(=O)N(CC=C)[C@H](Cc2ccccc2)[C@H](O)[C@@H](O)[C@H]1Cc1ccccc1,0.0
COc1ccc2c(c1)N(C[C@H](C)CN(C)C)c1ccccc1S2,1.0
COCCc1ccc(OCC(O)CNC(C)C)cc1,1.0
N#Cc1ccc2cc1Oc1ccc3cccc(c3c1)N1CC[C@@H](NCc3cncn3C2)C1=O,0.0
Cc1cccc(C)c1NC(=O)CC12CCCN1CCC2,0.0
COC(=O)[C@H]1[C@@H](O)CC[C@H]2CN3CCc4c([nH]c5ccccc45)[C@@H]3C[C@@H]21,1.0
Cc1nc(C)c(-c2ccnc(Nc3ccc(N(C)C)cc3)n2)s1,0.0
Cc1onc(-c2ccc(F)cc2)c1COc1ccc(C(=O)N2CCS(=O)(=O)CC2)cn1,0.0
C[C@H](CNC(=O)c1ccc(S(N)(=O)=O)cc1)Cn1ccc2ccccc21,0.0
Cn1c(N)nc2ncc(-c3ccccc3)cc21,0.0
CC(C)NC[C@@H](O)COc1cccc2ccccc12,1.0
CCCc1c2oc(C(=O)O)cc(=O)c2cc2c(=O)cc(C(=O)O)n(CC)c12,0.0
CC1CC[C@]2(C(=O)O)CC[C@]3(C)C(=CCC4[C@]3(C)CC(=O)C3C(C)(C)C(OC(=O)c5ccccc5)CC[C@@]34C)C2C1C,0.0
CC(C)(C)NC(=O)[C@H]1CC[C@H]2[C@@H]3CC[C@H]4NC(=O)C=C[C@]4(C)[C@H]3CC[C@]12C,0.0
CCCCC/C=C\CC(O)/C=C/C=C/C=C\C(O)CCCC(=O)O,0.0
O=C(OC1OC(C(=O)O)C(O)C(O)C1O)c1ccccc1,0.0
COc1cc(C)c2c(Oc3cccc(C(F)(F)F)c3)c(OC)cc(NC(C)CCCN)c2n1,1.0
C[C@@H](c1ccc(-c2ccccc2)c(F)c1)c1cc(NC(=N)N2CCOCC2)on1,0.0
CC1(C(=O)O)OCC(OC(O)=NCCN=C(O)OC2COC(C)(C(=O)O)OC2)CO1,0.0
CC[C@H]1CN2CCc3cc(OC)c(OC)cc3[C@@H]2C[C@@H]1C[C@H]1NCCc2cc(OC)c(OC)cc21,1.0
CN1CCN(CCCN2c3ccccc3Sc3ccccc32)CC1,1.0
OCc1cc([C@H](O)CNCCCCCCOCCCCc2ccccc2)ccc1O,0.0
COC(=O)N[C@H](C(=O)N[C@@H](Cc1ccccc1)[C@H](O)CN(Cc1ccc(-c2ccccn2)cc1)NC(=O)[C@H](NC(=O)OC)C(C)(C)C)C(C)(C)C,0.0
CCC[C@@H]1C[C@H](C(=O)N[C@H]([C@H](C)Cl)[C@H]2O[C@H](SC)[C@H](O)[C@@H](O)[C@H]2O)N(C)C1,0.0
CC[C@]1(O)C[C@H]2CN(CCc3c([nH]c4ccccc34)[C@@](C(=O)OC)(c3cc4c(cc3OC)N(C=O)[C@H]3[C@@](O)(C(=O)OC)[C@H](OC(C)=O)[C@]5(CC)C=CCN6CC[C@]43[C@@H]65)C2)C1,0.0
O=c1[nH]oc2c1CCNC2,0.0
O=C(O)COc1c(C(=O)O)sc2ncccc12,0.0
CC(C)c1cccc(C(C)C)c1O,1.0
CC(C)=CCC/C(C)=C\COC(=O)C(C)C,0.0
OC(c1ccccc1)(c1ccccc1)C12CC[N+](CCOCc3ccccc3)(CC1)CC2,1.0
O=C(N[C@H]1CCS[C@H]2CCC[C@@H](C(=O)O)N2C1=O)[C@@H](S)Cc1ccccc1,0.0
Cc1c(OC2OC(CO)C(O)C(O)C2O)cc(C(C)C)cc1OC1OC(CO)C(O)C(O)C1O,0.0
CCCNC[C@H](O)COc1ccccc1C(=O)CCc1ccccc1,1.0
OCCN1CCN(CC/C=C2/c3ccccc3Sc3ccc(Cl)cc32)CC1,1.0
O=C[C@H](O)[C@H](O)[C@H](O)COP(=O)(O)O,0.0
Cc1cccc(O)c1C,0.0
CN(C)C[C@H](O)COc1ccc(Nc2nccc(Nc3cc(Cl)ccc3Cl)n2)cc1,0.0
O=C(O)Cc1c2ccccc2n2c1[nH]c(=O)c1ccccc12,0.0
COCCOC(=O)C1=C(C)NC(C)=C(C(=O)OC(C)C)[C@@H]1c1cccc([N+](=O)[O-])c1,0.0
CCCCCCCCCCCCC(O)C1CCC(C(O)CCCCCC(=O)CCCCC2CC(CC(C)=O)C(=O)O2)O1,0.0
CCN(CC)C(=O)N1CCN(C)CC1,0.0
CC1=C(C=O)C(C)(C)C=CC1,0.0
N#Cc1ccc(C(c2ccc(C#N)cc2)n2cncn2)cc1,0.0
C#CCCCn1c(Cc2cc(OC)ccc2OC)nc2c(N)nc(F)nc21,0.0
CC(O)=Nc1ccc(O)cc1,1.0
CCC(C)C(NC(=O)C(N)Cc1ccc(O)cc1)C(=O)O,0.0
CNC(=O)Oc1cccc2ccccc12,1.0
CCCCCCC1CCC(CCCCCCCC(=O)O)O1,0.0
COc1cc(/C=C/C(=O)OC[C@@]2(O)COC(OC3C(Oc4ccc(C5CC(=O)c6ccc(O)cc6O5)cc4)OC(CO)C(O)C3O)C2O)ccc1O,0.0
O=C(O)c1ccccc1Nc1cccc(C(F)(F)F)c1,0.0
CCCCCCCCCCCCCCCC(=O)SCCNC(C)=O,0.0
N=C(NO)NCCC[C@H](N)C(=O)O,0.0
O=C(Nc1ccc(F)cc1)c1n[nH]cc1NC(=O)c1c(F)cccc1F,0.0
CCOC(=O)CC(C)=O,0.0
CNCCC=C1c2ccccc2CCc2ccccc21,1.0
CN(C)CCOC1=Cc2ccccc2Sc2ccc(Cl)cc21,1.0
Cc1ccc2c(c1)[C@]13CCCC[C@@H]1[C@H](C2)N(C)CC3,1.0
CC[C@H](c1ccccc1)c1c(O)c2ccccc2oc1=O,0.0
CCCc1nn(C)c2c(=O)[nH]c(-c3cc(S(=O)(=O)N4CCN(C)CC4)ccc3OCC)nc12,1.0
CCCCC/C=C\CC1OC1C/C=C\C/C=C\CCCC(=O)NCCO,0.0
N=CN1c2c(nc(N)[nH]c2=O)NCC1CNc1ccc(C(=O)NC(CCC(=O)O)C(=O)O)cc1,0.0
CNC(C)Cc1ccccc1OC,1.0
C=CC/C=C/C/C=C/CCCCCCCC(=O)[C@@]1(O)OC(=O)C=C1OC,0.0
CN1C(=O)C(O)N=C(c2ccccc2)c2cc(Cl)ccc21,0.0
CSCCC(N)C(=O)NC(CC(C)C)C(=O)O,0.0
CC(=O)Oc1ccccc1C(=O)O,0.0
N=c1nc(O)c2nc(I)[nH]c2[nH]1,0.0
CC(CCC(=O)O)C1CCC2C3C(OS(=O)(=O)O)CC4CC(O)CC[C@]4(C)C3CC(O)[C@]12C,0.0
c1ccc2cc(COC3CCNCC3)ccc2c1,0.0
CCC(=O)N(c1ccccc1)C1(COC)CCN(CCc2cccs2)CC1,0.0
Cc1c(N(C)C)c(=O)n(-c2ccccc2)n1C,1.0
C[C@]12CC(O)C3C(CCC4=CC(=O)CC[C@@]43C)C1CCC2O,0.0
OCC(O)C(O)C(O)C(O)COC1OC(CO)C(O)C(O)C1O,0.0
CCCCCC(O)/C=C/C1OC1C/C=C\C/C=C\CCCC(=O)O,0.0
CCC(C)C1(CC)C(=O)NC(=O)NC1=O,0.0
CCCCC/C=C\C/C=C\CC(O)C(O)C/C=C\CCCC(=O)O,0.0
CC(C(=O)O)c1ccc(N2Cc3ccccc3C2=O)cc1,0.0
OCCOCCN1CCN(C2=Nc3ccccc3Sc3ccccc32)CC1,1.0
C[C@]12CC(OC3OC(C(=O)O)C(O)C(O)C3O)CCC1CCC1C2C(=O)C[C@@]2(C)C1CC[C@]2(O)C(O)CO,0.0
CC(C)(C)NC[C@@H](O)c1ccc(O)c(CO)c1,0.0
C/C(=C/CCC(C=O)C1CC[C@@]2(C)C3=C(CC[C@@]12C)[C@@]1(C)CCC(O)C(C)(C)C1CC3)C(=O)O,0.0
CC(C)(C)NCC(O)COc1cccc2c1C[C@H](O)[C@H](O)C2,1.0
CC1CC([C@](C)(O)C2CCC3C4C5OC5[C@]5(O)CC=CC(=O)[C@]5(C)C4CC[C@]32C)OC(=O)C1C,0.0
C[C@@H](O)CCCCn1c(=O)c2c(ncn2C)n(C)c1=O,0.0
N=c1[nH]c(CC(=O)Nc2ccc(CCNC[C@H](O)c3ccccc3)cc2)cs1,1.0
CCCCCCCCCCCCCCCCCCC(=O)CC(O)CCCCC,0.0
CC1=C(/C=C/C(C)=C/C=C\C(C)=C\CO)C(C)(C)CCC1,0.0
CC(C)C(C)/C=C/C(C)C1CCC2C3=CC(O)[C@@]4(O)CC(OC5OC(CO)C(O)C(O)C5O)CC[C@]4(C)C3CC[C@]21C,0.0
NC(=O)CCC(NC(=O)CCC(N)C(=O)O)C(=O)O,0.0
COC(=O)C1=C(C)NC(C)=C(C(=O)OCC(C)C)[C@H]1c1ccccc1[N+](=O)[O-],0.0
Cc1ccc(C(=O)[C@H](C)CN2CCCCC2)cc1,1.0
CN1CCC[C@H]1c1cccnc1,1.0
C/C(O)=C1/CC(=O)C2=C1CCCN2,0.0
CCN(CC)C(=O)c1c(NC(=O)c2cccs2)sc2c1CCCC2,0.0
COc1ccc(Cl)c(-c2ccc(NC(=O)c3ccnn3C)nc2N)c1,0.0
CO/N=C(\C(=O)NC1C(=O)N2C(C(=O)O)=CCSC12)c1csc(N)n1,0.0
NS(=O)(=O)c1ccc(C(=O)NCc2cc(F)ccc2F)cc1,0.0
CCC(=O)C1CC(C)[C@]2(CC(=O)[C@@]3(C)C4=C(CC[C@]32C)[C@]2(C)CCC(=O)[C@@](C)(CO)C2CC4)O1,0.0
Cc1cccc(Nc2ccccc2C(=O)O)c1C,0.0
Cc1ccc(O)c([C@H](CCN(C(C)C)C(C)C)c2ccccc2)c1,1.0
O=C(/C=C/c1ccc(O)c(O)c1)OC1C[C@]2(O)CC(OC2=O)C1OC(=O)/C=C/c1ccc(O)c(O)c1,0.0
CCN(CC)CCN1C(=O)CN=C(c2ccccc2F)c2cc(Cl)ccc21,0.0
Oc1ccccc1,0.0
Clc1ccc(CO[C@@H](Cn2ccnc2)c2ccc(Cl)cc2Cl)cc1,0.0
CC[C@]12CCCN3CCc4c(n(c5ccccc45)[C@@](O)(C(=O)OC)C1)[C@@H]32,1.0
O=C(O)C(CO)OP(=O)(O)O,0.0
CC[C@H](C)C(=O)O[C@H]1C[C@H](O)C=C2C=C[C@H](C)[C@H](CC[C@@H](O)C[C@@H](O)CC(=O)O)[C@H]21,0.0
CCCCCCCCCC(=O)OCCc1scnc1C,0.0
Cc1cc2ncn(C3OC(COP(=O)(O)O)C(O)C3O)c2cc1C,0.0
CCCCCCCCCCNCCSC[C@H]1O[C@@H](n2cnc3c(N)ncnc32)[C@H](O)[C@@H]1O,0.0
CC(=O)NC1C(OP(=O)(O)O)OC(CO)C(O)C1O,0.0
O=C(O)CC(O)CC(=O)O,0.0
COc1ccc2c(c1)c(CC(=O)NCCc1ccccc1)c(C)n2C(=O)c1ccc(Cl)cc1,1.0
CC(C)Cc1ccc([C@@H](C)C(=O)O)cc1,0.0
N#Cc1cnn2c(NCCc3cnc[nH]3)nc(Nc3ccccc3)nc12,0.0
N#Cc1ccc(Cn2cncc2CN2CCN(c3cccc(Cl)c3)C(=O)C2)cc1,0.0
Cc1[nH]c2ccccc2c1CCNC(=O)c1cccs1,0.0
CCCCSc1ccc(C(SCCN(C)C)c2ccccc2)cc1,0.0
CCCCCNC(=N)N/N=C/c1c[nH]c2ccc(OC)cc12,1.0
CC(CN(C)C)CN1c2ccccc2CCc2ccccc21,1.0
CC#CC#CC#C/C=C/C=C/CCCOC(C)=O,0.0
O=C(O)CCC(=O)OC1C(OC(=O)/C=C/c2ccc(O)c(O)c2)CC(O)(C(=O)O)CC1OC(=O)/C=C/c1ccc(O)c(O)c1,0.0
COCCc1ccc(OC[C@H](O)CN(C)C)cc1,1.0
N[C@@H](C(=O)N[C@@H]1C(=O)N2C(C(=O)O)=C(Cl)CC[C@H]12)c1ccccc1,0.0
CCC(N)Cc1ccc2c(c1)OCO2,1.0
CCOP(=S)(OCC)Oc1cc(C)nc(C(C)C)n1,1.0
N[C@](CS(=O)(=O)c1ccc(Oc2ccccc2)cc1)(C(=O)NO)C(F)(F)F,0.0
C#C[C@]1(O)CC[C@H]2[C@@H]3CCC4=CC(=O)CC[C@@H]4[C@H]3CC[C@@]21CC,0.0
CCCCC/C=C\CC(O)/C=C/C=C/C=C\C(O)CCCC(=O)N(C)C,0.0
COc1ccc2nc([S@H](=O)Cc3ncc(C)c(OC)c3C)[nH]c2c1,1.0
CC1=C(/C=C/C(C)=C/C=C/C(C)=C/CO)C(C)(C)CCC1,1.0
C[C@@H]1COC(Nc2ccc3ncnc(Nc4ccc(OCc5nccs5)c(Cl)c4)c3c2)=N1,0.0
CC(CN(C)C)CN1c2ccccc2Sc2ccccc21,1.0
O=C(O)COC(=O)Cc1ccccc1Nc1c(Cl)cccc1Cl,0.0
COc1cc2c(cc1OC)C(=O)C(CC1CCN(Cc3ccccc3)CC1)C2,1.0
CC(C)C1=CC(=O)[C@]2(C)C[C@@]3(O)O[C@@]4(C(=O)[C@@]13C)C(O)C(C)CC[C@]42O,0.0
O=C(O)C(c1ccccc1)C1CCCCN1,0.0
O=c1[nH]c(=O)n([C@@H]2CCCO2)cc1F,1.0
C[C@H]1c2cccc(O)c2C(=O)C2=C(O)[C@]3(O)C(=O)C(C(N)=O)=C(O)[C@@H](N(C)C)[C@@H]3[C@@H](O)[C@@H]21,0.0
CCC(=O)O[C@](Cc1ccccc1)(c1ccccc1)[C@H](C)CN(C)C,1.0
Cc1cccc(/C=N/Nc2cc(N3CCOCC3)nc(OCCc3ccccn3)n2)c1,0.0
COc1ccc2c3c([nH]c2c1)C(C)=NCC3,1.0
O=C(O)CCCO,0.0
CN[C@@H](C)Cc1ccc2c(c1)OCO2,1.0
COC(=O)CCc1ccc(OCC(O)CNC(C)C)cc1,1.0
CC(=O)CC(=O)SCCNC(=O)CCNC(=O)C(O)C(C)(C)COP(=O)(O)OP(=O)(O)OCC1OC(n2cnc3c(N)ncnc32)C(O)C1OP(=O)(O)O,0.0
Nc1ccc(S(N)(=O)=O)cc1[Hg],0.0
O=C(O)C1CC(O)C=N1,0.0
CCCCCCCCCCC/C=C/C=O,0.0
CC(C)NCCCOc1cccc2ccccc12,1.0
CC(C)=CCOC(=O)c1ccccc1,0.0
C[C@H]1O[C@]2(CS1)CN1CCC2CC1,1.0
C=CCC(C)C(=O)OCCCCCC,0.0
Cc1ccccc1-n1c(C)nc2ccccc2c1=O,0.0
C1CCN2C[C@@H]3C[C@@H](CN4CCCC[C@@H]34)[C@@H]2C1,1.0
C[C@@H](Cl)CCl,0.0
COc1ccc2c(c1)[C@@]13CCCC[C@H]1[C@@H](C2)N(C)CC3,1.0
FC(F)(F)c1cccc(N2CCNCC2)c1,1.0
Cc1cccc(CC(=O)O)c1,0.0
N[C@@H](Cc1ccc(O)c(O)c1)C(=O)O,1.0
COc1ccc2c(c1)c(CC(=O)NC[C@@H](O)c1ccccc1)c(C)n2C(=O)c1ccc(Cl)cc1,1.0
C=CCC1([C@@H](C)CCC)C(=O)NC(=O)NC1=O,0.0
COc1ccc(CC2COC(=O)[C@@]2(O)Cc2ccc(OC3OC(CO)C(O)C(O)C3O)c(OC)c2)cc1OC,0.0
c1ccc2c(c1)cc1ccc3cccc4c5ccccc5c2c1c34,1.0
O[C@H](CS)[C@H](O)CS,0.0
CC[C@H](N)Cc1ccc2c(c1)OCO2,1.0
CC(C=O)C1CC[C@@]2(C)C3CC=C4C(CCC(OC5OC(COC6OC(CO)C(O)C(O)C6O)C(O)C(O)C5O)C4(C)C)[C@@]3(C)CC[C@]12C,0.0
CN1C(=O)[C@@](C)(C2=CCCCC2)C(=O)N=C1O,0.0
Fc1ccc([C@@H]2CCNC[C@H]2COc2ccc3c(c2)OCO3)cc1,1.0
C=C1C(OC(=O)/C=C(\C)CC)C=C(C(C)C)C2/C(=C/C)C(=O)OCC12,0.0
COc1cc(/C=C/C(=O)OCC2OC(Oc3c(-c4ccc(O)cc4)oc4cc(OC5OC(CO)C(O)C(O)C5O)cc(O)c4c3=O)C(OC3OC(CO)C(O)C(O)C3O)C(O)C2O)ccc1O,0.0
COc1ccc(CCC(=O)O)cc1OC,0.0
COC(=O)[C@]12CCC(C)[C@@](C)(O)C1C1=CCC3[C@@]4(C)CCC(OC5OCC(O)C(O)C5O)C(C)(C)C4CC[C@@]3(C)[C@]1(C)CC2,0.0
CCCCNC(C)Cc1ccc(OC)cc1,1.0
C[C@H]1O[C@@H](O[C@H]2[C@@H](O)C[C@H](O[C@H]3[C@@H](O)C[C@H](O[C@H]4CC[C@]5(C)[C@H]6C[C@@H](O)[C@]7(C)[C@@H](C8=CC(=O)OC8)CC[C@]7(O)[C@@H]6CC[C@@H]5C4)O[C@@H]3C)O[C@@H]2C)C[C@H](O)[C@@H]1O,0.0
CN(/C=C\c1ccccc1)C(=O)/C=C/c1ccccc1,0.0
OCCN1CC(O)C(O)C(O)C1CO,0.0
C[C@](N)(Cc1ccc(O)c(O)c1)C(=O)O,1.0
COc1ccc2c3c1O[C@H]1[C@@H](O)CC[C@H]4[C@@H](C2)N(C)CC[C@]314,1.0
CC1(C)OC[C@@H](COC(=O)CCc2ccc(OC[C@@H](O)CNCCN=C(O)N3CCOCC3)cc2)O1,1.0
Cc1nnc(NS(=O)(=O)c2ccc(N)cc2)s1,0.0
C[C@H]1COc2c(N3CCN(C)CC3)c(F)cc3c(=O)c(C(=O)O)cn1c23,0.0
COc1cc2c(c3oc(=O)c4c(c13)CCC4=O)[C@]1(O)C=COC1O2,0.0
C[C@@H](N=C(O)CCCC[C@H](N=C(O)CN)C(=O)O)C(=O)O,0.0
CN1CCN(c2ccc(Cc3cc4cnc(CN)nc4n3C3CCCCC3)cc2)CC1,0.0
CN(C)CC=C(c1ccc(Br)cc1)c1cccnc1,0.0
CCN1CCN(CCCN2c3ccccc3Sc3ccc(C(F)(F)F)cc32)CC1,1.0
CCN(CC)c1cc(C)nc2ncnn12,0.0
CCCCCCCCCCCC(O)(P(=O)(O)O)P(=O)(O)O,0.0
CC1OC(OC2CC[C@]3(C=O)C4C(O)C[C@]5(C)C(C6=CC(=O)OC6)CC[C@@]5(O)C4CC[C@@]3(O)C2)C(O)C(O)C1O,0.0
CC(=C/C=C/C(C)=C/C=C/C=C(C)/C=C/C=C(\C)C=O)/C=C/[C@]12O[C@@]1(C)CC(O)CC2(C)C,0.0
CCCC(C)C(=O)OC,0.0
CCOCc1nc2c(N)nc3ccccc3c2n1CC(C)(C)O,0.0
CNCCCN1c2ccccc2CCc2ccc(Cl)cc21,1.0
C[N+]1(C)[C@H]2CC(OC(=O)C(O)(c3cccs3)c3cccs3)C[C@@H]1[C@H]1O[C@@H]21,1.0
c1ccc(C(c2ccccc2)N2CCN(CCCC3(c4ccccc4)OCCO3)CC2)cc1,0.0
NC(=O)CC(NC(=O)C(N)Cc1ccccc1)C(=O)O,0.0
CCN(CC)CCC[C@@H](C)Nc1c2ccc(Cl)cc2nc2ccc(OC)cc12,0.0
CC1=CC(=O)C=C2CC[C@H]3[C@@H]4CCC(=O)[C@@]4(C)CC[C@@H]3[C@@]12C,0.0
COC(=O)[C@H]1[C@H]2C[C@@H]3c4[nH]c5cc(OC)ccc5c4CCN3C[C@H]2C[C@@H](OC(=O)c2cc(OC)c(OC)c(OC)c2)[C@@H]1OC,0.0
CCCCCC(=O)OCC(C)C,0.0
CC(C)NC[C@H](O)COc1ccc(CCOCC2CC2)cc1,1.0
C[C@H](N)C(=O)c1ccccc1,0.0
Cc1ccc(S(=O)(=O)NC(=O)NN2C[C@H]3CCC[C@H]3C2)cc1,0.0
O=C(O)CCCCO/N=C(/c1cccnc1)c1cccc(C(F)(F)F)c1,0.0
Cn1cc([S@H](C)=O)c(=O)c2ccc(F)cc21,0.0
CC(=O)NC1C(OP(=O)(O)OP(=O)(O)OCC2OC(n3ccc(=O)[nH]c3=O)C(O)C2O)OC(CO)C(O)C1OC(C)C(=O)O,0.0
CC[C@@H](C(=O)c1ccc(C)cc1)N1CCCC1,1.0
CC(C)(N)C(=O)N[C@H](Cc1c[nH]c2ccccc12)C(=O)N[C@H](Cc1c[nH]c2ccccc12)NC=O,0.0
C[As](C)SC[C@H](N)C(=O)O,0.0
CN1CCN(C(=O)O[C@H]2c3nccnc3C(=O)N2c2ccc(Cl)cn2)CC1,1.0
O=C(NCC1CCCCN1)c1cc(OCC(F)(F)F)ccc1OCC(F)(F)F,1.0
CCN(CC)C(=O)c1cccc(C)c1,1.0
O=[P@]1(NCCCl)OCCCN1CCCl,0.0
Cc1ncc(C=O)c(CO)c1O,0.0
O=C1c2oc3cc(O)c(O)cc3c2C(=O)c2oc3cc(O)c(O)cc3c21,0.0
O=S(=O)(c1cccc2cnccc12)N1CCCNCC1,0.0
CN1CC=C(c2ccccc2)CC1,1.0
CC(C)(O)c1ccccc1CC[C@@H](SCC1(CC(=O)O)CC1)c1cccc(/C=C\c2ccc3ccc(Cl)cc3n2)c1,0.0
CC1CCC2C1C1C(CC[C@]2(C)O)C1(C)C,0.0
CC(C)C(O)CCC(C)C1CCC2C3CC=C4CC(O)CC[C@]4(C)C3CC[C@]12C,0.0
O=C(O)c1ccc[nH]1,0.0
CC[C@H]1OC(=O)[C@H](C)[C@@H](O[C@H]2C[C@@](C)(OC)[C@@H](O)[C@H](C)O2)[C@H](C)[C@@H](O[C@@H]2O[C@H](C)C[C@H](N(C)C)[C@H]2O)[C@](C)(O)C[C@@H](C)[C@@H]2N[C@@H](COCCOC)O[C@H]([C@H]2C)[C@]1(C)O,0.0
C/C=C/C(=O)C1C(C)C=CCC1(C)C,0.0
CC(O)C(=O)O,0.0
O=C(O)C1=C[C@H](O)[C@@H](O)CO1,0.0
C[C@H](C#Cc1ccc(Cc2ccc(F)cc2)s1)N(O)C(N)=O,1.0
CN(C)CCN(Cc1ccccc1)c1ccccn1,0.0
COc1cc(O)c2c(=O)c3cccc(O)c3n(C)c2c1OC,0.0
CS(=O)(=O)c1ccc(C2=C(c3ccccc3)C(=O)OC2)cc1,0.0
CC(C)(C(=O)c1cccnc1)c1cccnc1,0.0
CN(C)CCCN1c2ccccc2CCc2ccccc21,1.0
C=C1OC(=O)/C(=C\CCCCCCCCCCCCC)C1O,0.0
CCN(CC)CCC[C@H](C)Nc1ccnc2cc(Cl)ccc12,1.0
N=C(N)c1ccc(CN2CCN(S(=O)(=O)c3cc4ccc(Cl)cc4s3)CC2=O)cc1,0.0
CC(C)=CC(=O)CC(C)c1ccc(C)cc1,0.0
CCOc1cccc(-c2ccc(NC(=O)/C(C#N)=C(/C)O)cc2)c1,0.0
C[C@@H]1CN1C1=CC(=O)c2c(c(CO)c(-c3ccccc3)n2C)C1=O,0.0
COc1ccc(C(=O)Nc2c(Cl)cncc2Cl)cc1OC1CCCC1,0.0
Cn1c(=O)[nH]c2c(=O)[nH]c(=O)[nH]c21,0.0
COc1cc2c(cc1OC)[C@H]1C[C@@H](OC(=O)[C@@H](N)C(C)C)[C@H](CC(C)C)CN1CC2,1.0
C#C[C@]1(OC(C)=O)CC[C@H]2[C@@H]3CCC4=C/C(=N/O)CC[C@@H]4[C@H]3CC[C@@]21CC,0.0
CN1C2CCCC1CC(NC(=O)c1nn(C)c3ccccc13)C2,1.0
Clc1ccc(Cl)c(Cl)c1,1.0
CC(=O)C(=Cc1cc(O)c(O)c([N+](=O)[O-])c1)C(C)=O,0.0
O=S(=O)(O)CCS,0.0
C[C@@H](Cc1ccccc1)N(C)Cc1ccccc1,0.0
CCC(O)C1CC(C)[C@]2(CC(=O)[C@@]3(C)C4=C(CC[C@]32C)[C@@]2(C)CCC(=O)[C@](C)(CO)C2CC4)O1,0.0
CCCCCCCC1OCC(C)O1,0.0
COc1ccc(S(=O)(=O)N[C@H](C)C(=O)O)cc1,0.0
CC(C)(C)NCC(O)COc1cccc2c1SCCC2,1.0
COc1ccc2c3c1O[C@H]1[C@@H](O)C=C[C@H]4[C@@H](C2)N(C)CC[C@]314,1.0
CC(=O)Oc1ccc(C(c2ccc(OC(C)=O)cc2)c2ccccn2)cc1,0.0
CCCC/C=C\CCCCCCCC(=O)OCCCCCCCCCCCCCCCC,0.0
C=C[C@@](C)(O)CC/C=C(/C)C(=O)OC1OC(CO)C(O)C(O)C1O,0.0
CNC(=O)c1c(C)oc2cc(Oc3ncnc4cc(OC)c(OC)cc34)ccc12,0.0
CCC(C)C(NC(=O)C(N)CC(=O)O)C(=O)O,0.0
CC1O[C@@]2(CS1)CN1CCC2CC1,1.0
CC(C)Nc1cc(-c2c[nH]c(C(=O)N[C@H](CO)c3cccc(Cl)c3)c2)c(Cl)cn1,0.0
CO[C@H]1C=CO[C@@]2(C)Oc3c(C)c(O)c4c(O)c(c(/C=N\N5CCN(C6CCCC6)CC5)c(O)c4c3C2=O)NC(=O)C(C)=CC=C[C@H](C)[C@H](O)[C@@H](C)[C@@H](O)[C@@H](C)[C@H](OC(C)=O)[C@H]1C,0.0
COc1ccc(-c2cc(=O)c3c(O)c(OC)c(O)cc3o2)cc1OC,1.0
CC(C)(C)NCC(O)COc1cc(Cl)ccc1Cl,1.0
COc1ccc2c(CN)cc(=O)oc2c1,1.0
CCc1occc(=O)c1O,0.0
O=C(O)CC1NC(=O)C(Cc2ccccc2)NC1=O,0.0
CC(C)(C(=O)O)c1ccc([C@@H](O)CCCN2CCC(C(O)(c3ccccc3)c3ccccc3)CC2)cc1,0.0
CCCC(=O)Nc1ccc(OC[C@@H](O)CNC(C)C)c(C(C)=O)c1,0.0
CC[C@@H](NC=O)c1ccccc1,0.0
CN[C@H](C)Cc1ccccc1,1.0
C=C1C=CCC(C)(C)[C@]12CCC(C)O2,0.0
CCC(C)C(=O)OC1CC2CC[C@@]1(C)C2(C)C,0.0
CC(=O)OC1C=CC2C3Cc4ccc(O)c5c4[C@]2(CCN3C)C1O5,0.0
OCCOCCN1CCN([C@H](c2ccccc2)c2ccc(Cl)cc2)CC1,0.0
O=C(O)[C@H]1O[C@@H](O)[C@H](O)[C@@H](O)[C@H]1O,0.0
CCOP(=O)(O)O,0.0
NC(CC(O)/C(O)=N/C1OCC=C1CO)C(=O)O,0.0
CC(C)=O,0.0
CC(CCC1O[C@@]1(C)CO)C1CC[C@]2(C)C3=C(CC[C@]12C)[C@@]1(C)CCC(=O)C(C)(C)C1CC3O,0.0
COCCCOc1ccnc(CSc2nc3ccccc3[nH]2)c1C,1.0
CCC[N+]12[C@H]3C[C@@]45c6ccccc6N(C)[C@H]4[C@H]1C[C@H](C3[C@H]5O)[C@H](CC)[C@H]2O,1.0
CC(CCC(=O)NCC(=O)O)C1CCC2C3C(OS(=O)(=O)O)CC4CC(O)CC[C@]4(C)C3CC[C@]12C,0.0
CN(CCOc1ccc(C[C@@H]2SC(=O)NC2=O)cc1)c1ccccn1,1.0
Oc1ccc([C@@H]2Oc3ccc(O)cc3[C@@H]3CC(F)(F)C[C@@H]32)cc1,0.0
NC(=O)CCC(N)C(=O)NC(Cc1cnc[nH]1)C(=O)O,0.0
COC(=O)C1=C(C)NC(C)=C(C(=O)OCCN2CCN(C(c3ccccc3)c3ccccc3)CC2)[C@H]1c1cccc([N+](=O)[O-])c1,0.0
COc1ccc([C@H](CN(C)C)C2(O)CCCCC2)cc1,1.0
O=C(O)CC1CCC(=O)O1,0.0
CC1(C)O[C@@H]2C[C@H]3[C@@H]4CCC5=CC(=O)CC[C@]5(C)[C@@]4(F)[C@@H](O)C[C@]3(C)[C@]2(C(=O)CCl)O1,0.0
NCC[C@@H](Oc1ccc(C(F)(F)F)cc1)c1ccccc1,1.0
COc1ccc(Cl)cc1C(=O)NCCc1ccc(S(=O)(=O)NC(=O)NC2CCCCC2)cc1,0.0
COCCc1ccc(OC[C@@H](O)CNC(C)C)cc1,1.0
CCc1c(C(=O)C(N)=O)c2c(OCC(=O)O)cccc2n1Cc1ccccc1,0.0
OCCc1ccccc1Nc1c(Cl)cccc1Cl,1.0
N=c1[nH]cnc2cc[nH]c12,0.0
CCOc1ccccc1OCCN[C@H](C)Cc1ccc(OC)c(S(N)(=O)=O)c1,1.0
COc1ccc([C@@H](c2ccc(O)c(O)c2)C(Cl)(Cl)Cl)cc1,1.0
CN(C)CCC=C1c2ccccc2CCc2ccccc21,1.0
CC(C)CCCCCCCCCCCCCCC(=O)O,0.0
CCCc1cc(C(=N)S)ccn1,0.0
O=C1c2ccccc2C(=O)C1c1ccccc1,0.0
COc1ccccc1OCCNC[C@H](O)COc1cccc2[nH]c3ccccc3c12,1.0
CCOc1ccc(NC(C)=O)cc1,1.0
Cc1cc2c(OCC(O)CNC(C)C)cccc2[nH]1,1.0
CC1=C(C)C(=O)C(CC[C@](C)(O)CCC(=O)O)=C(C)C1=O,0.0
C/C=C(/N)CCC(=O)O,0.0
O=C(OCC1OC(c2c(O)cc(O)c(C(=O)c3ccc(O)c(O)c3)c2O)C(O)C(O)C1O)c1ccc(O)cc1,0.0
CCN(C(=O)c1c(O)c2c(Cl)cccc2n(C)c1=O)c1ccccc1,0.0
COC[C@H](O)Cn1c(=O)cnn(-c2ccc(Cl)c(C(=O)NCC3(O)CCCCCC3)c2)c1=O,0.0
COc1ccc(C2Sc3ccccc3N(CCN(C)C)C(=O)C2O)cc1,0.0
O=P(O)(O)OCC1O[C@@](CO)(OP(=O)(O)O)C(O)C1O,0.0
CN(C)CCc1c[nH]c2cccc(O)c12,0.0
N=C(O)/C=C/C(C[SH](=O)=O)=C(/Nc1c(C=O)cc2ccccn12)C(=O)O,0.0
CN(C)CC/C=C1\c2ccccc2COc2ccc(CC(=O)O)cc21,0.0
CC1(C)CC[C@@]2(C(=O)OC3OC(CO)C(O)C(O)C3O)CC[C@@]3(C)C(=CCC4[C@@]5(C)CCC(OC6OC(C(=O)O)C7O[C@@](O)(C(=O)O)C(OCC(=O)O)OC7C6O)[C@](C)(CO)C5CC[C@]43C)C2C1,0.0
CC(C)=CCCC(C)=CCCC(C)=CCCC(C)=CCOP(=O)(O)OP(=O)(O)O,0.0
CC(C)[N+]1(C)[C@H]2CC[C@@H]1CC(OC(=O)C(CO)c1ccccc1)C2,1.0
CC(C)CCCC(C)C1CCC2C3C=CC4=CC(=O)CC[C@]4(C)C3CC[C@]12C,0.0
Cc1cccc([C@H](C)c2c[nH]cn2)c1C,0.0
COc1cc(/C=C/C(=O)CC(=O)/C=C/c2ccc(O)c(OC)c2)ccc1O,1.0
COc1cc(CC(C)N)c(OC)cc1C,0.0
COc1cc(-c2cccc(N)c2)c2oc(NS(=O)(=O)c3cc(Cl)ccc3Cl)nc2c1,0.0
Cc1ccnc2c1NC(=O)c1cccnc1N2C1CC1,1.0
CC1(C)C2CC[C@@]1(C)[C@@](C)(O)C2,0.0
CCc1cc2c(s1)N(C)C(=O)CN=C2c1ccccc1Cl,1.0
COc1ccc(CCO[C@@H]2CCCC[C@H]2N2CC[C@@H](O)C2)cc1OC,1.0
NC1=NC[C@@H]2c3ccccc3Cc3ccccc3N12,1.0
C=C1C[C@@H]2[C@H](CC[C@]3(C)C(=O)CC[C@@H]23)[C@@]2(C)C=CC(=O)C=C12,0.0
CCCCCCCC/C=C\CCCCCCCC(=O)NC(CO[P@](=O)([O-])OCC[N+](C)(C)C)C(O)/C=C/CCCCCCCCCCCCC,0.0
O=c1c2c(c1=O)N(CCP(=O)(O)O)CCCN2,0.0
c1ccc(-c2ccc([C@@H](c3ccccc3)n3ccnc3)cc2)cc1,0.0
CC1(C)CCC(C)(C)c2cc([C@@H](O)C(=O)Nc3ccc(C(=O)O)cc3F)ccc21,0.0
CCCCCCCCCCCCC#CCCCC(=O)O,0.0
C=C1C[C@]23C[C@@]1(O)CCC2[C@]12OC(=O)[C@](C)(C=CC1O)C2C3C(=O)O,0.0
COc1cc(N[C@@H](C)CCCN)c2ncccc2c1,1.0
COC(=O)C1=C(C)NC(C)=C(C(=O)OCCN(C)Cc2ccccc2)C1c1cccc([N+](=O)[O-])c1,1.0
CC(=O)OCC[N+](C)(C)C,1.0
C[C@]12CC[C@H]3[C@@H](CC=C4CCCC[C@@]43C)[C@@H]1C[C@@H](F)C2=O,0.0
c1ccc(COCc2ccccc2)cc1,0.0
CCC(=C(c1ccccc1)c1ccc(OCCN(C)C)cc1)c1ccccc1,1.0
Cc1cc(O)c(C)c2c1O[C@](C)(CCCC(C)CCCC(C)CCCC(C)C)CC2,0.0
C[C@@H](C(=O)O)c1ccc2c(c1)CC(=O)c1ccccc1S2,0.0
O=C(O)c1ccc2nc(-c3cc(Cl)cc(Cl)c3)oc2c1,0.0
O=C(O)c1ccccc1S,0.0
O=C(O)C1CCCN1,0.0
C=C1C[C@@]23CCC4C(C)(C)CCC[C@]4(C)C2CCC1C3,0.0
CCCCCC/C=C\CCCCCCCCCC(=O)OC(CCC(=O)[O-])[N+](C)(C)C,0.0
CCCCCCCCCCCCCCCCCCCC(O)CC(O)CCCCCCC,0.0
COc1ccc(C(=O)[C@@H](C)N2CCCC2)cc1,1.0
CC[C@]1(C)C[C@@H](OC(=O)CSc2n[nH]c(N)n2)[C@]2(C)[C@@H](C)CC[C@]3(CCC(=O)[C@H]32)[C@@H](C)[C@@H]1O,0.0
C=CC1CN2CCC1CC2C(O)c1ccnc2ccc(OC)cc12,1.0
NNc1nncc2ccccc12,0.0
CN1CC[C@]23c4c5ccc(O)c4O[C@H]2C(=O)CC[C@@]3(O)[C@H]1C5,1.0
CC1Cc2ccc(/C(O)=N/C(Cc3ccccc3)C(=O)O)c(O)c2C(=O)O1,0.0
CCCCCCCCCCCCC/C=C\C=C\C(=O)NCC(C)C,0.0
CCN(CC)CC(O)=Nc1c(C)cccc1C,1.0
C[C@]12Cc3nonc3C[C@@H]1CC[C@@H]1[C@@H]2CC[C@@]2(C)[C@H]1CC[C@]2(C)O,0.0
CC(C)[C@H](NC(=O)Cn1c(-c2ccc(N)cc2)ncc(NS(C)(=O)=O)c1=O)C(=O)C(F)(F)F,0.0
CC(C)(C(=O)O)C1CC[C@@]23CC(CCC2[C@]1(C)CC(=O)O)[C@]1(C)OC13,0.0
CC(C)(C)NCC(O)COc1cccc2c1CCC(=O)N2,1.0
Cc1cc(Cl)c(S(N)(=O)=O)cc1S(N)(=O)=O,0.0
Oc1ccc(C2(c3ccc(O)cc3)CCCCC2)cc1,0.0
C[C@@H](N)Cc1ccc2c(c1)OCO2,1.0
C=CC(=O)N1CCC[C@@H](n2nc(-c3ccc(Oc4ccccc4)cc3)c3c(N)ncnc32)C1,1.0
CC[C@@H](c1ccc(O)c(F)c1)[C@H](C)c1ccc(O)c(F)c1,0.0
NC(N)=Nc1nc(-c2ccc(CNc3nc4ccccc4[nH]3)s2)cs1,0.0
CCC(C)C(NC(=O)C(CCCNC(=N)N)NC(=O)C(N)CCCNC(=N)N)C(=O)O,0.0
CN(C)c1cccc2c(S(=O)(=O)NCCCC[C@H](N)C(=O)O)cccc12,0.0
NC(=O)CC[C@@H](N)C(=O)O,0.0
CNC(C)Cc1ccc2c(c1)OCO2,1.0
CSCCC(N)C(=O)NC(C)C(=O)O,0.0
CCCNCc1cc(=O)oc2cc(OC)ccc12,1.0
COc1ccc2cc(CCC(C)=NO)ccc2c1,1.0
O=C(O)C1=C/C(=C/C=N/C(Cc2ccc(O)cc2)C(=O)O)CC(C(=O)O)N1,0.0
CC(N)Cc1ccccc1,1.0
C[C@H](NC(N)=O)c1cc2ccccc2s1,1.0
Cc1ccc(NC(=O)C2(c3ccc4c(c3)OC(F)(F)O4)CC2)nc1-c1cccc(C(=O)O)c1,0.0
CC1(C)C2CC[C@]1(C)C(O)C2,0.0
CC(=O)[C@@]1(O)CC[C@H]2[C@@H]3C[C@H](C)C4=CC(=O)CC[C@]4(C)[C@H]3CC[C@@]21C,0.0
Cc1ccc(O)c(N)c1,0.0
CN1CCC23c4c5ccc(O)c4OC2C(O)C=CC3C1C5,1.0
C[C@H](CN(C)C)CN1c2ccccc2Sc2ccc(C#N)cc21,1.0
CC(=O)OC1C=C2C(CC[C@@]3(C)[C@@]2(O)CCC2Cc4c([nH]c5cc6c(cc45)CC4C6=CC(C)(C)OC4(C)C)[C@@]23C)OC1C(C)(C)O,0.0
CNCCC[C@]12CC[C@H](c3ccccc31)c1ccccc12,1.0
C=CCc1ccc(O)c(OC)c1,1.0
NCc1ccc(-c2cccs2)s1,0.0
CC1C(=O)OC2C1CC[C@]1(C)CCC(=O)C(C)C21,0.0
CCC(C)(C)C(=O)O[C@H]1C[C@@H](C)C=C2C=C[C@H](C)[C@H](CC[C@@H]3C[C@@H](O)CC(=O)O3)[C@H]21,1.0
CC1CCC(C(C)C)C(OC(=O)OCCO)C1,0.0
COc1cc(OC)nc(NS(=O)(=O)c2ccc(N)cc2)n1,0.0
CC1NC(=O)CNC1=O,0.0
COc1ccc(CN(CCN(C)C)c2ccccn2)cc1,0.0
CCOP(=S)(OCC)SCSCC,1.0
CC[C@H](C)n1ncn(-c2ccc(N3CCN(c4ccc(OC[C@H]5CO[C@](Cn6cncn6)(c6ccc(Cl)cc6Cl)O5)cc4)CC3)cc2)c1=O,0.0
CC1(C)CC(O)[C@]2(C)CC[C@]3(C)C(=CCC4[C@@]5(C)CCC(OC6OC(C(=O)O)C(O)C(O)C6OC6OC(CO)C(O)C(O)C6O)C(C)(C)C5CC[C@]43C)C2C1,0.0
CC1=C(C(=O)O)N2C(=O)C(NC(=O)C(N)c3ccccc3)C2SC1,1.0
O=C(c1ccc(OCCN2CCCCC2)cc1)c1c(-c2ccc(O)cc2)sc2cc(O)ccc12,1.0
Cc1ccc(O)c([C@@H](CCN(C(C)C)C(C)C)c2ccccc2)c1,1.0
CCCCC(C)(O)CC=CC1C(O)CC(=O)C1CCCCCCC(=O)OC,1.0
CC(C)CC(c1c(O)c(C=O)c(O)c(C=O)c1O)C1CCC(C)C2=CC(C(C)(C)O)CC[C@@]21C,0.0
C[C@@H](Nc1cc(-c2nc([S@@](C)=O)[nH]c2-c2ccc(F)cc2)ccn1)c1ccccc1,1.0
CN1CCN(CCCN2c3ccccc3Sc3ccc(C(F)(F)F)cc32)CC1,0.0
CCSC(C)CCO,0.0
O=c1nc(O)ccn1[C@@H]1O[C@H](CO)[C@@H](OP(=O)(O)O)[C@@H]1O,0.0
COc1cc(CN=C(O)CCCC/C=C/C(C)C)ccc1O,1.0
FC(F)(F)C(Cl)Br,1.0
COc1ccccc1C[C@@H](C)N,1.0
O=NN1CCC[C@H]1c1cccnc1,1.0
CCCCCC(=O)CC(=O)SCCNC(=O)CCNC(=O)C(O)C(C)(C)COP(=O)(O)OP(=O)(O)OCC1OC(n2cnc3c(N)ncnc32)C(O)C1OP(=O)(O)O,0.0
CC1NCCc2c1[nH]c1cc(O)ccc21,0.0
O=C(CCn1cnc2c(=O)nc[nH]c21)NCCCN1CCCC1=O,0.0
CN1CCN(C2=Nc3cc(Cl)ccc3Nc3ccccc32)CC1,1.0
C[C@@](O)(COC1OC(CO)C(O)C(O)C1O)C1CC[C@@](C)(O)C(O)C1,0.0
O[C@H](CS)[C@@H](O)CS,0.0
CC1OC(OC(C(O)C=O)C(O)C(O)CO)C(O)C(O)C1O,0.0
COc1ccc(/C=C/C(=O)OCCC(C)C)cc1,0.0
CC(C)(C)n1nc(-c2cccc(O)c2)c2c(N)ncnc21,0.0
CN1[C@H]2CC[C@@H]1CC(OC(=O)c1c[nH]c3ccccc13)C2,1.0
CNCCCN1c2ccccc2CCc2ccccc21,1.0
CCc1csc(C)n1,0.0
CN1CCN2c3ccccc3Cc3ccccc3C2C1,1.0
CC(=O)C=O,0.0
CCCCC/C=C\C(=O)OC,0.0
Cc1cn(C2CC(O)C(COP(=O)(O)OP(=O)(O)OC3OC(C)C(=O)C(O)C3O)O2)c(=O)[nH]c1=O,0.0
CC1CC[C@@]2(OC1)OC1CC3C4CCC5CC(OC6OC(COC7OC(CO)C(O)C(O)C7O)C(O)C(O)C6O)CC[C@@]5(C)C4CC[C@@]3(C)C1C2C,0.0
Nc1ccc(O)c(C(=O)O)c1,0.0
Cn1c(=O)c2[nH]cnc2n(C)c1=O,1.0
Cc1ccc(C(=O)C(C)CN2CCCCC2)cc1,1.0
CNC1(C)C2CCC(C2)C1(C)C,0.0
O=CN1CCN(c2ccc(CC3C(O)=Nc4ccccc43)cc2)CC1,0.0
Cc1c(C)c2c(c(C)c1O)CC[C@@](C)(COc1ccc(C[C@@H]3SC(=O)NC3=O)cc1)O2,1.0
Cc1cn([C@H]2C[C@H](N)[C@@H](COP(=O)(O)O)O2)c(=O)nc1O,0.0
C[C@]12CC[C@H]3[C@@H](CCC4=CC(=O)C=C[C@@]43C)[C@@H]1CCC(=O)O2,0.0
Cc1noc(NS(=O)(=O)c2ccc(N)cc2)c1C,0.0
COc1c(O)c(C)c(C/C=C(\C)CC/C=C(\C)CC/C=C(\C)CC/C=C(\C)CC/C=C(\C)CCC=C(C)C)c(O)c1OC,0.0
CCCC(O)=Nc1ccc(OCC(O)CNC(C)C)c(C(C)=O)c1,1.0
CCCCCCCCC1OCC(C)O1,0.0
CC(O)=N[C@@H]1[C@@H](O)[C@@H](F)[C@@](O)(C(=O)O)O[C@H]1[C@H](O)[C@H](O)CO,0.0
CC=CC(=O)N(CC)c1ccccc1C,0.0
CC/C=C/CC(O)/C=C/C1OC(O)CC(O)C1C/C=C/CCCC(=O)O,0.0
Cn1cnc(CC(N)C(=O)O)c1,0.0
CC(C)(O)c1ccccc1CC[C@@H](SCC1(CC(=O)O)CC1)c1cccc(/C=C/c2ccc3ccc(Cl)cc3n2)c1,1.0
CC(=O)NC(CS)C(=O)O,0.0
CO/N=C\C1=CCCN(C)C1,1.0
CCCCC(O)C(O)C/C=C\CCC(O)C1CCC(CCCCCCCCCCCCC(O)CC2=CC(C)OC2=O)O1,0.0
CC(C)C[C@H](NC(=O)[C@H](Cc1ccccc1)NC(=O)c1cnccn1)B(O)O,1.0
CC1=C(/C=C/C(C)=C/C=C/C(C)=C/C(=O)O)C(C)(C)CCC1=O,0.0
O=C1[C@H]2CCCC[C@H]2C(=O)N1CCCCN1CCN(c2nsc3ccccc23)CC1,1.0
Cc1ccccc1[C@H](OCCN(C)C)c1ccccc1,1.0
CCCCCCC(=O)CCO,0.0
CN[C@H]1CC[C@@H](c2ccc(Cl)c(Cl)c2)c2ccccc21,1.0
O=C1CN=C(c2ccccc2Cl)c2cc([N+](=O)[O-])ccc2N1,0.0
CC(C)[C@H](C[C@H](O)[C@@H](N)CC1CCCCC1)C(=O)O,0.0
CCCCC(=O)OCCc1ccccc1,0.0
CCN[C@@H](C)Cc1cccc(C(F)(F)F)c1,1.0
O[C@@](CCN1CCCCC1)(c1ccccc1)[C@@H]1C[C@@H]2C=C[C@H]1C2,0.0
CC(C)=CCSCC(N)C(=O)O,0.0
Nc1nc(N)nc(-c2cc3ccccc3cc2Br)n1,0.0
C[C@@H](C(=O)O)c1cccc(C(=O)c2ccccc2)c1,0.0
CCC(C(=O)c1ccc(C)cc1)N1CCCC1,1.0
Cc1cc(NC(=O)NC(=O)c2ccccc2N(C)C)ccc1Oc1ncc(Br)cn1,1.0
CCCCc1oc2ccccc2c1C(=O)c1cc(I)c(OCCN(CC)CC)c(I)c1,1.0
CN(CCOc1ccc(NS(C)(=O)=O)cc1)CCc1ccc(NS(C)(=O)=O)cc1,0.0
c1ccc(C2(c3ccccc3)CC2C2=NCCN2)cc1,1.0
O=C(NC(O)C(=O)O)c1ccccc1,0.0
NCCCC(=O)O,1.0
CCCCCC/C=C\CCCCCCCCCCCC(=O)O,0.0
COc1ccc(COc2cc3oc(=O)c4cc(C(C)O)ccc4c3cc2OC)cc1,0.0
COC(=O)C1=CCCN(C)C1,0.0
C=Cc1nc2c(N)ncnc2n1[C@@H]1O[C@H](CN(C)CCCCON)[C@@H](O)[C@H]1O,0.0
FC(F)O[C@@H](Cl)C(F)(F)F,0.0
CC[C@@H](Cc1ccc2c(c1)OCO2)NC,1.0
CO[C@]12CC[C@@]3(C[C@@H]1[C@](C)(O)C(C)(C)C)[C@H]1Cc4ccc(O)c5c4[C@@]3(CCN1CC1CC1)[C@H]2O5,1.0
O=C1Nc2ccccc2OC1OC1OC(CO)C(O)C(O)C1O,0.0
COc1ccccc1Oc1c(NS(=O)(=O)c2ccc(C(C)C)cn2)nc(-c2ccnc(-c3nn[nH]n3)c2)nc1OCCO,0.0
NC1CCSC1=O,0.0
CCN(CC)CCS(=O)(=O)[C@@H]1CCN2C(=O)c3coc(n3)CC(=O)C[C@H](O)C=C(C)C=CCNC(=O)C=C[C@@H](C)[C@@H](C(C)C)OC(=O)[C@@H]12,0.0
O=C(O)CNC(=O)c1ncc2c(I)cccc2c1O,0.0
CCN(CC)CCOc1ccc(/C(=C(/Cl)c2ccccc2)c2ccccc2)cc1,1.0
CCn1cc(C(=O)O)c(=O)c2cnc(N3CCNCC3)nc21,0.0
O=C(O)CC1CCCN1,0.0
O=P(O)(O)[C@H](O)c1cccc2ccccc12,0.0
COc1cc2c(cc1OS(N)(=O)=O)CC[C@@H]1[C@@H]2CC[C@]2(C)[C@@H](OS(N)(=O)=O)CC[C@@H]12,0.0
CCc1cccc2cc([C@H](O)CNC(C)(C)C)oc12,1.0
C[C@@]1(c2ccc(F)cc2F)OC(=O)N(Nc2ccccc2)C1=O,0.0
CC(=O)[C@@]1(O)OCC(O)C1O,0.0
C=C(CO)C1CC[C@]2(C)CC[C@]3(C)C(=CCC4[C@]5(C)C=CC(=O)C(C)(C)C5CC[C@]43C)C12,0.0
CC#CC#CC#CC#CCCCC,0.0
CC(=O)NC[C@H]1CN(c2ccc(N3CCOCC3)c(F)c2)C(=O)O1,0.0
CC1(C)S[C@@H]2[C@H](NC(=O)[C@H](NC(=O)N3CCNC3=O)c3ccccc3)C(=O)N2[C@H]1C(=O)O,0.0
COc1cc2c(cc1CN[C@H]1CCCN[C@H]1c1ccccc1)[C@](C)(C(F)(F)F)OCC2,1.0
COC(=O)C1=C(C)NC(C)=C(C(=O)OC(C)(C)CN(C)CCC(c2ccccc2)c2ccccc2)[C@H]1c1cccc([N+](=O)[O-])c1,0.0
Cc1nnc2n1-c1ccc(Cl)cc1C(c1ccccc1Cl)=NC2,0.0
C/C(C=O)=C/CCC(C)C1CC[C@]2(C)C3=C(C(=O)C[C@]12C)[C@]1(C)CCC(O)C(C)(C)C1CC3,0.0
C[C@H](CN(C)C)CN1c2ccccc2CCc2ccccc21,1.0
CCC[C@@]1(CCc2ccccc2)CC(=O)C([C@H](CC)c2cccc(NS(=O)(=O)c3ccc(C(F)(F)F)cn3)c2)=C(O)O1,0.0
O=[P@]1(N(CCCl)CCCl)NCCCO1,1.0
CCS(=O)(=O)CCn1c([N+](=O)[O-])cnc1C,0.0
CC1OC(OP(=O)(O)O)C(O)C(O)C1O,0.0
CCOc1ccc(Cc2cc([C@@H]3O[C@H](CO)[C@@H](O)[C@H](O)[C@H]3O)ccc2Cl)cc1,1.0
CCCCCC(O)/C=C/C1C(SCC(NC(=O)CCC(N)C(=O)O)C(=O)NCC(=O)O)CC(=O)C1CCCCCCC(=O)O,0.0
CC[C@]1(c2ccc(N)cc2)CCC(=O)NC1=O,0.0
N[C@@H]1C[C@H]1c1ccccc1,0.0
COc1ccc(CN2CCN(C(c3ccc(F)cc3)c3ccc(F)cc3)CC2)c(OC)c1OC,0.0
CC(CF)NCC(O)COc1cccc2ccccc12,1.0
C1CNCCN1,1.0
CC(C)CC(NC(=O)C(N)C(C)C)C(=O)O,0.0
O=C(CN1[C@@H](O)C(NCCc2ccccn2)=NC[C@H]1Cl)NCc1csc2ccc(Cl)cc12,0.0
CCCCCCCC/C=C\CCCCCCCCCCCCCCCC(=O)NC(COC1OC(CO)C(O)C(O)C1O)C(O)/C=C/CCCCCCCCCCCCC,0.0
Cc1cc(C)c(/N=N/c2c(O)c(S(=O)(=O)O)cc3cc(S(=O)(=O)O)ccc23)cc1C,0.0
CN(C)CCC[C@@]1(c2ccc(F)cc2)OCc2cc(C#N)ccc21,1.0
O=S(=O)(c1ccc2c(c1)CN[C@@H](CF)C2)N1CCSCC1,0.0
C[C@@H](C#Cc1ccc(Cc2ccccc2)s1)NC(N)=O,1.0
CCCN1CC(CSC)CC2c3cccc4[nH]cc(c34)CC21,1.0
CCCCCCCC(=O)OCCC(C)C,0.0
CC[C@H](CO)Nc1nc(NCc2ccccc2)c2ncn(C(C)C)c2n1,0.0
COc1ccc(-c2cc(=O)c3c(O)cc(O[C@@H]4O[C@H](CO[C@@H]5O[C@@H](C)[C@H](O)[C@@H](O)[C@H]5O)[C@@H](O)[C@H](O)[C@H]4O)cc3o2)cc1O,0.0
Cc1ccc(NC(=O)c2ccc(CN3CCN(C)CC3)cc2)cc1Nc1nccc(-c2cccnc2)n1,1.0
CC1CC[C@]2(C)CC[C@]3(C)C(=CCC4[C@@]5(C)CCC(O)C(C)(C)C5CC[C@]43C)C2C1C,0.0
O=C1C=CN(c2c(F)cc(N3C[C@H](CNc4ccon4)OC3=O)c(F)c2F)CC1,0.0
CCCCC/C=C\C=C\CCCCCCCCC(=O)O,0.0
O=P(O)(O)OC1C(O)C(O)C(O)C(O)C1O,0.0
O=c1ccn(C2CC(O)C(CO)O2)c(=O)[nH]1,0.0
Cc1ccc(C(=O)c2cc(O)c(O)c([N+](=O)[O-])c2)cc1,0.0
COc1ccc2c(c1)c(CC(=O)NCC(O)c1ccccc1)c(C)n2C(=O)c1ccc(Cl)cc1,1.0
CN1CCN2c3ccccc3Cc3ccccc3[C@@H]2C1,1.0
C/C=C1\C2CCN3CC[C@]4(c5cccc(OC)c5N(C(C)=O)C4C2)C13,0.0
CC(=O)OC(C)(C)/C=C/C(=O)[C@](C)(O)C1C(O)C[C@]2(C)C3CC=C4C(CCC(O)C4(C)C)[C@@]3(CO)C(=O)C[C@]12C,0.0
COc1ccc(C(=O)N2CCN(c3ccc4c(c3)CCC(=O)N4)CC2)cc1OC,0.0
C=CCc1ccc(OC)c(OC)c1,1.0
O=[N+]([O-])c1cncn1CCN1CCOCC1,0.0
CCCCCCC(=O)O,0.0
CC(C)=CCC/C(C)=C/CC/C(C)=C\C=C\C(C)=C\C=C\C=C(C)\C=C\C=C(\C)CC/C=C(\C)CCC=C(C)C,0.0
CN(C)CCC=C1c2ccccc2C=Cc2ccccc21,1.0
CO[P@@](=S)(Oc1cc(Cl)c(Br)cc1Cl)c1ccccc1,0.0
CCN(CC)C(=O)[C@]1(c2ccccc2)C[C@@H]1CN,0.0
O=C(O)CN(CCN(CC(=O)O)CC(=O)O)CC(=O)O,0.0
CNCC[C@@H](Oc1ccc(C(F)(F)F)cc1)c1ccccc1,1.0
CC#C[C@]1(O)CC[C@H]2[C@@H]3CCC4=CC(=O)CCC4=C3[C@@H](c3ccc(N(C)C)cc3)C[C@@]21C,0.0
CC(C)(CCl)C(=O)Nc1ccc(C(F)(F)F)cc1,0.0
O=C(O)CC(=O)OCC1OC(Oc2cc3c(O)cc(O)cc3[o+]c2-c2cc(O)c(O)c(O)c2)C(O)C(O)C1O,0.0
CCCCC/C=C/C(=O)OC(CCC(=O)[O-])[N+](C)(C)C,0.0
CC1=CC(=O)CC(C)[C@@]12CCC(=O)C2,0.0
CC1(C)CCC[C@](C)(O)C1=O,0.0
CC(C)NC[C@@H](O)COc1ccc(CC(N)=O)cc1,0.0
CCCCN,0.0
CCN(CC)CCN=C(O)c1cc(Cl)c(N)cc1OC,1.0
O=[N+]([O-])NC1=NCCN1Cc1ccc(Cl)nc1,1.0
Cc1ncc(COP(=O)(O)O)c(/C=N/CCCC[C@H](N)C(=O)O)c1O,0.0
O=C(c1ccc2ccccc2c1)[C@@H](c1cccc2ccccc12)P(=O)(O)O,0.0
OC1CN(C2=Nc3ccccc3C(c3ccccc3)=N[C@@H]2c2cccs2)C1,0.0
N#C[C@@H]1CCCN1C(=O)CNC12CC3CC(CC(O)(C3)C1)C2,0.0
CCCCCCC(N)C(=O)O,0.0
CSc1ccc2c(c1)N(CC[C@H]1CCCCN1C)c1ccccc1S2,1.0
O=c1ccc2ccccc2o1,0.0
N=C(N)N,0.0
CC(=O)N1CCN(c2ccc(OC[C@H]3CO[C@](Cn4ccnc4)(c4ccc(Cl)cc4Cl)O3)cc2)CC1,0.0
CC1(C)CC[C@@]2(C(=O)O)CC[C@@]3(C)C(=CCC4[C@@]5(C)CCC(OC6OC(CO)C(O)C(OC7OC(CO)C(O)C(O)C7O)C6OC6OC(CO)C(O)C(O)C6O)C(C)(C)C5CC[C@]43C)C2C1,0.0
COc1ccc2c(c1)C13CCCCC1C(C2)N(C)CC3,1.0
CC(C)CCCC(C)C1CCC2C3=CCC4CC(O)CC[C@@]4(C)C3CC[C@]21C,0.0
Cc1cc2ncn([C@H]3O[C@H](COP(=O)(O)O)[C@@H](O)[C@H]3O)c2cc1C,0.0
O=[N+]([O-])O[C@H]1CO[C@H]2[C@@H]1OC[C@H]2O[N+](=O)[O-],0.0
CC(C)=CCCC(C(=O)O)C1CC[C@@]2(C)C3=C(CC[C@]12C)[C@@]1(C)CCC(O)C(C)(C)C1CC3,0.0
N#CC(CCN1CCC(C(=O)O)(c2ccccc2)CC1)(c1ccccc1)c1ccccc1,0.0
NC(Cc1cn(C2OC(CO)C(O)C2O)cn1)C(=O)O,0.0
COc1ccc(Cc2nccc3cc(OC)c(OC)cc23)cc1OC,1.0
Cn1nnc2ccc([C@H](c3ccc(Cl)cc3)n3cncn3)cc21,0.0
C/C(=C\CCC(C)C1CC[C@@]2(C)C3=C(CC[C@@]12C)[C@@]1(C)CCC(O)C(C)(C)C1CC3O)C(=O)O,0.0
COc1cccc(OC)c1C(O)=N[C@H](C(=O)OC[C@H](N)C(=O)O)[C@@H]1N[C@@H](C(=O)O)C(C)(C)S1,0.0
CSc1nc(-c2ccnc(NC(C)c3ccccc3)c2)c(-c2ccc(F)cc2)[nH]1,1.0
CCN(CC)CCOc1ccc(Cc2ccccc2)cc1,1.0
CCCCCCCCCCCCC(O)C1CCC(C2CCCC(C(O)CCCCCCCC(O)CC3=CC(C)OC3=O)O2)O1,0.0
CCc1c2c(nc3ccc(OC(=O)N4CCC(N5CCCCC5)CC4)cc13)-c1cc3c(c(=O)n1C2)COC(=O)[C@]3(O)CC,0.0
CC1C=C2C(=O)OCC2C(O)C2CC(C)(C)CC12,0.0
NC(N)=NCC1COC2(CCCCC2)O1,0.0
CC(C)(Oc1ccc(CCNC(=O)c2ccc(Cl)cc2)cc1)C(=O)O,0.0
c1ccc([C@@H]2CO2)cc1,0.0
COC(=O)CC1c2cc(O)c(O)cc2C(c2ccc(O)c(O)c2)C1C(=O)OC,0.0
CC1=C(/C=C/C(C)=C/C=C/C(C)=C/C(=O)O)C(C)(C)CCC1O,0.0
O=C1C(=O)c2ccccc2C(O)=C1C1CCC(c2ccc(Cl)cc2)CC1,0.0
COc1ccc(C[C@@H](C)NC[C@H](O)c2ccc(O)c(N=CO)c2)cc1,1.0
O=C(/C=C\C=C\c1ccccc1)CCc1ccccc1,0.0
O=C(O)c1c(O)c(-c2ccccc2)nc2ccccc12,0.0
CCCCC=O,0.0
CN(C)C(=O)C(CCN1CCC(O)(c2ccc(Cl)cc2)CC1)(c1ccccc1)c1ccccc1,1.0
Cc1ccc(-c2cc(C(F)(F)F)nn2-c2ccc(S(N)(=O)=O)cc2)cc1,1.0
CC(C)(C)NCC(O)COc1nsnc1N1CCOCC1,1.0
COc1ccc2c(CN(C)C)cc(=O)oc2c1,1.0
c1ccc(-c2cc(CCC3CCNCC3)c3ccccc3n2)cc1,0.0
CC1=C(O)C(=O)CO1,0.0
CN(C)CCCC1(c2ccc(F)cc2)OCc2cc(C#N)ccc21,1.0
O=c1[nH]c2ccccc2n1CCCN1CCC(n2c(=O)[nH]c3cc(Cl)ccc32)CC1,1.0
CC1(C)O[C@@H]2C[C@H]3[C@@H]4C[C@H](F)C5=CC(=O)CC[C@]5(C)[C@H]4[C@@H](O)C[C@]3(C)[C@]2(C(=O)CO)O1,0.0
O=c1oc2ccccc2cc1O,0.0
NC(CC(=O)O)C(=O)NC(Cc1c[nH]c2ccccc12)C(=O)O,0.0
C[C@@H]1O[C@@]2(CS1)CN1CCC2CC1,1.0
CCC(=O)n1c(=O)n(C2CCN(CCC(C#N)(c3ccccc3)c3ccccc3)CC2)c2ccccc21,0.0
CCOP(=S)(OCC)Oc1ccc([N+](=O)[O-])cc1,1.0
O=C1OC(C(O)CO)C(=O)C1=O,0.0
CC/C=C\CC(O)/C=C/C1C(O)CC(=O)C1C/C=C\CCCC(=O)O,0.0
NS(=O)(=O)c1ccc(F)cc1,0.0
CCCCCCCC1OC1CC#CC#CC(=O)CCO,0.0
C/C(=C/CO)C1CCC(C)(C)O1,0.0
Cc1onc(NS(=O)(=O)c2ccc(N)cc2)c1C,0.0
Cc1nnc2n1-c1sc(Br)cc1C(c1ccccc1Cl)=NC2,0.0
CCCCNc1cc(C)nc2nc(Nc3cc(Cl)ccc3C)nn12,0.0
CN1C2CCC1CC(OC(=O)c1c[nH]c3ccccc13)C2,1.0
CNC(=O)c1cccnc1,0.0
C=C(C)C1CCC(C)C(OC(C)=O)C1,0.0
CC1=CCC(C(C)C)C=C1,0.0
O=C(O)C1OC(OCC2OC(O)C(O)C(O)C2O)C(O)C(O)C1O,0.0
FCOC(C(F)(F)F)C(F)(F)F,0.0
C=C(C)C1CC=C(C)C(OC2OC(CO)C(O)C(O)C2O)C1,0.0
CO[C@H]1C=CO[C@@]2(C)Oc3c(C)c(O)c4c(O)c(c(/C=N\N5CCN(C)CC5)c(O)c4c3C2=O)NC(=O)C(C)=CC=C[C@H](C)[C@H](O)[C@@H](C)[C@@H](O)[C@@H](C)[C@H](OC(C)=O)[C@H]1C,0.0
Oc1ccc2c3c1OC1C(O)C=CC4C(C2)NCC[C@]341,0.0
COc1ccc2cc([C@H](C)C(=O)O)ccc2c1,0.0
CC1(C)O[C@@H]2CO[C@@]3(COS(N)(=O)=O)OC(C)(C)O[C@H]3[C@@H]2O1,0.0
CC/C=C\CC(=O)OCC,0.0
CCOC(=O)C1=C(C)NC(C)=C(C(=O)OC)[C@@H]1c1cccc(Cl)c1Cl,0.0
NS(=O)(=O)c1ccc(-n2nc(C(F)(F)F)cc2-c2ccc(Cl)cc2)cc1,0.0
CC(=O)OC1CC[C@]2(C)C(CC[C@]3(C)C2CC=C2C4[C@](C)(CCC(C)[C@@]4(C)O)CC[C@]23C)C1(C)C,0.0
CCOC(=O)C(c1c(O)c2ccccc2oc1=O)c1c(O)c2ccccc2oc1=O,0.0
CC(C)C[C@H]1C(=O)N2CCC[C@H]2[C@]2(O)O[C@](NC(=O)[C@@H]3C=C4c5cccc6[nH]c(Br)c(c56)C[C@H]4N(C)C3)(C(C)C)C(=O)N12,0.0
COc1cccc(-c2c(C)n(Cc3c(F)cccc3C(F)(F)F)c(=O)n(C[C@H](NCCCC(=O)O)c3ccccc3)c2=O)c1F,1.0
Cc1ccc(S(=O)(=O)NC(=O)NN2CC3CCCC3C2)cc1,0.0
COc1cc2c(CCN3CCN(c4cccc(Cl)c4C)CC3)nn(Cc3c[nH]cn3)c2cc1OC,1.0
COC(=O)CCC(=O)CN,0.0
O=C(O)c1ccccc1O,0.0
FC(F)(F)[C@H](Cl)Br,1.0
CCCCCCCCCCCCC/C=C/C(O)C(COC1OC(CO)C(O)C(O)C1O)NC(=O)CCCCCCCCCCCCCCCCCCCCCCC,0.0
CN(CC(=O)O)C(=N)NP(=O)(O)O,0.0
CCCCc1ncc(/C=C(/Cc2cccs2)C(=O)O)n1Cc1ccc(C(=O)O)cc1,0.0
CCC[C@@](C)(COC(N)=O)COC(=O)NC(C)C,0.0
COC(OC)[C@@]1(C)Oc2ccc(N)cc2[C@H](N(Cc2nnn(C)n2)c2ccc(Cl)cc2)[C@H]1O,1.0
C#CCN(C)Cc1ccccc1,0.0
c1ccc(C2(c3ccccc3)C[C@H]2C2=NCCN2)cc1,1.0
O=P(O)(O)OC1C(OP(=O)(O)O)C(OP(=O)(O)O)C(OP(=O)(O)OP(=O)(O)O)C(OP(=O)(O)OP(=O)(O)O)C1OP(=O)(O)O,0.0
C=CC(=O)O,0.0
CC(C)NC[C@H](O)COc1ccc(CC(=N)O)cc1,1.0
OC1CCC(Nc2ncc3nc(Nc4c(F)cc(F)cc4F)n([C@H]4CCOC4)c3n2)CC1,0.0
CCCCCCC[N+](=O)O,0.0
CC(O)=N[C@]1(C(=N)O)O[C@H](CO)[C@@H](O)[C@H](O)[C@H]1O,0.0
O=C(O)CCO,0.0
Nc1nc(N/N=C/C2CCCCC2)nc2c1ncn2[C@@H]1O[C@H](CO)[C@@H](O)[C@H]1O,0.0
CC(C)c1nc(CN(C)C(O)=N[C@H](C(O)=N[C@@H](Cc2ccccc2)C[C@H](O)[C@H](Cc2ccccc2)N=C(O)OCc2cncs2)C(C)C)cs1,1.0
CC1=C(/C=C/C(C)=C/C=C/C(C)=C/C=C/C=C(C)/C=C/C=C(\C)C2C=C3C(C)(C)CCC[C@]3(C)O2)C(C)(C)CCC1,0.0
CC(C/C=C/C(C)(C)O)CCOC1OC(CO)C(O)C(O)C1O,0.0
O=S(=O)(O)NC1CCCCC1,0.0
COc1cc(/C=C/C(=O)OC2C[C@]3(C)C(CC[C@@]4(C)C3CC=C3C5C(C)C(C)CC[C@@]5(C(=O)O)CC[C@@]34C)C(C)(C)C2O)ccc1O,0.0
O=C(NC1CCN(CCc2c[nH]c3ccccc23)CC1)c1ccccc1,1.0
C=C(C(CC=C(C)C)OC(=O)/C(C)=C\C)C1C(OC(C)=O)C(=O)[C@]2(C)OC2C1O,0.0
Cc1cc(C)cc(-c2nc3ccccc3o2)c1,0.0
c1cc2ccsc2s1,0.0
CC1CC[C@@]2(OC1)OC1CC3C4CC=C5CC(OC6OC(CO)C(OC7OC(C)C(O)C(O)C7O)C(O)C6OC6OC(C)C(O)C(O)C6O)C(O)C[C@@]5(C)C4CC[C@@]3(C)C1C2C,0.0
CC1=CC(=C(C)C)CCC1,0.0
CC(N)=O,0.0
N[C@@H](CS)CC(=O)O,0.0
CCCO,0.0
CCC(=O)O[C@]1(C(=O)SCF)[C@H](C)C[C@H]2[C@@H]3C[C@H](F)C4=CC(=O)C=C[C@]4(C)[C@@]3(F)[C@@H](O)C[C@@]21C,0.0
CC(=O)NCC(=O)O,0.0
NC1(C(=O)O)CC(F)C1,0.0
Nc1ncnc2c1[C@@H](I)NN2[C@@H]1O[C@H](CO)[C@@H](O)[C@H]1O,0.0
O=C1CCCN1,0.0
CN(C)CC/C=C1\c2ccccc2CSc2ccccc21,1.0
NCC(=O)c1ccccc1,0.0
CC(C)(C)NC[C@H](O)COc1ccccc1C1CCCC1,1.0
CC1=C(/C=C/C(C)=C/C=C/C(C)=C\C(=O)O)C(C)(C)CCC1,1.0
CN1CCN(c2cccc3[nH]c(=O)oc23)CC1,0.0
COC1=CC(=O)c2cc(C)cc(O)c2C1=O,0.0
O=C(NC1CCNCC1)[C@@H]1CC[C@@H]2CN1C(=O)N2OS(=O)(=O)O,0.0
C=C1C[C@@]23CCC4[C@](C)(C(=O)O)CCC[C@]4(C)C2CC[C@]1(O)C3,0.0
Cc1ccc(NC(=O)c2ccc(CN3CC[N+](C)([O-])CC3)cc2)cc1Nc1nccc(-c2cccnc2)n1,0.0
CNCC[C@H](Oc1ccccc1C)c1ccccc1,1.0
O=CO,0.0
CCC1(CC)C(=O)NCC(C)C1=O,1.0
CC1(C)S[C@@H]2[C@H](N3C(=O)[C@@H](c4ccccc4)NC3(C)C)C(=O)N2[C@H]1C(=O)O,0.0
CCCCCC(=O)OCCC(C)C,0.0
CC(C)OC(=O)C(C)(C)Oc1ccc(C(=O)c2ccc(Cl)cc2)cc1,0.0
C/C(=C/C=C/C(C)=C/C=C\C=C(C)\C=C/C=C(/C)C1C=C2C(C)(C)CCC[C@@]2(C)O1)C1C=C2C(C)(C)CCC[C@]2(C)O1,0.0
C/C(=C/CC/C(C)=C\CC/C(C)=C/CC/C(C)=C/CO)CC/C=C(/C)CC/C=C(\C)CCCC(C)CCCC(C)CCCC(C)C,0.0
CCCCN1C[C@H](O)[C@@H](O)[C@H](O)[C@H]1CO,0.0
CC(C)=CCC/C(C)=C\COC1OC(COC2OC(C)C(O)C(O)C2O)C(O)C(O)C1O,0.0
Cn1cc(-c2ccc3nnc(C(F)(F)c4ccc5ncccc5c4)n3n2)cn1,0.0
CCOC1OC(C(=O)O)C(O)C(O)C1O,0.0
O=C(O)C1=C[C@H](O)[C@@H](OS(=O)(=O)O)[C@H](O[C@@H]2[C@@H](CO)O[C@H](O)[C@H](NS(=O)(=O)O)[C@H]2O)O1,0.0
COc1ccc(CC(C)N)cc1,1.0
O=c1c2ccccc2nc2n1CCc1c-2[nH]c2ccccc12,1.0
CN(C)Cc1nnc2n1-c1ccc(Cl)cc1C(c1ccccc1)=NC2,0.0
C[C@H](c1cc2ccccc2s1)N(O)C(N)=O,1.0
CCn1cc(C(=O)O)c(=O)c2cc(F)c(N3CCN(C)CC3)cc21,0.0
C=C1CC[C@@]2(C(C)C)CC12,0.0
C[C@@H](NC(C)(C)C)C(=O)c1cccc(Cl)c1,0.0
CCCCCCCCCCCC/C=C/CCC(O)C(O)CCC(O)C1CCC(CCCCCC(O)CC2=CC(C)OC2=O)O1,0.0
CC(C)(C)C(=O)OCOC(=O)[C@@H]1N2C(=O)[C@@H](N=CN3CCCCCC3)[C@H]2SC1(C)C,0.0
CN1C[C@H](C(=O)N[C@]2(C)O[C@@]3(O)[C@@H]4CCCN4C(=O)[C@H](Cc4ccccc4)N3C2=O)C=C2c3cccc4[nH]cc(c34)C[C@H]21,0.0
COc1cc2c(cc1O)CCN[C@]21CS[C@@H]2c3c(OC(C)=O)c(C)c4c(c3[C@H](COC1=O)N1[C@@H](O)[C@@H]3Cc5cc(C)c(OC)c(O)c5[C@H]([C@H]21)N3C)OCO4,1.0
CN1CCC(=C2c3ccccc3CCc3cccnc32)CC1,0.0
O=C(O)C(O)C(O)C(O)CO,0.0
FC(F)c1nc2ccccc2n1-c1nc(N2CCOCC2)nc(N2CCOCC2)n1,0.0
CCNCc1cc(=O)oc2cc(OC)ccc12,1.0
COc1cccc(N2CCN(C3=Nc4c(F)cccc4[C@H](CC(=O)O)N3c3cc(C(F)(F)F)ccc3OC)CC2)c1,1.0
CC(=O)C1CCC2C3CCC4CC(=O)CC[C@]4(C)C3CC[C@]12C,0.0
CCCCOCCOCC(C)OCCCOC,0.0
O=C1NC(=O)c2c1c1c3ccccc3n3c1c1c2c2ccccc2n1[C@H]1CC[C@@H]3O1,0.0
CCN(CC)CCNC(=O)c1ccc(N)cc1,1.0
CC1=CC[C@H]2[C@@H](C1)C2(C)C,1.0
C[C@]12CC[C@H]3[C@@H](CC=C4C[C@@H](O)CC[C@@]43C)[C@@H]1CC=C2c1cccnc1,0.0
C=C1C(=O)OC2C[C@@]3(C)C(=CC12)C(C)CCC3O,0.0
Oc1ccc(C2CNCCc3c2cc(O)c(O)c3Cl)cc1,0.0
CC(C)CC(=O)Cc1ccccc1,0.0
CC(=O)c1cc2cccc(OCC(O)CNC(C)C)c2o1,1.0
C=C(CCC(C)C1CCC2C3=CC=C4CC(O)CC[C@]4(C)C3CC[C@@]21C)C(C)C,0.0
COc1ccc(CCNCCC[C@](C#N)(c2ccc(OC)c(OC)c2)C(C)C)cc1OC,1.0
CCCCCN(CCCOC)C(=O)[C@@H](CCC(=O)O)NC(=O)c1ccc(Cl)c(Cl)c1,0.0
CCCCCCCCCCCC(=O)OCN1C(=O)CCc2ccc(OCCCCN3CCN(c4cccc(Cl)c4Cl)CC3)cc21,1.0
Cn1c(=O)[nH]c2ncn(C)c2c1=O,0.0
COc1cc(CNC(=O)CCCCCCCC(C)C)ccc1O,0.0
CCC[C@H]1C(=O)N2C(N(C)C)=Nc3ccc(C)cc3N2C1=O,0.0
CN[C@@H](C)[C@@H](O)c1ccccc1,1.0
CC(SC(=O)c1cccs1)C(=O)NCC(=O)O,0.0
CC(=O)OCC1=C(C(=O)O)N2C(=O)[C@@H](NC(=O)[C@H](N)c3ccccc3)[C@H]2SC1,0.0
CCCCC(=O)OC1CCCCC1,0.0
CC1=CC2OC3C(O)C(O)[C@@](C)([C@@]34CO4)[C@@]2(CO)C(O)C1=O,0.0
C=Cc1ccc(O)cc1,0.0
COc1ccc2c(C(F)(F)F)cc(=O)oc2c1,1.0
C[C@H](CO)NC(=O)[C@@H]1C=C2c3cccc4[nH]cc(c34)C[C@H]2N(C)C1,0.0
CC1(C)C(=O)CC(O)[C@]23C(=O)OC4OCC(=CCC12)C43,0.0
C=C(CCC=C(C)C)C1CCC=C(CCC=C(C)C)C1,0.0
CC(=O)Nc1nnc(S(N)(=O)=O)s1,0.0
Cn1c(=O)c2c(ncn2C)n(C)c1=O,1.0
O=C(O)c1cc(=O)[nH]c(=O)n1[C@@H]1O[C@H](COP(=O)(O)O)[C@@H](O)[C@H]1O,0.0
COc1ccc2c3c1OC1C(=O)CCC4(O)C(C2)N(C)CCC314,1.0
CCCCCC(=O)OC(CC(=O)[O-])C[N+](C)(C)C,0.0
CC(C)SC(C)C,0.0
C=C/C(C)=C\CC=C(C)C,0.0
Cc1cc(-c2ccccc2)n[nH]c1=NCCN1CCOCC1,1.0
Cc1ccc(Cl)c(OC[C@@H](O)CNC(C)(C)C)c1,1.0
C=CC[C@@H]1C=C(C)C[C@H](C)C[C@H](OC)[C@@H]2O[C@](O)(C(=O)C(=O)N3CCCC[C@H]3C(=O)O[C@H](/C(C)=C/[C@@H]3CC[C@@H](O)[C@H](OC)C3)[C@H](C)[C@@H](O)CC1=O)[C@H](C)C[C@@H]2OC,0.0
CCCN(CCC)C(=O)Cc1c(-c2ccc(Cl)cc2)nc2ccc(Cl)cn12,0.0
CC(C)C1=C2C3CC=C4C(O)[C@@]5(O)COC6OC(C4[C@@]6(O)C5O)[C@@]3(C)CC[C@]2(C)CC1,0.0
O=C(O)C1Cc2[nH]cnc2CN1,0.0
C[C@@]12CCC3c4ccc(O)cc4CCC3C1CC(OC1OC(C(=O)O)C(O)C(O)C1O)C2O,0.0
Cn1cnc2c(ncn2[C@@H]2O[C@H](COP(=O)(O)O)[C@@H](O)[C@H]2O)c1=N,0.0
O=C1NS(=O)(=O)c2ccccc21,0.0
CC1=CCCC(=C(C)C)C1,0.0
O=c1c(O)c(-c2ccc(O)c(O)c2)oc2cc(O)cc(O)c12,0.0
CC(=O)N[C@@H](Cc1ccc(O)cc1)C(=O)O,0.0
CC(C)CCCC(C)CCCC(C)CCCC(C)C(=O)NCC(=O)O,0.0
Cc1ccc(Nc2nccc(N(C)c3ccc4c(C)n(C)nc4c3)n2)cc1S(N)(=O)=O,1.0
CC(C)C(C)/C=C/C(C)C1CCC2C3=CC(O)C4=CC(=O)CC[C@@]4(C)C3CC[C@]21C,0.0
FC(F)OC(F)(F)[C@@H](F)Cl,0.0
CN(C)CCCN1c2ccccc2CCc2ccc(Cl)cc21,1.0
CC(NC(C)(C)C)C(=O)c1cccc(Cl)c1,1.0
O=C(O)CC(=O)C(=O)O,0.0
CC(=O)NCCC=O,0.0
CC(C)COC[C@@H](CN(Cc1ccccc1)c1ccccc1)N1CCCC1,0.0
O=P(O)(O)OCC1OC(OP(=O)(O)O)C(O)C1O,0.0
O=C(O)C(O)Cc1ccc(O)c(O)c1,0.0
COc1ccc(CCN(C)CCC[C@@](C#N)(c2cc(OC)c(OC)c(OC)c2)C(C)C)cc1OC,0.0
NC(=O)N1c2ccccc2CC(=O)c2ccccc21,0.0
CC1CC[C@@]2(OC1)OC1CC3C4CCC5CC(=O)CC[C@@]5(C)C4CC[C@@]3(C)C1C2C,0.0
COCc1c(C(C)C)nc(C(C)C)c(/C=C\[C@@H](O)C[C@@H](O)CC(=O)O)c1-c1ccc(F)cc1,0.0
CNC(=O)O/N=C(\C)SC,0.0
CCCC(=O)OC(C)Cc1ccccc1,0.0
CC(C)NCC(O)COc1ccc(COCCOC(C)C)cc1,1.0
CCCc1cc(=O)oc2c(C(=O)CC(C)C)c(O)c(CC=C(C)C)c(O)c12,0.0
O=c1n(C[C@@H](O)[C@@H](O)[C@H](O)CO)c2nc(O)nc(O)c2n1CCCOP(=O)(O)O,0.0
CCOC(=O)C[C@@H](SP(=S)(OC)OC)C(=O)OCC,0.0
CNC(=N)N,0.0
CN1CCc2nc(C(=O)N[C@@H]3CCCC[C@H]3NC(=O)c3cc4cc(Cl)ccc4[nH]3)sc2C1,0.0
O=C(CCCCCCC(=O)Nc1ccccc1)NO,0.0
NC(Cc1ccc(O)cc1)C(=O)NC(Cc1ccc(O)cc1)C(=O)O,0.0
CC(C)(C)NC[C@H](O)COc1cccc2c1CCC(=O)N2,1.0
COc1cc(C(C)=O)ccc1OCCCN1CCC(c2noc3cc(F)ccc23)CC1,1.0
C=C/C(C)=C/CC=C(C)C,0.0
CN1CCN(C(=O)NC(Cc2ccccc2)C(=O)NC(C=CS(=O)(=O)c2ccccc2)CCc2ccccc2)CC1,1.0
CC(NC(N)=O)c1cc2ccccc2s1,1.0
CC=CCC=CCCC(=O)[C@H]1O[C@H]1C(N)=O,0.0
OC[C@H]1O[C@@H](S[C@@H]2O[C@H](CO)[C@H](O)[C@H](O)[C@H]2O)[C@H](O)[C@@H](O)[C@H]1O,0.0
CN1CCC[C@@H]1CCO[C@](C)(c1ccccc1)c1ccc(Cl)cc1,0.0
Cc1nccn1C[C@H]1CCc2c(c3ccccc3n2C)C1=O,1.0
CCC(CC)C(=O)Oc1ccccc1C(=O)OC,0.0
CC1=C(/C=C\C2=CCC[C@]3(C)C2CCC3C(C)CCCC(C)C)CC(O)CC1,0.0
CCN1C(=O)N[C@H](c2ccccc2)C1=O,0.0
COC1=CC(=O)OC(CCc2ccc(OC)c(OC)c2)C1,0.0
COc1ccc([C@@H](CN(C)C)C2(O)CCCCC2)cc1,1.0
CCCCCCCCCCCC/C=C/C(O)C(COP(=O)(O)OCC[N+](C)(C)C)NC(=O)CCCCCCCCCCCCCCCCCCCCCCC,0.0
O=C1CC(C(=O)O)NC(=O)N1,0.0
Nc1ccc([N+](=O)[O-])c(C(F)(F)F)c1,1.0
C1=N/C2=N/c3ccc(OCCN4CCCC4)c(c3)COC/C=C/COCc3cccc(c3)C(=C1)N2,0.0
CCC1O[C@@]2(C)OCCC1O2,0.0
C=C(C)C1OC2CC[C@@]3(C)[C@@](O)(CCC4Cc5c([nH]c6cc7c(cc56)CC5C7=CC(C)(C)OC5(C)C)[C@@]43C)C2=CC1O,0.0
CN1CC[C@@]23c4c5ccc(O)c4O[C@@H]2C(=O)CC[C@@H]3[C@@H]1C5,1.0
N=C(N)NC[C@@H]1COc2ccccc2O1,1.0
O=c1[nH]c(=O)c2ncn(C3OC(COP(=O)(O)OP(=O)(O)OP(=O)(O)OP(=O)(O)OCC4OC(n5cnc6c(=O)[nH]c(=O)[nH]c65)C(O)C4O)C(O)C3O)c2[nH]1,0.0
O=C(Cc1cccs1)N1CCC(c2nc(-c3cccs3)no2)CC1,0.0
O=C(O)C(O)C(O)C(O)C(O)COP(=O)(O)O,0.0
CN1CCC(C(=O)c2cccc(NC(=O)c3c(F)cc(F)cc3F)n2)CC1,0.0
CN1CCCN([C@H](c2ccccc2)c2ccc(Cl)cc2)CC1,0.0
CC(C)(C)NC[C@H](O)COc1ccccc1C#N,1.0
CN(C)CCc1c[nH]c2ccc(CS(=O)(=O)N3CCCC3)cc12,1.0
CC1C(O)CC[C@@]2(C)CCC(C(C)(C)O)CC12,0.0
Oc1c(I)cc(I)c2cccnc12,0.0
O=C(O)C(=O)/C=C/CC(=O)c1ccccc1,0.0
O=C(O)[C@H](NOCCS)c1c[nH]c2ccccc12,0.0
CC(NCCCOc1cccc2ccccc12)C(F)(F)F,1.0
NC(Cc1ccccc1)C(=O)NC(CC(=O)O)C(=O)O,0.0
Cc1cccc(C)c1OCC(=O)N[C@@H](Cc1ccccc1)[C@@H](O)C[C@H](Cc1ccccc1)NC(=O)[C@H](C(C)C)N1CCCNC1=O,0.0
O=c1c(C2=Nc3ccccc3S(=O)(=O)N2)c(O)c2cc(F)ccc2n1CCC1CC1,0.0
COc1cc2nccc3c4ccccc4n(c1=O)c23,0.0
COc1ccc2c3c1OC1C(O)CCC4C(C2)N(C)CCC341,1.0
CCCCCCCC(O)=N[C@H](CN1CCCC1)[C@H](O)c1ccc2c(c1)OCCO2,1.0
O=C1CN(/N=C\c2ccc(-c3ccc([N+](=O)[O-])cc3)o2)C(=O)N1,0.0
CCCNCC(O)COc1ccccc1C(=O)CCc1ccccc1,1.0
OC(CCN1CCCCC1)(c1ccccc1)C1CCCC1,0.0
CC(C)C[C@H](N=C(O)CN=C(O)c1cc(Cl)ccc1Cl)B(O)O,1.0
CC1(C)Cc2c(-c3ccccc3)c(-c3ccc(Cl)cc3)c(CC(=O)O)n2C1,1.0
CC(C)(C)c1nnc([C@H]2O[C@@H](n3cnc4c(Nc5ccc(Cl)cc5F)ncnc43)[C@H](O)[C@@H]2O)o1,0.0
C[C@@H](c1ncncc1F)[C@](O)(Cn1cncn1)c1ccc(F)cc1F,0.0
C=C[C@](C)(O)CC(=O)C=C(C)C,0.0
CC(=O)[C@H]1CC[C@H]2[C@@H]3CCC4=CC(=O)CC[C@]4(C)[C@H]3CC[C@]12C,1.0
CC(C)Oc1ccc2c(=O)c(-c3ccccc3)coc2c1,0.0
CNCCCC1(c2ccc(F)cc2)OCc2cc(C#N)ccc21,1.0
CCCCCCCCCCC/C=C\CCCCC(=O)O,0.0
CC(C)(Oc1ccc([C@@H]2CC2(Cl)Cl)cc1)C(=O)O,0.0
NC(=O)C1=CN(C2OC(COP(=O)(O)OP(=O)(O)OCC3OC(n4cnc5c(N)ncnc54)C(O)C3O)C(O)C2O)C=CC1,0.0
O=C(OCCOCCO)c1ccccc1Nc1cccc(C(F)(F)F)c1,0.0
O=C(O)CC(CC(=O)O)C(=O)O,0.0
Nc1nc2c(c(=O)[nH]1)N(O)[C@@](O)(C(O)C(O)CO)C(O)N2O,0.0
CNC(=O)c1ccccc1Nc1nc(Nc2ccc(N3CCOCC3)cc2OC)ncc1Cl,0.0
C=C(C)C1CCC(C)(O)CC1,0.0
c1ccc2c(c1)Sc1ccccc1N2CC12CCN(CC1)CC2,1.0
C1CCC(C(C[C@H]2CCCCN2)C2CCCCC2)CC1,1.0
CC(=O)OC1C(C)OC(Oc2c(-c3cc(O)c(O)c(O)c3)oc3cc(O)cc(O)c3c2=O)C(O)C1OC(C)=O,0.0
C[C@@](Cc1ccccc1)(NC(=O)CN)c1ccccc1,0.0
C=C1CCC2CC=C(C#CC#CCC3OC3CCCCCCC)O[C@@]2(C)CCC2C1CC2(C)C,0.0
C/N=C(\NC)NCCCC(N)C(=O)O,0.0
CC1(C)S[C@H]([C@H](NC(=O)Cc2ccccc2)C(=O)NCc2ccccc2)N[C@H]1C(=O)O,0.0
Cc1onc(-c2c(F)cccc2Cl)c1C(=O)N[C@@H]1C(=O)N2[C@@H](C(=O)O)C(C)(C)S[C@H]12,0.0
N=C(N)NCCCC(NC(=O)C1CCCN1)C(=O)O,0.0
Cc1ncc([N+](=O)[O-])n1CC(C)O,0.0
CC(C)COCC(CN(Cc1ccccc1)c1ccccc1)N1CCCC1,1.0
CCN(CC)C(=O)[C@@H]1C=C2c3cccc4[nH]cc(c34)C[C@H]2N(C)C1,1.0
CCCN1CCCCC1C(=O)Nc1c(C)cccc1C,1.0
CCCCC/C=C\C/C=C\CCCCCCCC(=O)OCC1COP(=O)(O)O1,0.0
COc1ccc(Br)cc1NC(=O)Nc1cccc2c1ccn2Cc1ccnc(N)c1,0.0
CC(=O)CCCCn1c(=O)c2c(ncn2C)n(C)c1=O,0.0
O=C(O)CN1CCN(CC(=O)O)CCN(C(CO)C(O)CO)CCN(CC(=O)O)CC1,0.0
Cc1ncc([N+](=O)[O-])n1CCO,0.0
CN1CCN(CC/C=C2\c3ccccc3Sc3ccc(S(=O)(=O)N(C)C)cc32)CC1,0.0
O=C(O)C(Cc1ccccc1)NC(=O)C1CCCN1,0.0
NCCc1ccc(OC2OC(C(=O)O)C(O)C(O)C2O)cc1,0.0
Cc1onc(-c2ccccc2)c1-c1ccc(S(N)(=O)=O)cc1,1.0
CC1(C)C(O)CC[C@@]2(C)C1CC[C@]1(C)C2C(=O)C=C2C3C[C@](C)(C(=O)O)CC[C@]3(C)CC[C@]21C,0.0
CC(C)/N=C(N)/N=C(\N)NOCCCOc1cc(Cl)c(Cl)cc1Cl,1.0
CC(C)(Cc1c[nH]c2ccccc12)NCC(O)COc1ccccc1C#N,1.0
CCN(c1ccccc1)S(=O)(=O)c1ccc(NC(=O)C(C)(O)C(F)(F)F)c(C)c1,0.0
CC/C=C/C/C=C/C/C=C/C/C=C/C/C=C/C/C=C/CCC(=O)OC(CC(=O)[O-])C[N+](C)(C)C,0.0
CCCCC[C@H](O)/C=C/[C@H]1[C@H](O)CC(=O)[C@@H]1C/C=C\CCCC(=O)O,0.0
Cc1cc2ccccc2c2ccc3ccccc3c12,1.0
CCCC(C(=O)OCCN(CC)CC)(c1ccccc1)c1ccccc1,0.0
O=C(CO)C(O)C(O)C(O)COP(=O)(O)O,0.0
CN(C)c1ccc([C@H]2C[C@@]3(C)[C@@H](CC[C@]3(O)CCCO)[C@@H]3CCC4=CC(=O)CCC4=C32)cc1,0.0
COc1ccc(CCN2CCC(N=c3[nH]c4ccccc4n3Cc3ccc(F)cc3)CC2)cc1,1.0
COc1cc2c(cc1OC)C1CC(=O)C(CC(C)C)CN1CC2,1.0
Cc1ccccc1-c1cc(N2CCN(C)CC2)ncc1N(C)C(=O)C(C)(C)c1cc(C(F)(F)F)cc(C(F)(F)F)c1,1.0
Cn1c(=O)c(O)c(O)c2ccccc21,0.0
N[C@@H](C(=O)N[C@@H]1C(=O)N2C(C(=O)O)=C(CSc3c[nH]nn3)CS[C@H]12)c1ccc(O)cc1,0.0
CNCCCC1c2ccccc2C=Cc2ccccc21,1.0
O=C(O)C1CC(O)CN1C(=O)C1CCCN1,0.0
Nc1ccccc1,0.0
CC(/C=C/C=C(C)/C=C/[C@]12O[C@@]1(C)CC(O)CC2(C)C)=C\C=C\C=C(C)\C=C\C=C(/C)C1C=C2C(C)(C)CCC[C@]2(C)O1,0.0
CCOCCO,0.0
OC[C@H]1NC[C@H](O)[C@@H](O)[C@@H]1O,0.0
COc1cc(C[C@@](O)(C(=O)O)C(O)C(=O)O)ccc1O,0.0
CC(=O)NC1C(O)C[C@](OC2C(O)C(CO)OC(OC(C(O)CO)C(O)C(O)C=O)C2O)(C(=O)O)OC1C(O)C(O)CO,0.0
CCO,1.0
CCCCCCCC/C=C\CCCCCCCCCCCCCC(=O)NC(COC1OC(CO)C(OC2OC(CO)C(O)C(O)C2O)C(O)C1O)C(O)/C=C/CCCCCCCCCCCCC,0.0
CNC(=O)Oc1cccc2c1OC(C)(C)C2,1.0
CCN(CC)CCOCCOC(=O)C1(c2ccccc2)CCCC1,1.0
CCOc1cc(N)c(Cl)cc1C(=O)NC[C@@H]1CN(Cc2ccc(F)cc2)CCO1,0.0
C1CCN2CC3CC(CN4CCCCC34)C2C1,1.0
CN1[C@H]2CC[C@@H]1C[C@@H](OC(=O)c1c[nH]c3ccccc13)C2,1.0
NC(=O)c1cccnc1,0.0
CC(C)C[C@H](N=C(O)[C@@H](O)[C@H](N)Cc1ccccc1)C(=O)O,0.0
COCCCC/C(=N\OCCN)c1ccc(C(F)(F)F)cc1,1.0
CC(=O)OC1CC(C(C)CC(=O)/C=C(/C)C(=O)O)[C@]2(C)CC=C3C(=CCC4C(C)(C)C(O)CC[C@@]34C)[C@]12C,0.0
COc1ccc2cc(C#N)c(=O)oc2c1,1.0
O=c1[nH]c2ccccc2n1C1CCN(CCCC(c2ccc(F)cc2)c2ccc(F)cc2)CC1,0.0
COc1cccc2c1C(=O)c1c(O)c3c(c(O)c1C2=O)C[C@@](O)(C(C)=O)C[C@@H]3O[C@H]1C[C@H](N)[C@H](O)[C@H](C)O1,0.0
COCCOC(=O)C1=C(C)NC(C)=C(C(=O)OC/C=C/c2ccccc2)[C@H]1c1cccc([N+](=O)[O-])c1,0.0
CCC1CN2CCc3cc(OC)c(OC)cc3C2CC1CC1NCCc2cc(OC)c(OC)cc21,1.0
COc1ccc(-c2coc3cc(O)ccc3c2=O)cc1,1.0
O=C(Nc1cc(Br)c(O)c(Br)c1)c1cc(Cl)ccc1Cl,0.0
CCCCC/C=C\C(=O)O,0.0
Cc1cn([C@@H]2C[C@@H](O)[C@H](CO)O2)c(=O)[nH]c1=O,0.0
CCOCCn1c(N2CCCN(C)CC2)nc2ccccc21,0.0
Cc1c(OCC(F)(F)F)ccnc1C[S@@H](=O)c1nc2ccccc2[nH]1,0.0
CCCCCCCCCCCCCCC(O)C1CCC(C(O)CCCCCCCCCCCCC2=CC(C)OC2=O)O1,0.0
O=C(O)/C=C\C=C/C(=O)O,0.0
COC1=CC(=O)O[C@H]1[C@H](O)c1ccccc1Cl,0.0
NC(Cc1cnc[nH]1)C(=O)NC(Cc1ccccc1)C(=O)O,0.0
CC(C)CCCC(C)C1CCC2C3CCC4CC(O)CC[C@@]4(C)C3CC[C@@]12C,0.0
NC[C@@H](NC(=O)c1ccc(-c2ccnc3[nH]ccc23)s1)c1ccccc1,0.0
N#CCCCC1CS1,0.0
NS(=O)(=O)c1ccc(Nc2nc(OCC3CCCCC3)c3nc[nH]c3n2)cc1,0.0
CC(=O)c1ccc2c(c1)N(CCCN(C)C)c1ccccc1S2,0.0
CC(C)C1CCC(C(O)=N[C@H](Cc2ccccc2)C(=O)O)CC1,1.0
C=C(C)c1ccc(OC)c(CN[C@H]2C3CCN(CC3)[C@@H]2C(c2ccccc2)c2ccccc2)c1,1.0
CC(C)(CO)C(O)C(=O)NCCC(=O)NCCSSCCNC(=O)CCNC(=O)C(O)C(C)(C)CO,0.0
C=C1C(OC2OC(CO)C(O)C(O)C2O)CC2C(C)C(=O)OC2C2C(=C)CCC12,0.0
CCC(C)C(N)C(=O)NC(CCCNC(=N)N)C(=O)O,0.0
CC(C)C(=O)Oc1ccc(CO)cc1[C@H](CCN(C(C)C)C(C)C)c1ccccc1,1.0
O=C(O)CCCn1c2ccccc2c2ccccc21,0.0
CC(C)=CCC[C@]1(C)C(CC=C(C)C)C[C@]2(CC=C(C)C)C(=O)[C@@]1(C(=O)C(C)C)C(=O)C1=C2OC(C)(C)C=C1,0.0
c1ccc2[nH]c(-c3cscn3)nc2c1,0.0
CN1CCCCC1CCN1c2ccccc2Sc2ccc(S(C)=O)cc21,1.0
CCN(CC)C(=O)Nc1ccc(OCC(O)CNC(C)(C)C)c(C(C)=O)c1,0.0
Nc1[nH]c(=O)[nH]c(=O)c1N,0.0
CC(C)=CCS,0.0
C#CCN(C)[C@@H](C)Cc1ccccc1,1.0
CCCCN(CCCC)CCC(O)c1cc2c(Cl)cc(Cl)cc2c2cc(C(F)(F)F)ccc12,1.0
COc1cc(C[C@@H](CO)[C@H](CO)Cc2ccc(O)c(OC)c2)ccc1O,0.0
CCC1CC2CC3c4[nH]c5ccc(OC)cc5c4CCN(C2)C13,1.0
C/C=C(\C)C(=O)OC1C2=C(C)C(=O)O[C@@]2(OC)CC2CCC(O)C(C)[C@@]21C,0.0
O=c1cc(C(F)(F)F)c2cc(N(CC(F)(F)F)CC(F)(F)F)ccc2[nH]1,0.0
C/C=C/C=C/C#C/C=C\CCCCCCCCC(=O)O,0.0
CC(C)(COP(=O)(O)OP(=O)(O)OCC1OC(n2cnc3c(N)ncnc32)C(O)C1OP(=O)(O)O)C(O)C(=O)NCCC(=O)NCCSC(=O)CCN,0.0
CN1CCN=C(c2ccccc2)c2cc(Cl)ccc21,0.0
CN(C)CC[C@@H](c1ccc(Cl)cc1)c1ccccn1,1.0
CC(C)(Oc1ccc(Cl)cc1)C(=O)O,0.0
CCC/C=C/C=C/C(=O)SCCNC(=O)CCNC(=O)C(O)C(C)(C)COP(=O)(O)OP(=O)(O)OCC1OC(n2cnc3c(N)ncnc32)C(O)C1OP(=O)(O)O,0.0
Cc1nc2n(c(=O)c1CCN1CCC(c3noc4cc(F)ccc34)CC1)CCCC2,1.0
O=C(O)CCC1c2ccc(O)cc2Oc2cc(O)ccc21,0.0
CNCc1ccccc1-c1cccs1,0.0
CN(C)CC/C=C1\c2ccccc2COc2ccccc21,1.0
O=C(O)c1[nH]c(C(=O)O)c(-c2c[nH]c3ccccc23)c1-c1c[nH]c2ccccc12,0.0
Cc1nc2c([nH]1)c(=O)n(C)c(=O)n2Cc1ccco1,0.0
COc1ccccc1/C=N\OCCC(=O)O,0.0
O=C(O)C(=O)C(O)=C(O)O,0.0
O=C(Nc1cc([C@@H]2CCCN2)[nH]n1)Nc1cccc2c1[C@@H]1CCCN1C2=O,0.0
Cn1c(=O)c2c(ncn2CC2OCCO2)n(C)c1=O,0.0
CCOC(=O)C1=C(C)NC(C)=C(C(=O)OCC)C1c1ccccc1/C=C\C(=O)OC(C)(C)C,0.0
NC1=N[C@@]2(c3cc(NC(=O)c4ccc(F)cn4)ccc3F)COC[C@H]2CS1,0.0
NC(N)=NCC1COc2ccccc2O1,1.0
CN(CCCC(=O)c1cccnc1)N=O,1.0
COc1ccc(S(=O)(=O)N(Cc2cccnc2)[C@@H](C(=O)NO)C(C)C)cc1,0.0
COc1cc(/C=C/C(=O)Nc2ccccc2C(=O)O)ccc1O,0.0
OCCN1CCN(CCCN2c3ccccc3C=Cc3ccccc32)CC1,1.0
O=C(O)C(=O)Nc1sc2c(c1C(=O)O)CCNC2,0.0
CN[C@@H]1CN(c2ccc3c(=O)c(C(=O)O)cn(-c4nccs4)c3n2)C[C@H]1OC,1.0
C[C@]12CC[C@@H]3c4ccc(O)cc4CC[C@H]3[C@@H]1CC[C@@H]2O,1.0
Cc1ccc(Sc2ccccc2N2CCNCC2)c(C)c1,1.0
O=C(NCc1ccncc1)C12CC3CC(C1)CC(c1ccc(Cl)cc1)(C3)C2,0.0
CCCCCCC/C=C/C=C/C=O,0.0
C#CCCCCCCCCCCCc1ccco1,0.0
Nc1nc2ccc(OC(F)(F)F)cc2s1,0.0
Oc1cc(Cl)ccc1Oc1ccc(Cl)cc1Cl,0.0
COC(=O)C1=C(C)NC(C)=C(C(=O)OCCN(C)Cc2ccccc2)[C@H]1c1cccc([N+](=O)[O-])c1,1.0
CCNc1ncn(Cc2ccc(OC)c(OC3CCCC3)c2)c2nc(C(C)C)nc1-2,1.0
C=C1C[C@]23CC1C(O)CC2[C@]1(C)CCC(O)[C@@](C)(C(=O)O)C1C3C(=O)O,0.0
COc1ccc2c(c1)c(CC(=O)O)c(C)n2C(=O)c1ccc(I)cc1,0.0
O=C1OC(CO)C(O)C(O)C1O,0.0
NCCCC(N)C(=O)O,0.0
CCCN1CCC[C@@H](c2cccc(S(C)(=O)=O)c2)C1,1.0
CC1=CCC(C(C)C)c2cc(C)ccc21,0.0
NS(=O)(=O)c1cc2c(s1)S(=O)(=O)N(Cc1cccs1)C[C@@H]2O,0.0
CC(C)=CCc1c(-c2ccc(O)cc2O)oc2c(C3C=C(C)CC(c4ccc(O)cc4O)C3C(=O)c3ccc(O)cc3O)c(O)cc(O)c2c1=O,0.0
O=C(O)[C@H]1C[C@H]1C(=O)Nc1cc(F)ccc1F,0.0
Cc1ccc(C)c(OCCCC(C)(C)C(=O)O)c1,0.0
CCn1cc(C(=O)O)c(=O)c2cc(F)c(N3CCNCC3)nc21,0.0
N[C@@H](CN(O)N=O)C(=O)O,0.0
CC1=CC2C(=C(C)CCC2C(C)C)CC1,0.0
C#Cc1cccc(Nc2ncnc3cc(OCCOC)c(OCCOC)cc23)c1,1.0
c1ccc(-c2ncc(-c3cc[nH]n3)s2)cc1,0.0
N=C(Cc1c[nH]c2ccccc12)C(=O)O,0.0
NC1=NCC2c3ccccc3Cc3ccccc3N12,1.0
Clc1cccc([C@H](c2ccc3nc[nH]c3c2)n2ccnc2)c1,0.0
COc1cc([C@@H]2c3cc4c(cc3[C@@H](O[C@@H]3O[C@@H]5CO[C@@H](C)O[C@H]5[C@H](O)[C@H]3O)[C@H]3COC(=O)[C@H]23)OCO4)cc(OC)c1O,0.0
CC(N)(Cc1ccc(O)c(O)c1)C(=O)O,1.0
O=C(O)CC(=O)O,0.0
CC[C@]1(C)CC(=O)NC1=O,0.0
O=P(O)(O)C(NC1CCCCCC1)P(=O)(O)O,0.0
CCCCCCCS,0.0
O=C(CCCN1CCC(O)(c2ccc(Br)cc2)CC1)c1ccc(F)cc1,1.0
CC(=O)[C@H]1CC[C@H]2[C@@H]3CC=C4C[C@@H](O)CC[C@]4(C)[C@H]3CC[C@]12C,1.0
C[C@@H]1CC[C@H]2[C@@H](C)C(=O)O[C@@H]3O[C@@]4(C)CC[C@@H]1[C@]32OO4,1.0
Cn1c2c(c3ccc(Cl)cc31)[C@@H](C#N)C1(CCNCC1)NC2=O,0.0
CC(C)Nc1cccnc1N1CCN(C(=O)c2cc3cc(NS(C)(=O)=O)ccc3[nH]2)CC1,1.0
OC[C@H](O)[C@H](O)CO,0.0
CCN1c2ncc(CCOc3cc[n+]([O-])c4ccccc34)cc2C(=O)N(C)c2cccnc21,0.0
CC(C(=O)O)C(=O)OC(CC(=O)[O-])C[N+](C)(C)C,0.0
CN1CCC[C@@H](n2nc(Cc3ccc(Cl)cc3)c3ccccc3c2=O)CC1,1.0
CC(C)NCC(O)COc1ccc(CC(=N)O)cc1,1.0
COC[C@]1(O)C2C[C@@]3(C(C)CC[C@]3(O)[C@@]13COC3=O)C(O)C(=O)O2,0.0
CCc1cc(-c2n[nH]cc2-c2c[nH]cn2)c(O)cc1O,0.0
CC(C)NCC(O)c1cc(O)cc(O)c1,0.0
N#Cc1ccc2[nH]cc(CCCCN3CCN(c4ccc5oc(C(=N)O)cc5c4)CC3)c2c1,1.0
C[C@@H](Cc1ccccc1)NCCC#N,1.0
O=C1C[C@@H](c2ccc(O)cc2)Oc2cc(O)ccc21,0.0
N#Cc1ccc(COc2ccc3cc(S(=O)(=O)N[C@H](CCC(=O)O)C(=O)O)ccc3c2)cc1,0.0
O=C1CC[C@@H](C(=O)N2CSC[C@H]2C(=O)O)N1,0.0
COc1cc(CNC(=O)CCCCCC(C)C)ccc1O,0.0
O=C1NC(=O)C(N2C(=O)c3ccccc3C2=O)CC1O,0.0
COC1O[C@]23C=CC4[C@@]1(CC[C@@]1(C)C(C(C)C/C=C/C(C)(C)OC)CC[C@]41C)C2CCC(OC1OC(CO)C(O)C(O)C1O)C3(C)C,0.0
CC(C)COC(=O)c1ccccc1C(=O)O,0.0
CCCCCC/C=C\CCCCCCCCCC(=O)O,0.0
COc1ccc(CCNCC(O)COc2cccc(C)c2)cc1OC,1.0
C[C@]12CO[C@](C)(O1)[C@@]13CC2CC[C@@]1(C)CCC3O,0.0
CN(c1nccc(=O)[nH]1)C1CCN(c2nc3ccccc3n2Cc2ccc(F)cc2)CC1,1.0
CCC(C)c1cc([N+](=O)[O-])cc([N+](=O)[O-])c1OC(C)=O,0.0
Oc1ccc(C2COc3cc(O)ccc3C2)cc1,0.0
COc1ccc(OC(F)(F)F)cc1CN[C@@H]1CCCN[C@H]1c1ccccc1,1.0
O=C(O)CCC(=O)N[C@@H](C(=O)O)c1ccccc1,0.0
CC(C)(C)c1ccc(C(=O)CCCN2CCC(OC(c3ccccc3)c3ccccc3)CC2)cc1,0.0
C=C1C[C@@]23C[C@]1(O)CCC2[C@@]12CC(OC4OC(CO)C(O)C(O)C4O)C(O)[C@@](C)(C(=O)O1)C2C3C(=O)O,0.0
CCCCC/C=C\C/C=C\C/C=C\C/C=C\CCCC(=O)O,1.0
Cc1cccc(Nc2ccncc2S(=O)(=O)NC(=O)NC(C)C)c1,0.0
COc1cc2c(cc1O)C1Cc3cc(O)c(O)cc3[N@@+]1(C)CC2,0.0
Nc1ccc2nc(N)nc(N)c2c1,0.0
CCC(/C=C/C(C)C1CCC2C3=CCC4CC(OC5OC(CO)C(O)C(O)C5OC5OC(CO)C(O)C(O)C5OC5OC(CO)C(O)C(O)C5O)CC[C@@]4(C)C3CC[C@@]21C)C(C)C,0.0
CN1CCC[C@H]1CCn1cc(C2=C(c3c[nH]c4ccccc34)C(=O)NC2=O)c2ccccc21,0.0
NS(=O)(=O)c1ccc(C(=O)NCc2ccc(F)cc2F)cc1,0.0
CO[C@]1(CCC(C)COC2OC(CO)C(O)C(O)C2O)OC2CC3C4CCC5CC(OC6OC(CO)C(O)C(O)C6OC6OC(CO)C(O)C(O)C6O)CC[C@@]5(C)C4CC[C@@]3(C)C2C1C,0.0
O=C(NC1CCNCC1)c1n[nH]cc1NC(=O)c1c(Cl)cccc1Cl,0.0
COc1cc2c(cc1OC)[C@@H]1CC(=O)[C@@H](CC(C)C)CN1CC2,1.0
N=C(N)c1ccc(O[C@H]2CO[C@@H]3[C@H](Oc4ccc(C(=N)N)cc4)CO[C@H]23)cc1,0.0
O=C(O)c1cc(/N=N\c2ccc(S(=O)(=O)Nc3ccccn3)cc2)ccc1O,0.0
COc1cc(C2OCC(Cc3ccc4c(c3)OCO4)C2CO)ccc1O,0.0
C=C1C(OC(=O)CC(C)C)CC(C(C)C)C2C1CC(=O)C2C(C)O,0.0
CNCCCC[C@H](N)C(=O)O,0.0
CCS(=O)(=O)N1CC(CC#N)(n2cc(-c3ncnc4[nH]ccc34)cn2)C1,0.0
CC(=O)C(=O)O,0.0
CCC1=C(C)C(CC2=N/C(=C\c3[nH]c(CC4NC(=O)C(C)=C4CC)c(C)c3CCC(=O)O)C(CCC(=O)O)=C2C)NC1=O,0.0
CCc1nn(CCCN2CCN(c3cccc(Cl)c3)CC2)c(=O)n1CCOc1ccccc1,1.0
Cc1cccc(C)c1OCC(C)N,1.0
Nc1ccc2c3c(cccc13)C(=O)NC2=O,0.0
CN[C@H](C)Cc1ccc(OC)cc1,1.0
O=C(/C=C/c1ccccc1)c1cc(O)ccc1O,0.0
N=C(N)NCCCCN,0.0
O=c1[nH]cnc2c1ncn2[C@@H]1O[C@H](COP(=O)(O)O)[C@@H](O)[C@H]1O,0.0
CSCCC(NC=O)C(=O)O,0.0
CC1CCC2C(C)C3C(CC4C5CC=C6CC(OC7OC(CO)C(OC8OC(C)C(O)C(O)C8O)C(O)C7OC7OC(C)C(O)C(O)C7O)CC[C@@]6(C)C5CC[C@]43C)N2C1,0.0
CCC(C)C(N)C(=O)NC(CO)C(=O)O,0.0
N=C(N)c1ncn([C@@H]2O[C@H](CO)[C@@H](O)[C@H]2O)n1,0.0
Cn1cc(-c2cc3cccnc3[nH]2)c2cc(C(=O)NC(C)(C)CO)ccc21,0.0
CC1(C)OC2CC(=O)OC[C@@]23C1CC(=O)[C@]1(C)C3CC[C@]2(C)C(c3ccoc3)OC(=O)C3O[C@@]321,0.0
Oc1ccc(-c2noc3cc(O)ccc23)c(O)c1,0.0
C=CCOc1ccc(CC(=O)O)cc1Cl,0.0
C=C(C(C)C)C(O)C(O)C(C)C1CCC2C3COC(=O)C4CC(O)C(O)C[C@@]4(C)C3CC[C@@]12C,0.0
CC(=O)Oc1c(C)cc(OCC(O)CNC(C)C)c(C)c1C,1.0
O=C(O)C1Cc2c([nH]c3ccccc23)C(C(O)C(O)C(O)C(O)CO)N1,0.0
CN1CCN(CCCN2c3ccccc3Sc3ccc(S(=O)(=O)N(C)C)cc32)CC1,0.0
CCCCOC(=O)C(=O)Nc1cccc(-c2nnn[nH]2)c1,0.0
NCCC[C@](N)(C(=O)O)C(F)F,0.0
NC(CNC(=O)C(=O)O)C(=O)O,0.0
CC(C)C[C@@H](N)C(=O)N1CCC[C@H]1C(=O)NCc1cccc(Cl)c1,0.0
COc1ccc([C@H](CC(=O)O)N2CCN(CCCc3ccc4c(n3)NCCC4)C2=O)cn1,1.0
CC(=O)C[C@@H](c1ccccc1)c1c(O)c2ccccc2oc1=O,1.0
CCCCCCOC1OC(COC2OC(CO)C(O)C2O)C(O)C(O)C1O,0.0
CCC(C)(C)NC[C@H](O)COc1ccccc1C(=O)CCc1ccccc1,1.0
N#Cc1ccc([C@H]2CCCc3cncn32)cc1,0.0
C=C(C)c1ccc(OC)c(CN[C@H]2C3CCN(CC3)[C@H]2C(c2ccccc2)c2ccccc2)c1,1.0
COCc1c(C(=O)OC(C)C)ncc2[nH]c3ccc(OCc4ccccc4)cc3c12,0.0
O=C1N2C=C(c3ccc(O)cc3)N[C@@H](Cc3ccccc3)C2=N[C@@]1(Cc1ccc2ccccc2c1)OO,0.0
CC1=C(C(=O)O)N2C(=O)[C@@H](NC(=O)[C@H](N)c3ccccc3)[C@H]2SC1,1.0
CN1CCN(CCCCN2C(=O)CN(/N=C\c3ccc(-c4ccc(Cl)cc4)o3)C2=O)CC1,0.0
CCCCCCCCCCCCC/C=C/C(O)C(CO)NC(=O)CCCCCCCCCCCCCCC,0.0
CCN(CC)CCCC(C)Nc1ccnc2cc(Cl)ccc12,1.0
COc1ccc(-c2nc3cc(C4=NNC(=O)C[C@H]4C)ccc3[nH]2)cc1,0.0
Cc1c(C)c2c(c(C)c1O)CC[C@](C)(COc1ccc(C[C@@H]3SC(=O)NC3=O)cc1)O2,1.0
C[C@@]12C(=O)C=CC=C1C(O)CC1C2CC[C@@]2(O)C(=O)O[C@@]3(C)C4C[C@]5(C)C(CO[C@@]16O[C@]23C5C6=O)C(=O)O4,0.0
CCOC(=O)C(C)Oc1ccc(Oc2nc3ccc(Cl)cc3o2)cc1,0.0
Nc1cc(Cl)ccc1C(=O)C[C@H](N)C(=O)O,0.0
Oc1ccc(-c2cnc3ccc4ccncc4c3c2)cc1,0.0
CC(C)Nc1nc2ccc(-c3ocnc3-c3ccccc3F)cc2s1,0.0
COc1cc(NS(C)(=O)=O)ccc1N=c1c2ccccc2[nH]c2ccccc12,1.0
CNC(=O)c1cccc(NCC(=O)NCCc2ccc(OC)c(OC)c2)c1,0.0
CC1=CC(O)[C@@]2(C)C(O)C[C@@]3(C)C(CCC4[C@]5(C)CCC(O)C(C)(C)C5CC[C@@]43C)C2C1C,0.0
O=COCc1ccccc1,0.0
CN(NC(=O)CC(=O)NN(C)C(=S)c1ccccc1)C(=S)c1ccccc1,0.0
CN1C(=O)OC(C)(C)C1=O,0.0
C[N+](C)([O-])CCC=C1c2ccccc2CCc2ccccc21,0.0
Cc1cccc(C)c1NC(=O)[C@H](C)N,0.0
C[C@@H]1CC[C@H]2[C@@H](C)[C@@H](OC(=O)CCC(=O)O)O[C@@H]3O[C@@]4(C)CC[C@@H]1[C@@]23OO4,0.0
CCN(CC)C(=O)SC,1.0
Cc1cc2c(OCC(CNC(C)(C)C)OC(=O)c3ccccc3)cccc2[nH]1,1.0
NCCc1ccc(O)c(O)c1,1.0
Oc1ccc2ccc(OCCCCN3CCN(c4cccc5sccc45)CC3)cc2n1,1.0
CN(C)CCO,1.0
C=C(C)C(C)CCC(C)C1CC[C@@]2(C)C3CCC4C(C)(C)C(OC(=O)CCCCCCCCCCCCCCC)CC[C@]45C[C@]35CC[C@]12C,0.0
Clc1ccc([C@@H](Cn2ccnc2)OCc2ccsc2Cl)c(Cl)c1,0.0
CCN(CC)C(=S)SSC(=S)N(CC)CC,1.0
CC(C)=CC1CC(C)CCO1,0.0
COc1cc(OC)c(C(=O)CCCN2CCCC2)c(OC)c1,1.0
CCOC(=O)Nc1ccc(NCc2ccc(F)cc2)cc1N,0.0
Nc1cccc(-c2cnn3ccc(Nc4cccc(Cl)c4)nc23)c1,0.0
N=CCN,0.0
OCC(O)C(O)C(O)CO,0.0
C[C@]12CC(=O)[C@H]3[C@@H](CCC4=CC(=O)C=C[C@@]43C)[C@@H]1CC[C@]2(O)C(=O)CO,0.0
C[C@]12C=CC(=O)C=C1CC[C@@H]1[C@@H]2CC[C@]2(C)[C@@H](O)CC[C@@H]12,0.0
C[C@]12CCC(O)CC1=CCC1C2C(O)C[C@]2(C)C1CC[C@]2(O)C(=O)CO,0.0
C[C@]12C[C@H](O)[C@H]3[C@@H](CCC4=CC(=O)C=C[C@@]43C)[C@@H]1CC[C@]2(O)C(=O)CO,0.0
Cc1ccc(C(=O)Nc2ccc(CN3CCN(C)CC3)c(C(F)(F)F)c2)cc1C#Cc1cnc2cccnn12,1.0
C[C@]12CC[C@H]3[C@@H](CC=C4C[C@@H](O)CC[C@@]43C)[C@@H]1CC[C@@H]2O,0.0
Cc1c2ccccc2c(CCC(=O)O)c2ccccc12,0.0
O=C(O)c1ccc(C(=O)O)o1,0.0
CC(C)=CCC/C(C)=C\CC/C(C)=C\CC/C(C)=C/C=C/C=C(\C)CC/C=C(\C)CC/C=C(/C)CCC=C(C)C,0.0
CCN(CC)C(=O)CSc1ccc(Cl)nn1,0.0
CC(C)CC(O)CC(C)CCC(=O)c1ccoc1,0.0
COc1ccc([N+](=O)[O-])cc1,1.0
CC(C)=CCC[C@](C)(OC1OC(CO)C(O)C(O)C1O)C1CC[C@@]2(C)C1C(O)CC1[C@]3(C)CCC(OC4OC(CO)C(O)C(O)C4O)C(C)(C)C3C(O)C[C@@]12C,0.0
O=C(O)c1ccc(OCCn2ccnc2)cc1,0.0
CCn1cc(C(=O)O)c(=O)c2cc(F)c(N3CCN[C@H](C)C3)c(F)c21,0.0
CCCc1nc2c(C)cc(-c3nc4ccccc4n3C)cc2n1Cc1ccc(-c2ccccc2C(=O)O)cc1,0.0
Cc1nnc(SCC2=C(C(=O)O)N3C(=O)C(NC(=O)Cn4cnnn4)C3SC2)s1,0.0
CN1CCC[C@H](n2nc(Cc3ccc(Cl)cc3)c3ccccc3c2=O)CC1,1.0
Cc1nc2n(c(=O)c1CCN1CCC(c3noc4cc(F)ccc34)CC1)CCC[C@@H]2O,1.0
CC/C=C\CCOC(=O)CCCCC,0.0
CN1C(=O)C[C@@H](c2ccccc2)C1=O,0.0
CCCCCCCCC/C=C/CCCCC(=O)O,0.0
OC[C@H]1O[C@@H](c2ccc(Cl)c(Cc3ccc(O[C@H]4CCOC4)cc3)c2)[C@H](O)[C@@H](O)[C@@H]1O,0.0
CCC1C2CC3C4N(C)c5ccccc5C45CC(C2C5O)N3C1O,1.0
C[C@]12CCC3C(CCC4C=CCC[C@@]43C)C1CCC2=O,0.0
CCOC(=O)[C@H](CCc1ccccc1)N[C@@H](C)C(=O)N1[C@H](C(=O)O)C[C@H]2CCCC[C@@H]21,0.0
C=C1CC[C@H](O)C/C1=C/C=C1\CCC[C@@]2(C)[C@H]1CC[C@@H]2[C@H](C)CCCC(C)(C)O,0.0
Cc1cccc(Nc2nc(Nc3ccc(CC(=O)O)cc3)ncc2C(N)=O)c1,0.0
CCN(CC)C(=O)C1CN2CCc3cc(OC)c(OC)cc3C2CC1OC(C)=O,0.0
CCOC1O[C@H]([C@@H](COCc2ccccc2)OCc2ccccc2)[C@H](OCc2ccccc2)[C@H]1O,0.0
O=C(Nc1ccc2[nH]ccc2c1)c1cc(F)cc(N2CCOCC2)c1,0.0
O=C(N[C@H](Cc1cc(=O)[nH]c2ccccc12)C(=O)O)c1ccc(Cl)cc1,0.0
Fc1ccc(C(OCCN2CCN(CCCc3ccccc3)CC2)c2ccc(F)cc2)cc1,1.0
CN1CCN(c2cnc3cc(C(F)(F)F)cc(-c4cccc(O)c4)c3n2)CC1,0.0
N=C(N)c1ccc(OCCCCCOc2ccc(C(=N)N)cc2)cc1,1.0
O=C1CC(c2ccc(Oc3c(O)c(C(=O)/C=C/c4ccc(O)cc4)c(O)c(C4OC(CO)C(O)C(O)C4O)c3O)cc2)Oc2cc(O)cc(O)c21,0.0
CC(=O)[C@@]1(O)CC[C@H]2[C@@H]3C=C(Cl)C4=CC(=O)[C@@H]5C[C@@H]5[C@]4(C)[C@H]3CC[C@@]21C,0.0
NCC(N)=O,0.0
C/C(C(=O)O)=C(\C)C(=O)O,0.0
Nc1ccc(S(N)(=O)=O)cc1,0.0
OC[C@H]1O[C@@H](O[C@@H]2[C@@H](CO)OC(O)[C@H](O)[C@H]2O)[C@H](O)[C@@H](O)[C@@H]1O,0.0
CC(N)Cc1ccc2c(c1)OCO2,1.0
O=C(O)CCCC/C=C\CC(=O)CC/C=C/C=C\C(O)CCCC(=O)O,0.0
O=C(O)CNC(=O)c1cccc(Cl)c1,0.0
O=S(=O)(CCc1ccc2[nH]cc(CC3CCCN3)c2c1)c1ccccc1,0.0
COC1C=CC2=CCN3CCc4cc5c(cc4[C@@]23C1)OCO5,0.0
NCCCCC(N)C(=O)NC(CS)C(=O)O,0.0
CC1=C(/C=C/C(C)=C\C=C\C(C)=C/C(=O)O)C(C)(C)CCC1,0.0
CC1=C(C)C2CC1CC2O,0.0
CCCCCCCCCCCCOC(=O)CC,0.0
Oc1ccccc1O,0.0
O=P(O)(O)O[C@H]1[C@H](O)[C@@H](OP(=O)(O)O)[C@H](OP(=O)(O)O)[C@@H](O)[C@H]1O,0.0
CCCCCOc1ccc2nc3ccc(=O)cc-3oc2c1,1.0
O=C(C1CCCCC1)N1CC(=O)N2CCc3ccccc3[C@H]2C1,1.0
COc1ccccc1OC[C@@H](O)CN1CCN(CC(=O)Nc2c(C)cccc2C)CC1,0.0
CCCCC1C(=O)N(c2ccccc2)N(c2ccccc2)C1=O,0.0
COc1ccccc1Oc1c(NS(=O)(=O)c2ccc(C(C)(C)C)cc2)nc(-c2ncccn2)nc1OCCO,0.0
CCCN(CCc1cccs1)[C@H]1CCc2c(O)cccc2C1,1.0
CN(C)CCC[C@]1(c2ccc(F)cc2)OCc2cc(C#N)ccc21,1.0
C[C@@H](O)c1ccccc1,0.0
CC(CCC(=O)NCCS(=O)(=O)O)C1CCC2C3C(O)CC4CC(O)CC[C@]4(C)C3CC[C@]12C,0.0
C/C=C(/C)C(=O)OC1C(O)C(C)(C)CC2C3=CCC4[C@]5(C)CCC(O)[C@@](C)(CO)C5CC[C@]4(C)[C@]3(C)CC(O)[C@]21CO,0.0
CCOC(=O)/C=C1\SC(N2CCCCC2)C(=O)N1C,0.0
Cc1c(Cc2ccc3ccccc3n2)c2cc(F)ccc2n1CC(=O)O,0.0
O=C(O)C1=C(CSc2nnnn2CS(=O)(=O)O)CSC2C(NC(=O)C(O)c3ccccc3)C(=O)N12,0.0
O=C(O)[C@@H]1O[C@@H](O)[C@H](OS(=O)(=O)O)[C@@H](O)[C@@H]1O,0.0
NC(CCC(=O)O)C(=O)NC(CC(=O)O)C(=O)O,0.0
C=Cc1ccccc1,1.0
OC[C@H]1O[C@@H](O)[C@H](O)[C@@H](O)[C@@H]1O[C@@H]1O[C@H](CO)[C@H](O)[C@H](O)[C@H]1F,0.0
C/C=C/C=C/C=C/CC/C=C/C=C/C(=O)NCC(C)C,0.0
Cc1nccn1C[C@@H]1CCc2c(c3ccccc3n2C)C1=O,1.0
CN(C)CCC(c1ccc(Cl)cc1)c1ccccn1,1.0
CCCCC/C=C/CCCCCC/C=C\C=C\C(=O)N1CCCCC1,0.0
CNCCCC12CCC(c3ccccc31)c1ccccc12,1.0
CC(C)c1cc2c(c(O)c1O)C(=O)C1CCCC(C)(C)C1CC2,0.0
COCC(=O)O[C@]1(CCN(C)CCCc2nc3ccccc3[nH]2)CCc2cc(F)ccc2[C@@H]1C(C)C,0.0
C=C1C[C@@]23C[C@]1(OC1OC(CO)C(O)C(O)C1O)CCC2[C@]12CCC[C@](C)(C(=O)O1)C2C3C(=O)O,0.0
C[C@H](CCC(=O)O)[C@H]1CC[C@H]2[C@H]3[C@H](CC[C@@]21C)[C@@]1(C)CC[C@@H](O)C[C@@H]1C[C@H]3O,0.0
C[C@H](CN1c2ccccc2Sc2ccccc21)N(C)C,1.0
OC[C@H]1O[C@H](O[C@H]2O[C@H](CO)[C@@H](O)[C@H](O)[C@H]2O)[C@H](O)[C@@H](O)[C@@H]1O,0.0
CNC(=O)c1cccc2cc(Oc3ccnc4cc(OCC5(N)CC5)c(OC)cc34)ccc12,0.0
CC(C)N=c1cc2n(-c3ccc(Cl)cc3)c3ccccc3nc-2cc1Nc1ccc(Cl)cc1,0.0
COCCCC/C(=N/OCCN)c1ccc(C(F)(F)F)cc1,1.0
C/C1=C\CCC(C=O)C2CC(C)(C)C2CC1,0.0
CCC1(c2ccccc2)N=C(O)N(C)C1=O,1.0
CCCOC(C)=O,0.0
O=C1c2ccccc2C(=O)c2ccccc21,0.0
CCC(CCC(C)C1CCC2C3=CCC4CC(O)CC[C@]4(C)C3CC[C@]21C)=C(C)C,0.0
O=C(COP(=O)(O)O)Cc1c[nH]cn1,0.0
CC(=O)OC1C[C@]2(C)C(CCC(O)[C@@]2(C)O)[C@](C=O)(CC(O)c2ccoc2)C1C,0.0
Nc1cc2nc3ccccc3oc-2cc1=O,0.0
NC(Cc1c[nH]c2ccccc12)C(=O)NC(Cc1ccc(O)cc1)C(=O)O,0.0
CC1=CC(=O)C[C@@]2(C)CCC(=C(C)C)CC12,0.0
CC(=O)[C@H]1CC[C@H]2[C@@H]3CC[C@@H]4C[C@H](O)CC[C@]4(C)[C@H]3CC[C@]12C,0.0
CC1CC(C)(C)CC1=O,0.0
CC(C)[C@@H](C)/C=C/[C@@H](C)[C@H]1CC[C@H]2/C(=C/C=C3\C[C@@H](O)CC[C@@H]3C)CCC[C@@]21C,0.0
Cc1ccsc1C(=CCCN1CCC[C@@H](C(=O)O)C1)c1sccc1C,1.0
C=CCCCCCOC(=O)C(C)CCCC(C)CCCC(C)CCC(=O)O,0.0
CCC1OC1C/C=C\C/C=C\CCCCCCCC(=O)O,0.0
CCCCC(=O)N(Cc1ccc(-c2ccccc2-c2nnn[nH]2)cc1)[C@H](C(=O)O)C(C)C,0.0
CCOc1ccc2c3c1O[C@H]1[C@@H](O)C=C[C@H]4[C@@H](C2)N(C)CC[C@]314,1.0
OC(Cn1cncn1)(Cn1cncn1)c1ccc(F)cc1F,0.0
CCCCCCCCCCCCCCCCCC(=O)NCCO,0.0
C#CC#CC#CCCO,0.0
C[C@]1(Cn2ccnn2)[C@H](C(=O)O)N2C(=O)C[C@H]2S1(=O)=O,0.0
CCC(=O)N(c1ccccc1)[C@@]1(C(=O)OC)CCN(CCc2ccccc2)C[C@H]1C,0.0
O=P(O)(O)OP(=O)(O)OP(=O)(O)OCC1OC(n2cnc3c(O)ncnc32)C(O)C1O,0.0
COC1OC[C@@]2(O)C(OC(C)=O)C3CC(C)(C)CC3[C@@]3(C)C[C@]132,0.0
Cc1ncc(COP(=O)(O)O)c(C=O)c1O,0.0
CN1CC(=O)N2[C@H](Cc3c([nH]c4ccccc34)[C@H]2c2ccc3c(c2)OCO3)C1=O,0.0
C[C@@H](C#Cc1ccc(Cc2ccccc2)s1)N(O)C(N)=O,1.0
Cc1c[nH]c(/C=C2\C(=O)Nc3ccccc32)c1CCC(=O)O,0.0
O=C(O)[C@H](S)[C@H](S)C(=O)O,0.0
CN(C)/C(N)=N/CCC[C@H](N)C(=O)O,0.0
CC(C(O)C(O)C(=O)C(C)(C)O)C1CC[C@@]2(C)C3CC=C4C(CCC(OC5OC(COC6OC(CO)C(O)C(O)C6O)C(O)C(O)C5O)C4(C)C)[C@@]3(C)CC[C@]12C,0.0
CC1=C2CC(C)(C)CC2C(O)C2=C(C1)C(=O)OC2O,0.0
O=C1C(O)C(O)OC(CO)C1O,0.0
C=CCc1ccc2c(c1)OCO2,1.0
C[C@H]1CC[C@]2(CO)CO[C@H](c3ccc(O)cc3)[C@H]1[C@H]2C,0.0
CCC(C)C(N)C(=O)NC(CCC(=O)O)C(=O)O,0.0
CCNC(C)Cc1ccc2c(c1)OCO2,1.0
C=CCc1ccccc1OC[C@@H](O)CNC(C)C,1.0
CNCc1cc(=O)oc2cc(OC)ccc12,1.0
O=CC(=O)C(O)C(O)C(O)CO,0.0
O=C(O)CCCn1c2c(c3ccccc3c1=O)C(=O)c1ccccc1-2,0.0
O=CCCCC1CCNCC1,0.0
CC1=C(/C=C/C(C)=C/C=C/C(C)=C/C(=O)OC2OC(C(=O)O)C(O)C(O)C2O)C(C)(C)CCC1,0.0
O=C(O)c1cc(/N=N/c2ccc(S(=O)(=O)Nc3ccccn3)cc2)ccc1O,0.0
Cc1cc2nc3c(=O)[nH]c(=O)nc-3n(C)c2cc1C,0.0
O=C1C(CC[S@@H](=O)c2ccccc2)C(=O)N(c2ccccc2)N1c1ccccc1,0.0
CC1(C)CC(O)[C@]2(C)CC[C@]3(C)C(=CCC4[C@@]5(C)CCC(OC6OC(CO)C(OC7OC(CO)C(O)C(O)C7O)C(OC7OC(CO)C(O)C(O)C7O)C6O)[C@](C)(CO)C5CC[C@]43C)C2C1,0.0
CC(C)CC(NC(=O)C(N)CCC(N)=O)C(=O)O,0.0
O=C1CN=C(c2ccccc2)c2cc(Cl)ccc2N1,0.0
CC(=O)NC1C(O[C@@](C)(COC2OC(C)C(O)C(O)C2O)C(O)C(O)CO)OC(CO)C(O)C1O,0.0
Cc1ccc(C(=O)[C@@H](C)N2CCCC2)cc1,1.0
CC(C(=O)c1ccc2c(c1)OCO2)N1CCCC1,1.0
Cc1ncc2n1-c1ccc(Cl)cc1C(c1ccccc1F)=NC2,0.0
O=C(O)[C@H]1CCCN1C(=O)CCCCC(=O)N1CCC[C@@H]1C(=O)O,0.0
Cc1cc(O)cc(C)c1Cl,1.0
COc1cccc2c1C(=O)c1c(O)c3c(c(O)c1C2=O)C[C@@](O)(C(=O)CO)C[C@@H]3O[C@H]1C[C@H](N)[C@H](O)[C@H](C)O1,1.0
O=C(/C=C/c1ccc(Cl)cc1Cl)NO,0.0
CC1(C)CC2C1CC[C@](C)(O)C1CC[C@@]21C,0.0
O=CC(Cl)(Cl)Cl,0.0
CCCCC/C=C\C/C=C\CC(O)/C=C\C=C\CCCC(=O)O,0.0
O=C(O)CC[C@@H](Cc1ccc(OCc2ccccc2)cc1)N=C(O)CCCCCCc1ccccc1,0.0
Nc1ccc(S(=O)(=O)Nc2ccccn2)cc1,0.0
Cc1ccc(/C(=C/CN2CCCC2)c2ccccn2)cc1,0.0
CC(=O)CC(c1ccccc1)c1c(O)oc2ccc(O)cc2c1=O,0.0
Nc1nc(=O)c2c([nH]1)NCC(CNc1ccc(C(=O)N[C@@H](CCC(=O)O)C(=O)O)cc1)N2,0.0
O=C(O)CCCC/C=C(\c1ccccc1)c1cccnc1,0.0
COn1c2ccccc2c2cnsc21,0.0
CCCCCCOC,0.0
CC/C=C\COC(=O)CCCCC,0.0
CN[C@@H](C)Cc1ccccc1OC,1.0
CSCCC(NC(=O)C(C)N)C(=O)O,0.0
CN1CCN2c3ncccc3Cc3ccccc3[C@H]2C1,1.0
COc1ccc([C@@H]2Sc3ccccc3N(CCN(C)C)C(=O)[C@@H]2OC(C)=O)cc1,1.0
COCCc1ccc(OC[C@H](O)CNC(C)C)cc1,1.0
OCCCOc1cccc(CN2CCCCC2)c1,1.0
CS(C)=O,0.0
CCCN(CCC)CCc1ccc(OC)c(OCCc2ccccc2)c1,1.0
CCCCCCCCCCC(O)C1CCC(COCCCCCCCCCCCCCCCCC2=CC(C)OC2=O)O1,0.0
CC(O)CC(=O)O,0.0
CC(=O)O[C@H]1C[C@@]2(C)[C@@H](C[C@@H](O)[C@H]3[C@@]4(C)CC[C@@H](O)[C@@H](C)[C@@H]4CC[C@@]32C)/C1=C(\CCC=C(C)C)C(=O)O,1.0
CCCCN1CCCC[C@H]1C(=O)Nc1c(C)cccc1C,1.0
COc1cc(Br)c2oc(C3CCNCC3)cc2c1,1.0
CC(C)=CCC/C(C)=C/CC/C(C)=C/CCC1(C)CCc2cc(O)ccc2O1,0.0
CC(=O)OC(C/C=C(\C)C(=O)O)C(C)C1CC(OC(C)=O)[C@]2(C)C3=CCC4C(C)(C)C(OC(C)=O)CC[C@@]4(C)C3=CC[C@]12C,0.0
CC[C@H]1OC(=O)[C@H](C)[C@@H](O[C@H]2C[C@@](C)(OC)[C@@H](O)[C@H](C)O2)[C@H](C)[C@@H](O[C@@H]2O[C@H](C)C[C@H](N(C)C)[C@H]2O)[C@](C)(O)C[C@@H](C)/C(=N\OCOCCOC)[C@H](C)[C@@H](O)[C@]1(C)O,0.0
CC[C@@H]1C[C@H]2C[C@@H]3c4[nH]c5ccc(OC)cc5c4CCN(C2)[C@@H]31,1.0
Cc1ncc(C[n+]2csc(CCOP(=O)(O)OP(=O)(O)OP(=O)(O)O)c2C)c(N)n1,0.0
CC(=O)Nc1ccccc1,0.0
CCCCCCCCCCCCCCCCC(=O)OC(CC(=O)[O-])C[N+](C)(C)C,0.0
Cc1cc(C(C)(C)C)c(O)c(C)c1CC1=NCCN1,0.0
CN[C@@]1(c2ccccc2Cl)CCCCC1=O,1.0
C[C@H]1C[C@H]2[C@@H]3CCC4=CC(=O)C=C[C@]4(C)[C@@]3(Cl)[C@@H](O)C[C@]2(C)[C@@]1(O)C(=O)CO,0.0
O=P(O)(O)OC[C@H]1O[C@@H](n2cnc3c(OP(=O)(O)O)ncnc32)[C@H](O)[C@@H]1O,0.0
CC1CC[C@]2(OC1)OC1CC3C4CC(O)C5CC(O)CC[C@]5(C)C4CC[C@]3(C)C1C2C,0.0
CCCSP(=S)(OCC)Oc1ccc(SC)cc1,1.0
Cc1cc(=O)n(-c2ccccc2)n1C,1.0
CNn1cc(C(=O)O)c(=O)c2cc(F)c(N3CCN(C)CC3)cc21,0.0
COc1ccc([C@@H](c2ccc(O)cc2)C(Cl)(Cl)Cl)cc1,1.0
O=C(O)c1ccc(O)c(O)c1,0.0
Cc1cc2c(s1)Nc1ccccc1N=C2N1CCN(C)CC1,1.0
CC1(C)C=C[C@]2(C)CC[C@]3(C)C(=CCC4[C@]3(C)CCC3[C@@](C)(CO)C(O)CC[C@@]34C)C2C1,0.0
CC(=O)c1cc2c(o1)C(=O)c1ccccc1C2=O,0.0
Oc1ccccc1-c1ccccc1,1.0
C=C1CCC2C(C)(C)CCC[C@]2(C)C1CC/C(C)=C\C(=O)O,0.0
NCCCCCN,0.0
N=C(N)NCCCC(NC(=O)C(N)CC(N)=O)C(=O)O,0.0
O=C(O)C1OC(Oc2c[nH]c3ccccc23)C(O)C(O)C1O,0.0
COc1ccc(S(=O)(=O)NCC2CC2)cc1Nc1ncc(-c2cccc(-c3cccnc3)c2)o1,0.0
CC1(C)CC[C@]2(C(=O)O)CC[C@]3(C)C(=CCC4[C@@]5(C)CC(O)C(OC6OC(CO)C(OC7OC(CO)C(O)C(O)C7O)C(O)C6O)[C@@](C)(C(=O)O)C5CC[C@]43C)C2C1,0.0
COc1ccc(CCN)cc1,1.0
CC(=O)S[C@@H]1CC2=CC(=O)CC[C@]2(C)[C@H]2CC[C@@]3(C)[C@@H](CC[C@@]34CCC(=O)O4)[C@@H]21,0.0
CC(C)=CCC[C@@](C)(O)C1CC[C@@]2(C)C1C(O)CC1[C@]3(C)CCC(O)C(C)(C)C3CC[C@@]12C,0.0
CCCSSSC,0.0
CCC(C)COC(=O)C=C(C)C,0.0
CN1CCCN=C1/C=C\c1cccs1,1.0
Cc1cccc(C[C@H](N)C(=O)O)c1,0.0
CN1CCN2c3ccccc3Cc3cccnc3[C@@H]2C1,1.0
CC(C)=CCCC(C)CCOC1OC(CO)C(O)C(O)C1OC1OC(CO)C(O)C(O)C1O,0.0
COc1cccc([C@@]2(O)CCCC[C@@H]2CN(C)C)c1,1.0
CCCCCCCCCCCCC/C=C/C(O)C(COC1OC(CO)C(O)C(OS(=O)(=O)O)C1O)NC(=O)CCCCCCCCCCCCC,0.0
CCCOc1ccc(-c2csc(-c3ccccc3Cl)c2CC(=O)NC(=N)N)cc1,0.0
CCCCCCCCCCCCCCCCCCCCCCCC(O)CC(O)CCCCCC,0.0
CC1CC[C@@]2(OC1)OC1CC3C4CCC5CC(O)CC[C@]5(C)C4CC[C@]3(C)C1C2C,0.0
CC1CCC(C(C)C)CC1,0.0
O=C(O)CCCCC[C@@H]1SC[C@@H]2NC(=O)N[C@H]12,0.0
CC1(C)CC(O)[C@@]2(CO)C(O)C[C@@]3(C)C(=CCC4[C@]5(C)CCC(O)C(C)(C)C5CC[C@@]43C)C2C1,0.0
CCCCCCCC/C=C/CCCCCCCCCCO,0.0
CCCCCN(C)CCC(O)(P(=O)(O)O)P(=O)(O)O,0.0
CC1C2C(CC3C4CC=C5CC(O)CC[C@]5(C)C4CC[C@@]32C)O[C@@]12CC[C@@](O)(CO)CO2,0.0
CCc1nc(N)nc(N)c1-c1ccc(Cl)cc1,0.0
NCCCC(=O)NC(Cc1c[nH]cn1)C(=O)O,0.0
C=CC(O)C#CC#C/C=C/C=C/C(O)CCCCC,0.0
O=C1NC(=O)C(c2ccccc2)(c2ccccc2)N1,1.0
C=CC(=C)CCC1C(=C)CCC2[C@](C)(C(=O)O)CCC[C@]12C,0.0
CN(C)CCc1c[nH]c2ccc(C[C@H]3COC(=O)N3)cc12,0.0
COc1ccc2[nH]cc(CCN(C(C)C)C(C)C)c2c1,1.0
CC(=O)OC1CC2[C@]3(C)CCC(OC(=O)CC(=O)O)C(C)(C)C3CC[C@]2(C)[C@@]2(C)CCC([C@]3(C)CCC(C(C)(C)O)O3)C12,0.0
CC(O)C(O)C1CNc2[nH]c(N)nc(=O)c2N1,0.0
CCOc1nc2cccc(C(=O)O)c2n1Cc1ccc(-c2ccccc2-c2nnn[nH]2)cc1,0.0
CCCC(=O)CC,0.0
O=C1CN=C(c2ccccn2)c2cc(Br)ccc2N1,0.0
CN(C)CCCN1c2ccccc2Sc2ccc(Cl)cc21,1.0
CCCC(=O)OCCCSC,0.0
O=C(/C=C/c1ccccc1)OC1OC(CO)C(O)C(O)C1O,0.0
COc1cc(O)cc(CCc2cccc(O)c2)c1,0.0
O=C1C[C@@H](c2ccccc2)Oc2cc(O)ccc21,0.0
Cc1cccc(C)c1OC[C@@H](C)N,1.0
CC1=CC[C@@H]2[C@H](C1)C2(C)C,1.0
CC(C)=CCCC(C(=O)O)C1CC[C@]2(C)C3=C(CC[C@@]12C)[C@@]1(C)CCC(O)C(C)(C)C1CC3,0.0
CCOC(=O)[C@H](CCc1ccccc1)N[C@@H](C)C(=O)N1CCC[C@H]1C(=O)O,0.0
COc1ccc(N2CCNCC2)cc1,1.0
CC(N)C(=O)OC(C)(C)Cc1ccc(Cl)cc1,0.0
O=C(O)c1ccc2c(C3CCCCC3)c(-c3ccccc3)n(CC(=O)N3CCOCC3)c2c1,0.0
CC(=O)NC1C(OC2C(O)C(CO)OC(OC(C(O)CO)C(OC3OC(C)C(O)C(O)C3O)C(O)C=O)C2O)OC(CO)C(O)C1OC1OC(CO)C(O)C(O)C1O,0.0
Cn1c(=O)[nH]c(=O)c2[nH]c(=O)[nH]c21,0.0
COc1ccc2c(=O)c(-c3ccc(O)cc3)coc2c1,0.0
C=C1CC/C=C(/C)C/C=C\C(C)(C)CC1O,0.0
CCCCCCCCCCCCCCCCCCCCCCCCCCCCCC=O,0.0
C#C[C@]1(O)C=C[C@H]2[C@@H]3CCC4=CC(=O)CC[C@@H]4[C@H]3CC[C@@]21CC,0.0
CC(CN1c2ccccc2Sc2ccccc21)N(C)C,1.0
CO[C@@H](C)Cn1c(=O)n(C)c2cnc3ccc(-c4cncc(C(C)(C)O)c4)cc3c21,0.0
Nc1cc(N2CCCCC2)nc(N)[n+]1[O-],0.0
Clc1ccc(CS[C@@H](Cn2ccnc2)c2ccc(Cl)cc2Cl)cc1,0.0
CCCC(C)C1(CC)C(=O)NC(=O)NC1=O,0.0
c1cnc(N2CCNCC2)nc1,1.0
S=P(N1CC1)(N1CC1)N1CC1,0.0
O=C(O)CN1C(=O)c2c(c(C(=O)O)cc3ccccc23)S1(=O)=O,0.0
CN(C)c1ccc([C@H]2C[C@@]3(C)[C@@H](CC[C@@]3(O)/C=C/CO)[C@@H]3CCC4=CC(=O)CCC4=C32)cc1,0.0
N[C@@H](Cn1oc(=O)[nH]c1=O)C(=O)O,0.0
O=C1CN(S(=O)(=O)/C=C/c2ccc(Cl)cc2)CCN1CC1CCN(c2ccncc2)CC1,0.0
CCN(CC)C(=O)N[C@H]1C=C2c3cccc4[nH]cc(c34)C[C@H]2N(C)C1,1.0
Nc1ncnc2c1ncn2[C@@H]1O[C@H](COC(=O)CP(=O)(O)O)[C@@H](O)[C@H]1O,0.0
CC1CC[C@]2(C(=O)OC3OC(COC4OC(CO)C(OC5OC(C)C(O)C(O)C5O)C(O)C4O)C(O)C(O)C3O)CC[C@]3(C)C(=CCC4[C@@]5(C)CC(O)C(O)[C@@](C)(CO)C5C(O)C[C@]43C)C2C1C,0.0
CN1C(C(=O)Nc2ccc(O)cn2)=C(O)c2ccccc2S1(=O)=O,0.0
COC(=O)c1cccs1,0.0
CN1CCN(C(=O)O[C@@H]2c3nccnc3C(=O)N2c2ccc(Cl)cn2)CC1,1.0
CN=C1C[N+]([O-])=C(c2ccccc2)c2cc(Cl)ccc2N1,1.0
CC[C@@H](c1cccc(O)c1)[C@@H](C)CN(C)C,1.0
CCC(=O)SC,0.0
COC(=O)/C(C)=C\C=C\C(C)=C\C=C\C=C(C)/C=C/C=C(\C)C(=O)OC1OC(CO)C(O)C(O)C1O,0.0
CC(=O)NCCCS(=O)(=O)O,0.0
C=C(/C=C\C=O)CCCCCCCCCC,0.0
O=C1CC[C@H](N2C(=O)c3ccccc3C2=O)C(=O)N1,0.0
O=c1[nH]c(=O)n(COCCO)cc1Cc1ccccc1,0.0
COC(=O)c1c(C)nc(C)c(C(=O)OC/C=C/c2ccccc2)c1-c1cccc([N+](=O)[O-])c1,1.0
CC1CC[C@]2(OC1)OC1CC3C4C(CC[C@]3(C)C1C2C)[C@]1(C)CCC(O)C[C@@]1(O)C4C=O,0.0
CC(C)CCCC(C)C1CCC2C3C(O)C[C@]4(C(=O)O)CC(O)CC[C@]4(C)C3CC(O)[C@]12C,0.0
O=C(O)CCCCCCCCCCS,0.0
CCOc1ccc(Cc2cc([C@@H]3S[C@H](CO)[C@@H](O)[C@H](O)[C@H]3O)c(OC)cc2C)cc1,0.0
CCCCN1CCCC[C@@H]1C(=O)Nc1c(C)cccc1C,1.0
CC(=O)[C@]1(O)Cc2c(O)c3c(c(O)c2[C@@H](O[C@H]2C[C@H](N)[C@H](O)[C@H](C)O2)C1)C(=O)c1ccccc1C3=O,1.0
OCC1OC(O)C(OC2OCC(O)C(O)C2O)C(O)C1O,0.0
O=C1CCc2ccc(OCCCCN3CCN(c4cccc(Cl)c4Cl)CC3)cc2N1,1.0
NS(=O)(=O)Cc1noc2ccccc12,0.0
Clc1cccc(N2CCNCC2)c1,1.0
Nc1ncnc2c1ncn2C1OC(COP(=O)(O)OP(=O)(O)OP(=O)(O)OP(=O)(O)O)C(O)C1O,0.0
CC[C@H]1OC(=O)[C@H](C)[C@@H](O[C@H]2C[C@@](C)(OC)[C@@H](O)[C@H](C)O2)[C@H](C)[C@@H](O[C@@H]2O[C@H](C)C[C@H](N(C)C)[C@H]2O)[C@](C)(O)C[C@](C)(F)C(=O)[C@H](C)[C@@H](O)[C@]1(C)O,0.0
CC1=C(CC(=O)O)c2cc(F)ccc2/C1=C\c1ccc([S@@H](C)=O)cc1,0.0
C=C(C)CCCC(C)CCOC(=O)C(C)C,0.0
COc1c(N2C[C@@H](C)C[C@H](N)C2)ccc2c(=O)c(C(=O)O)cn(C3CC3)c12,0.0
C[C@H]1C[C@H]2[C@@H]3CC[C@](O)(C(=O)CO)[C@@]3(C)C[C@H](O)[C@@H]2[C@@]2(C)C=CC(=O)C=C12,0.0
CC/C(=C(\c1ccccc1)c1ccc(OCCN(C)C)cc1)c1ccccc1,1.0
O=C1C=C2CN(C(C(=O)C3CC3)c3ccccc3F)CCC2S1,1.0
COCC[C@@H]1C[C@@H]2CN3CCc4c([nH]c5ccccc45)[C@@](C(=O)OC)(C2)[C@@H]13,1.0
CC(CN)C(=O)O,0.0
CN(C(=O)c1c(O)n(C)c2ccccc2c1=O)c1ccccc1,0.0
