SMILES,2C9
C=C1CCC2CC=C(C#CC#CCC3OC3CCCCCCC)O[C@@]2(C)CCC2C1CC2(C)C,0.0
CCN(CC)C(=O)/C(C#N)=C\c1cc(O)c(O)c([N+](=O)[O-])c1,0.0
CCCCC/C=C\C/C=C\CC(O)/C=C\C=C\CCCC(=O)O,0.0
CN1C(=O)C[C@@H](c2ccccc2)C1=O,0.0
CC(C)=CCCC(C)CCOC1OC(CO)C(O)C(O)C1OC1OC(CO)C(O)C(O)C1O,0.0
OC[C@@]12O[C@@H]1C[C@H](O)[C@@H](O)[C@@H]2O,0.0
CC(=O)C[C@@H](c1ccccc1)c1c(O)c2ccccc2oc1=O,1.0
COC[C@@H](N=C(C)O)C(O)=NCc1ccccc1,1.0
C=C1C[C@]23C[C@@]1(O)CCC2[C@]12OC(=O)[C@](C)(C=CC1O)C2C3C(=O)O,0.0
CC(C)CCC(=O)CC1c2ccccc2C(=O)N1c1ccc2ccc(Cl)nc2n1,0.0
Nc1ccn(C2OC(CO)C3OP(=O)(O)OC32)c(=O)n1,0.0
O=C(O)COCCN1CCN([C@H](c2ccccc2)c2ccc(Cl)cc2)CC1,0.0
CCC(c1ccccc1)c1c(O)oc2ccccc2c1=O,1.0
CC/C=C\C/C=C\C/C=C\CCCCCCCC(=O)OC1CC[C@@]2(C)C(=CCC3C2CC[C@]2(C)C(C(C)CCC(C)C(C)C)CCC32)C1,0.0
CC(C)(C)NC(=O)[C@H]1CC[C@H]2[C@@H]3CC[C@H]4NC(=O)C=C[C@]4(C)[C@H]3CC[C@]12C,0.0
O=C(/C=C/c1ccccc1)c1ccc(O)c(O)c1,0.0
NC(Cc1cnc[nH]1)C(=O)NC(Cc1ccccc1)C(=O)O,0.0
Cc1cc2ncn(C3OC(COP(=O)(O)O)C(O)C3O)c2cc1C,0.0
CC1(C)C(O)CC[C@@]2(C)C1CC[C@]1(C)C2C(=O)C=C2C3C[C@](C)(C(=O)O)CC[C@]3(C)CC[C@]21C,0.0
CCOP(=S)(OCC)Oc1ccc([N+](=O)[O-])cc1,1.0
CC1=CC[C@@]23C(C)CCC(C(C)C)C2C13,0.0
COC1OC[C@@]2(O)C(OC(C)=O)C3CC(C)(C)CC3[C@@]3(C)C[C@]132,0.0
COCCCOc1ccnc(C[S@@H](=O)c2nc3ccccc3[nH]2)c1C,0.0
COc1ccc(C(=O)Nc2ccccc2CCC2CCCCN2C)cc1,0.0
COC(=O)C1=C(C)NC(C)=C(C(=O)O[C@@H]2CCCN(Cc3ccccc3)C2)[C@@H]1c1cccc([N+](=O)[O-])c1,0.0
CC(C)C[C@H]1C(=O)N2CCC[C@H]2[C@]2(O)O[C@](NC(=O)[C@@H]3C=C4c5cccc6[nH]c(Br)c(c56)C[C@H]4N(C)C3)(C(C)C)C(=O)N12,0.0
COC(F)(F)C(Cl)Cl,1.0
C/C(O)=C(\C#N)C(=O)Nc1ccc(-c2ccccc2)cc1,0.0
CCc1cccc2c3c([nH]c12)[C@@](CC)(CC(=O)O)OCC3,1.0
Cc1nn(C)c2c1c(=O)c1cc(Cl)ccc1n2O,0.0
O=C(O)c1cn(C2CC2)c2cc(N3CCNCC3)c(F)cc2c1=O,0.0
N#C[C@@H](O)c1ccc(O)cc1,0.0
CCc1ccc(CCOc2ccc(CC3SC(=O)NC3=O)cc2)nc1,1.0
CO[C@H]1C[C@@H]2CC[C@@H](C)[C@@](O)(O2)C(=O)C(=O)N2CCCC[C@H]2C(=O)O[C@H]([C@H](C)C[C@@H]2CC[C@@H](OCCO)[C@H](OC)C2)CC(=O)[C@H](C)C=C(C)[C@@H](O)[C@@H](OC)C(=O)[C@H](C)C[C@H](C)C=CC=CC=C1C,0.0
CC(C)CCNc1ncnc2c1ncn2[C@@H]1O[C@H](COP(=O)(O)O)[C@@H](O)[C@H]1O,0.0
CCCCCCOc1cc(C)c(O)c(C)c1C,0.0
Cc1c(CCC(=O)O)c2cc3nc(cc4[nH]c(cc5nc(cc1[nH]2)C(CCC(=O)O)=C5CC(=O)O)c(CCC(=O)O)c4C)C(CC(=O)O)=C3CCC(=O)O,0.0
COC(=O)C1=C(C)NC(C)=C(C(=O)OCCN(C)Cc2ccccc2)[C@@H]1c1cccc([N+](=O)[O-])c1,1.0
C=C1C=CC(C(C)CC(O)C=C(C)C)CC1,0.0
CC[C@@]1(O)C(=O)OCc2c1cc1n(c2=O)Cc2c-1nc1ccccc1c2/C=N/OC(C)(C)C,0.0
CC1=C(C)C(=O)C(C(CCCCCC(=O)O)c2ccccc2)=C(C)C1=O,1.0
CC1=C(/C=C/C(C)=C\C=C\C(C)=C\C=C\C=C(\C)CO)C(C)(C)CC(O)C1,0.0
O=P(O)(O)C(NC1CCCCCC1)P(=O)(O)O,0.0
O=C1C=C2CN(C(C(=O)C3CC3)c3ccccc3F)CCC2S1,1.0
CC[C@H]1CN2CC[C@H]1C[C@@H]2[C@@H](O)c1ccnc2ccc(OC)cc12,0.0
CCN[C@H]1CN(CCCOC)S(=O)(=O)c2sc(S(N)(=O)=O)cc21,0.0
CC(=O)OC(C)(C)/C=C/C(=O)[C@](C)(O)C1C(O)C[C@]2(C)C3CC=C4C(CC(O)C(=O)C4(C)C)[C@]3(C)C(=O)C[C@]12C,0.0
CCOc1ccc2c(C(F)(F)F)cc(=O)oc2c1,1.0
CC1(C)CC(O)[C@]2(C)CC[C@]3(C)C(=CCC4[C@@]5(C)CCC(OC6OC(C(=O)O)C(O)C(O)C6OC6OC(CO)C(O)C(O)C6O)C(C)(C)C5CC[C@]43C)C2C1,0.0
CC(C)CC(=O)Cc1ccccc1,0.0
N#C[C@H]1[C@H](O)[C@@H](CO)O[C@H]1n1ccc(N)nc1=O,0.0
CCCCCCCCC1OCC(C)O1,0.0
CCCCC/C=C/C/C=C/CCCCCCCC(=O)O,1.0
CC[C@H](C)C(=O)O[C@H]1C[C@H](O)C=C2C=C[C@H](C)[C@H](CC[C@@H](O)C[C@@H](O)CC(=O)O)[C@H]21,1.0
CCC(=C(c1ccccc1)c1ccc(OCCN(C)C)cc1)c1ccccc1,1.0
O=C(O)C(O)C(O)C(O)C(O)COP(=O)(O)O,0.0
CCCCc1cc2c(=O)c(C(=O)OC)c[nH]c2cc1OCc1ccccc1,0.0
C=C1C[C@@]23CCC4[C@](C)(C(=O)O)CCC[C@]4(C)C2CC[C@]1(O)C3,0.0
CCN(CC)CCC[C@H](C)Nc1ccnc2cc(Cl)ccc12,0.0
O=C(O)CCCC/C=C\CC(=O)CC/C=C/C=C\C(O)CCCC(=O)O,0.0
CN(CCOc1ccc(C[C@@H]2SC(=O)NC2=O)cc1)c1ccccn1,1.0
Cc1cn(C2CC(O)C(COP(=O)(O)OP(=O)(O)OC3OC(C)C(=O)C(O)C3O)O2)c(=O)[nH]c1=O,0.0
C[C@@](Cc1ccccc1)(NC(=O)CN)c1ccccc1,0.0
COc1ccc2c3c([nH]c2c1)C(C)=NCC3,1.0
CCN(CC)N=O,1.0
NCC[C@@H](O)c1cccc(OCC2CCCCC2)c1,0.0
Cc1cc(Cl)c(S(N)(=O)=O)cc1S(N)(=O)=O,0.0
CCC(=O)N(c1ccccc1)C1(COC)CCN(CCc2cccs2)CC1,0.0
c1ccc(-c2ccc([C@@H](c3ccccc3)n3ccnc3)cc2)cc1,0.0
C=C1C(O)[C@]23C[C@@]1(O)CCC2[C@]12CC(O)C(O)[C@](C)(C(=O)O1)C2C3C(=O)O,0.0
COc1ccc([C@@H]2CC(=O)c3c(O)cc(O)cc3O2)cc1O,0.0
C=CCc1ccc(OC)c(OC)c1,1.0
O=c1ccn(C2CC(O)C(COP(=O)(O)O)O2)c(=O)[nH]1,0.0
c1ccc2c(c1)cc1ccc3cccc4c5ccccc5c2c1c34,1.0
O=C(O)CCCC(O)/C=C\C=C\C=C\C(O)C/C=C\CCCCC(O)O,0.0
CCCN1CCCC[C@H]1C(=O)Nc1c(C)cccc1C,0.0
C/C(C=O)=C\CCC(C)C1CC[C@@]2(C)C3=C(CC[C@@]12C)[C@@]1(C)CCC(O)C(C)(C)C1CC3=O,0.0
O=C1c2oc3cc(O)c(O)cc3c2C(=O)c2oc3cc(O)c(O)cc3c21,0.0
CC(=O)OC1CC(C(C)CC(=O)/C=C(/C)C(=O)O)[C@]2(C)CC=C3C(=CCC4C(C)(C)C(O)CC[C@@]34C)[C@]12C,0.0
CN(C)Cc1nnc2n1-c1ccc(Cl)cc1C(c1ccccc1)=NC2,1.0
CC1(C)CC[C@]2(C(=O)O)CC[C@]3(C)C(=CCC4[C@@]5(C)CC(O)C(OC6OC(CO)C(OC7OC(CO)C(O)C(O)C7O)C(O)C6O)[C@@](C)(C(=O)O)C5CC[C@]43C)C2C1,0.0
CC[C@H](C)C(=O)O[C@H]1C[C@@H](C)C=C2C=C[C@H](C)[C@H](CC[C@@H]3C[C@@H](O)CC(=O)O3)[C@H]21,0.0
COc1cc(NCc2ccc3nc(N)nc(N)c3c2C)cc(OC)c1OC,0.0
COc1ccc2[nH]cc(CC(=O)O)c2c1,0.0
CC(=O)C=O,0.0
CCc1c(C)[nH]c(=O)c(N(C)CCOC)c1Cc1cccc(C)c1,0.0
CN1CCN(C(=O)O[C@H]2c3nccnc3C(=O)N2c2ccc(Cl)cn2)CC1,1.0
COc1ccc2c(C(=S)N(C)CC(=O)O)cccc2c1C(F)(F)F,1.0
CC(C)(Oc1ccc(CCNC(=O)c2ccc(Cl)cc2)cc1)C(=O)O,0.0
CC#CCOc1ccc(S(=O)(=O)N2CCSC(C)(C)[C@@H]2C(=O)NO)cc1,0.0
CCCCCCC(=O)O[C@H]1CC[C@H]2[C@@H]3CCC4=CC(=O)CC[C@]4(C)[C@H]3CC[C@]12C,1.0
C=C(C)C1CC[C@](C)(O)C2CCC(C)C2C1,0.0
CC(=O)OC1C[C@]2(C)C(CCC(O)[C@@]2(C)O)[C@](C=O)(CC(O)c2ccoc2)C1C,0.0
CC[C@H](OC(C)=O)C(C[C@H](C)NC)(c1ccccc1)c1ccccc1,1.0
COC1OC(CO)C(OC2OC(CO)C(OC)C(O)C2O)C(O)C1O,0.0
C=C1C(OC(=O)/C=C(\C)CC)C=C(C(C)C)C2/C(=C/C)C(=O)OCC12,0.0
CN(CCOc1ccc(CC2SC(=O)NC2=O)cc1)c1ccccn1,1.0
Cc1ccc(Sc2ccccc2N2CCNCC2)c(C)c1,1.0
C[C@]12CC[C@@H]3c4ccc(OS(=O)(=O)O)cc4CC[C@H]3[C@@H]1CCC2=O,1.0
NC(=O)c1cccc(C2C[C@@H]3CC[C@H](C2)N3CCN(CC2CCCCC2)C(=O)[C@@H](O)CO)c1,0.0
CC(C)CCCC(C)C1CCC2C3C(O)C[C@]4(C(=O)O)CC(O)CC[C@]4(C)C3CC(O)[C@]12C,0.0
CN1CCN(c2ccccc2C/N=N\C(N)=S)CC1,0.0
COc1ncnc(NS(=O)(=O)c2ccc(N)cc2)c1OC,1.0
OCC(O)C(O)C(O)C(O)COCC1OC(O)C(O)C(O)C1O,0.0
O=C(O)P(=O)(O)O,0.0
CC(=O)Nc1nnc(S(N)(=O)=O)s1,1.0
O=C(O)CCc1ccc(O)cc1,0.0
NC1CCSC1=O,0.0
C[C@H](N/C(=N\C#N)Nc1ccncc1)C(C)(C)C,0.0
CN[C@]1(c2ccccc2Cl)CCCCC1=O,1.0
CCCC(C)(O)C1C[C@@]23C=CC1(OC)C1Oc4c(O)ccc5c4[C@@]12CCN(C)[C@@H]3C5,0.0
O=c1ccc2nc3ccc(OCOCc4ccccc4)cc3oc-2c1,1.0
CC1OC(OC2CC[C@]3(C=O)C4C(O)C[C@]5(C)C(C6=CC(=O)OC6)CC[C@@]5(O)C4CC[C@@]3(O)C2)C(O)C(O)C1O,0.0
O=C(c1ccc(OCCN2CCCCC2)cc1)c1c(-c2ccc(O)cc2)sc2cc(O)ccc12,0.0
C=C1CCC2C(OC(=O)[C@]2(O)CO)C2C1CC(O)C2C,0.0
CC(=O)Oc1ccc2c(=O)c(-c3ccccc3)c(C)oc2c1,0.0
CC(C(=O)O)c1ccc(N2CC=CC2)c(Cl)c1,1.0
BrC(Br)Br,0.0
C/C=C1\C(O)OC=C(C(=O)OC)C1CC(=O)OCCc1ccc(O)c(O)c1,0.0
COC(=O)[C@H]1[C@@H](O)CC[C@H]2CN3CCc4c([nH]c5ccccc45)[C@@H]3C[C@@H]21,0.0
COc1ccc2c(c1)[C@]13CCCC[C@@H]1[C@H](C2)N(C)CC3,1.0
COc1ccc(CN2CCNCC2)c(OC)c1OC,0.0
CN1CCn2c1nc1c(Br)c(Br)c(Br)c(Br)c12,0.0
O=C1CN=C(c2ccccc2)c2cc(Cl)ccc2N1,0.0
CC(=O)NCC(=O)O,0.0
COc1ccc([C@H](CN(C)C)C2(O)CCCCC2)cc1,1.0
CCOc1ccc(NC(C)=O)cc1,1.0
OCc1cc(C(O)CNCCCCCCOCCCCc2ccccc2)ccc1O,0.0
Clc1ccc2c(c1)CCc1cccnc1C2=C1CCNCC1,0.0
CC(C)(C)c1cc(C[C@H]2SCNC2=O)cc(C(C)(C)C)c1O,0.0
CC(C)=CCC/C(C)=C/Cc1c(CCC(=O)c2ccc(O)cc2O)ccc(O)c1O,0.0
CC(C)COC(=O)c1ccccc1C(=O)O,0.0
CN1/C(=C(/O)Nc2ccccn2)C(=O)c2sccc2S1(=O)=O,1.0
CCCCC/C=C\C=C\C(O)CCCCCCCC(=O)O,0.0
C=C/C=C\C=O,0.0
OCCOCCOCCO,0.0
CC(=O)C(=O)O,0.0
CC(C)CC(N)C(=O)NCC(=O)O,0.0
O=P(O)(O)OCC(O)C(O)C(O)C(O)CO,0.0
CC(C)[C@H]1C(O)=C(C2=NS(=O)(=O)c3ccccc32)C(=O)N1Cc1ccccc1,0.0
Clc1ccc(CO[C@@H](Cn2ccnc2)c2ccc(Cl)cc2Cl)cc1,0.0
NCCc1c[nH]c2ccc(O)cc12,1.0
CC1C2C3CCC4[C@]5(C)CCC(=O)C(C)(C)C5CC[C@]4(C)[C@]3(C)CC[C@@]2(C)CC[C@]1(C)O,0.0
C=C(CCC(C)C1CCC2C3=CC=C4CC(O)CC[C@]4(C)C3CC[C@@]21C)C(C)C,0.0
Cc1ncc(C=O)c(CO)c1O,0.0
Cc1ccc(S(=O)(=O)NC(=O)NN2C[C@H]3CCC[C@H]3C2)cc1,1.0
O=C1CN=C(c2ccccc2Cl)c2cc([N+](=O)[O-])ccc2N1,0.0
CCn1nc(C(=O)O)c(=O)c2cc3c(cc21)OCO3,1.0
Clc1ccccc1C(c1ccccc1)(c1ccccc1)n1ccnc1,0.0
Cc1cnc(C(=O)NCCc2ccc(S(=O)(=O)NC(=O)NC3CCCCC3)cc2)cn1,1.0
Cc1ccc(S(=O)(=O)Nc2ccnn2-c2ccccc2)cc1,1.0
C/C(=C/CO)C1CCC(C)(C)O1,0.0
CN1C(=C(O)Nc2ccccn2)C(=O)c2sccc2S1(=O)=O,1.0
CC1=C(/C=C/C(C)=C\C=C\C(C)=C\C=C/C=C(C)/C=C/C=O)C(C)(C)CCC1,0.0
CCc1occc(=O)c1O,0.0
CC1=C(/C=C\C(C)=C/C=C\C(C)=C/C(=O)O)C(C)(C)CCC1,0.0
CN(C)N=O,1.0
Cc1cc2c(cc1CC(=O)c1sccc1S(=O)(=O)Nc1onc(C)c1Cl)OCO2,1.0
CCCCCC(=O)CCC1C(O)CC(O)C1C/C=C\CCCC(=O)O,0.0
CC(=O)C[C@@H](c1ccccc1)c1c(O)oc2ccccc2c1=O,1.0
CN(C)[C@@H]1C(O)=C(C(N)=O)C(=O)[C@@]2(O)C(O)=C3C(=O)c4c(O)ccc(Cl)c4[C@@H](O)[C@H]3C[C@@H]12,0.0
CN1C(C(=O)Nc2ccc(O)cn2)=C(O)c2ccccc2S1(=O)=O,0.0
CS(C)=O,0.0
CC[C@@H](c1ccc(O)c(F)c1)[C@H](C)c1ccc(O)c(F)c1,0.0
N=C1NC(=O)/C(=C/c2ccc(-c3ccc(C(=O)O)cc3)o2)S1,0.0
CCC(=O)O[C@]1(C(=O)SCF)[C@H](C)C[C@H]2[C@@H]3C[C@H](F)C4=CC(=O)C=C[C@]4(C)[C@@]3(F)[C@@H](O)C[C@@]21C,0.0
O=C(O)c1cc(O)c(O)c(OC(=O)c2cc(O)c(O)c(OC(=O)c3cc(O)c(O)c(O)c3)c2)c1,0.0
CCCCc1nc(Cl)c(CO)n1Cc1ccc(-c2ccccc2-c2nnn[nH]2)cc1,1.0
C=CCCCCCOC(=O)C(C)CCCC(C)CCCC(C)CCC(=O)O,0.0
COC(=O)[C@@H](c1ccccc1Cl)N1CCc2sccc2C1,1.0
CN[C@@H](C)Cc1ccccc1,0.0
CC(=O)CC(c1ccc([N+](=O)[O-])cc1)c1c(O)c2ccccc2oc1=O,1.0
CN1CCN(C2=Nc3cc(F)ccc3Cc3ccccc32)CC1,0.0
CCCCc1ncc(/C=C(/Cc2cccs2)C(=O)O)n1Cc1ccc(C(=O)O)cc1,0.0
c1ccc2c(c1)OC[C@H](CNCCCOc1ccc3c(c1)OCO3)O2,0.0
NC(Cc1ccccc1)C(=O)NC(CC(=O)O)C(=O)O,0.0
CC/C=C\CC(O)/C=C/C1C(O)CC(=O)C1C/C=C\CCCC(=O)O,0.0
Cc1cccc(C)c1OCC(=O)O,0.0
C=C1CC/C=C(/C)C/C=C\C(C)(C)CC1O,0.0
CC(C)(C)c1cnc(CSc2cnc(NC(=O)C3CCNCC3)s2)o1,0.0
CCOC(=O)Nc1ccc2c(c1)N(C(=O)CCN1CCOCC1)c1ccccc1S2,0.0
S=C(SSC(=S)N1CCCCC1)N1CCCCC1,0.0
CCCCC(=O)OCCc1ccccc1,0.0
NC(N)=Nc1nc(CSCC/N=C/NS(=O)(=O)c2ccc(Br)cc2)cs1,0.0
C/C1=C\CCC(C=O)C2CC(C)(C)C2CC1,0.0
CN1CCN(C2=Nc3cc(Cl)ccc3Nc3ccccc32)CC1,1.0
C=C1C(=O)OC2C[C@@]3(C)C(=CC12)C(C)CCC3O,0.0
CC(Oc1c(Cl)cccc1Cl)C1=NCCN1,0.0
CCCCCCC(=O)O,0.0
COc1ccc(CC(C)NCC(O)c2ccc(O)c(N=CO)c2)cc1,1.0
CC(CCC(=O)O)C1CCC2C3C(OS(=O)(=O)O)CC4CC(O)CC[C@]4(C)C3CC(O)[C@]12C,0.0
Cc1cccc(C)c1OCC(=O)N[C@@H](Cc1ccccc1)[C@@H](O)C[C@H](Cc1ccccc1)NC(=O)[C@H](C(C)C)N1CCCNC1=O,0.0
CC#Cc1ccc(CCC(=O)OC)s1,0.0
CCC1(c2ccccc2)C(=O)NCNC1=O,0.0
Brc1cnc2c(NCc3cncnc3)cc(-c3ccccc3)cn12,0.0
Cc1cc2c(OCC(CNC(C)(C)C)OC(=O)c3ccccc3)cccc2[nH]1,0.0
COC(=O)C1=C(C)NC(C)=C(C(=O)OC(C)C)[C@H]1c1cccc2nonc12,0.0
CC(Cc1ccc2c(c1)OCO2)NCC(O)c1ccc(O)c(O)c1,0.0
CC(C)CC(=O)C(=O)O,0.0
CC(=O)c1cc2ccccc2s1,1.0
COc1ccccc1O,0.0
NCCCCC(NC(=O)C(N)Cc1c[nH]c2ccccc12)C(=O)O,0.0
Nc1ncn([C@H]2C[C@H](O)[C@@H](CO)O2)c(=O)n1,0.0
NCCCCC(NC(=O)C(N)CCC(=O)O)C(=O)O,0.0
CC(=O)SC(C)(C)C1CCC(C)CC1=O,0.0
CCCCCCCC/C=C/CCCCCCCCCCO,0.0
CC[C@@H]1[C@@H]2C[C@H]3[C@@H]4N(C)c5ccccc5[C@]45C[C@@H]([C@H]2[C@H]5O)N3[C@@H]1O,0.0
C[C@H](NC(N)=O)c1cc2ccccc2s1,1.0
Cc1ccccc1,0.0
NC(=O)N1c2ccccc2CC(=O)c2ccccc21,0.0
C[C@H]1O[C@@H](O[C@H]2[C@@H](O)C[C@H](O[C@H]3[C@@H](O)C[C@H](O[C@H]4CC[C@]5(C)[C@H]6C[C@@H](O)[C@]7(C)[C@@H](C8=CC(=O)OC8)CC[C@]7(O)[C@@H]6CC[C@@H]5C4)O[C@@H]3C)O[C@@H]2C)C[C@H](O)[C@@H]1O,0.0
CC1(C)CCC(C)(C)c2c1cc(C(=O)Nc1cc(F)c(C(=O)O)c(F)c1)c(O)c2Cl,0.0
NC(=O)CCC(NC(=O)CCC(N)C(=O)O)C(=O)O,0.0
CCCCCCCCCOC(C)=O,0.0
CC1=C2C(=O)C(C(C)C)CC[C@@]2(C)C(O)CC1,0.0
O=C1O[Bi](O)Oc2ccccc21,0.0
COc1ccc(C(c2ccc(O)c(O)c2)C(Cl)(Cl)Cl)cc1,1.0
O=C(CCCN1CCC(O)(c2ccc(Cl)cc2)CC1)c1ccc(F)cc1,1.0
OCC1OC(n2cnc3c(O)nc(O)nc32)C(O)C1O,0.0
COc1ccc(CCN(C)CCC[C@](C#N)(c2ccc(OC)c(OC)c2)C(C)C)cc1OC,1.0
O=C1CN(/N=C\c2ccc(-c3ccc([N+](=O)[O-])cc3)o2)C(=O)N1,0.0
C=C(C)C1CC=C(C)C(OC2OC(CO)C(O)C(O)C2O)C1,0.0
c1ccc2cc(COC3CCNCC3)ccc2c1,0.0
CC1C(=O)C[C@@]2(C(C)C)CC12,0.0
C[C@H](CCC(=O)O)[C@H]1CC[C@H]2[C@H]3[C@H](CC[C@@]21C)[C@@]1(C)CC[C@@H](O)C[C@@H]1C[C@H]3O,0.0
O=C(O)C(CO)OP(=O)(O)O,0.0
CC(C)(O)/C=C/C[C@](C)(O)C1C(=O)C[C@]2(COC3OC(COC4OCC(O)C(O)C4O)C(O)C(O)C3O)C1CCC1[C@@]3(C)CCC(OC4OCC(O)C(O)C4O)C(C)(C)C3CC[C@]12C,0.0
CCCCCCCCCCCCCCCCCC(=O)CC(O)CCCCC,0.0
O=C1CC2(CCCC2)CC(=O)N1CCCCN1CCN(c2ncccn2)CC1,0.0
CSCCC(N)C(=O)NC(CC(=O)O)C(=O)O,0.0
Cc1cc(-n2ncc(=O)[nH]c2=O)cc(C)c1Oc1ccc(O)c(C(C)C)c1,0.0
O=C(NCCO)c1ccc(Cl)cc1,0.0
CCCCC/C=C\C/C=C\C/C=C\C/C=C\CCCC(=O)O,1.0
CCCCCCCCCCCCCCCCCCCCCCCCCCCCCC=O,0.0
COCCOC(=O)C1=C(C)NC(C)=C(C(=O)OC(C)C)[C@@H]1c1cccc([N+](=O)[O-])c1,0.0
CCc1c(C)[nH]c2c1C(=O)[C@@H](CN1CCOCC1)CC2,0.0
CNC[C@H](O)c1ccc(O)c(O)c1,0.0
COC(=O)C[C@@H]1C[C@@H](COc2ccc(-c3ccc(/C(N)=N/C(=O)OC)cc3)cc2)NC1=O,0.0
CCCC(=O)Nc1ccc(OC[C@@H](O)CNC(C)C)c(C(C)=O)c1,1.0
CCc1nc(N)nc(N)c1-c1ccc(Cl)cc1,0.0
Nc1nc2c(ncn2C2OC3COP(=O)(O)OC3C2O)c(=O)[nH]1,0.0
CCN(CC)CCN1C(=O)CN=C(c2ccccc2F)c2cc(Cl)ccc21,0.0
CN1C(=C(O)Nc2ccccn2)C(=O)c2ccccc2S1(=O)=O,1.0
CCC(C)(C)C(=O)O[C@H]1C[C@@H](C)C=C2C=C[C@H](C)[C@H](CC[C@@H]3C[C@@H](O)CC(=O)O3)[C@H]21,0.0
Cc1c2ccncc2c(C)c2c1[nH]c1ccccc12,1.0
CCc1csc(C)n1,0.0
CCN(CC)CC(=O)Oc1ccc(N=C(C)O)cc1,1.0
O=C(O)[C@@]1(O)O[C@@H]([C@H](O)[C@H](O)CO)[C@H](O)[C@@H](O)[C@H]1F,0.0
Cc1ccc(O)c([C@@H](CCN(C(C)C)C(C)C)c2ccccc2)c1,1.0
CC(C)OC(=O)C(C(=O)OC(C)C)=C1SCCS1,0.0
CCCCCCC(OC)OC,0.0
Cn1c(=O)c2c(ncn2C)n(C)c1=O,1.0
CCCc1ccc(NC(=O)c2ccccc2NCc2ccc(=O)[nH]c2)cc1C(F)(F)F,0.0
CC(C)(C)NC[C@H](O)COc1ccccc1C1CCCC1,0.0
C=C(CCC)C(N)C(=O)O,0.0
Cc1cccc(C)c1NC(=O)CN1CCCC1=O,0.0
NC(Cc1c[nH]c2ccccc12)C(=O)NC(Cc1ccc(O)cc1)C(=O)O,0.0
CN(C)c1ccc(O)c2c1C[C@H]1C[C@H]3[C@H](N(C)C)C(O)=C(C(N)=O)C(=O)[C@@]3(O)C(O)=C1C2=O,0.0
COC1C=CC2=CCN3CCc4cc5c(cc4[C@@]23C1)OCO5,0.0
O=C1NS(=O)(=O)c2ccccc21,0.0
CCOC(=O)C1=C(C)NC(C)=C(C(=O)OC)[C@@H]1c1cccc([N+](=O)[O-])c1,0.0
CC#CC#CC#C/C=C/C=C/CCCOC(C)=O,0.0
CNC(=O)Oc1cccc2c1OC(C)(C)C2,1.0
C[C@H]1O[C@]2(CS1)CN1CCC2CC1,0.0
CN1CCC(=C2c3ccccc3CCc3cccnc32)CC1,0.0
COc1ccc2c(c1)c(CC(=O)OCC(=O)O)c(C)n2C(=O)c1ccc(Cl)cc1,0.0
C#C[C@]1(O)CC[C@H]2[C@@H]3CCc4cc(OC)ccc4[C@H]3CC[C@@]21C,1.0
O=CCCCC=C(C=O)CCC=C(C=O)CCC=O,0.0
CC(C)(C)NC(=O)[C@@H]1C[C@@H]2CCCC[C@@H]2CN1C[C@@H](O)[C@H](Cc1ccccc1)NC(=O)[C@H](CC(N)=O)NC(=O)c1ccc2ccccc2n1,0.0
CCCCCCCCC(=O)CCCCCCC(=O)O,0.0
CC(=O)[C@@]1(O)OCC(O)C1O,0.0
CCOc1nc2cccc(C(=O)O)c2n1Cc1ccc(-c2ccccc2-c2nnn[nH]2)cc1,1.0
c1ccc(C2(c3ccccc3)C[C@H]2C2=NCCN2)cc1,0.0
CN1CCC[C@H]1c1cccnc1,1.0
CC[C@@]1(c2ccncc2)CCC(=O)NC1=O,0.0
CCCCCCC/C=C/C(=O)SCCNC(=O)CCNC(=O)C(O)C(C)(C)COP(=O)(O)OP(=O)(O)OCC1OC(n2cnc3c(N)ncnc32)C(O)C1OP(=O)(O)O,0.0
O=C1CCc2cc(OCCCCc3nnnn3C3CCCCC3)ccc2N1,0.0
NC[C@H]1O[C@H](O[C@@H]2[C@@H](N)C[C@@H](N)[C@H](O[C@H]3O[C@H](CO)[C@@H](O)[C@H](N)[C@H]3O)[C@H]2O)[C@H](O)[C@@H](O)[C@@H]1O,0.0
O=P(O)(O)OC[C@@H](O)[C@H]1O[C@H](O)[C@@H](O)[C@@H](O)[C@@H]1O,0.0
CN(C)CCOC(c1ccc(Cl)cc1)c1ccccn1,1.0
CCCCCCCCCCC(O)C1CCC(COCCCCCCCCCCCCCCCCC2=CC(C)OC2=O)O1,0.0
CC(C)CC(NC(=O)C(N)CCC(N)=O)C(=O)O,0.0
COc1ccc2c3c1O[C@H]1C(=O)CC[C@@]4(O)[C@@H](C2)N(C)CC[C@]314,1.0
CC[Si](C)(C)C,0.0
O=S1OCC2C(CO1)C1(Cl)C(Cl)=C(Cl)C2(Cl)C1(Cl)Cl,1.0
O=C(O)[C@H]1O[C@H](O)[C@@H](O)[C@@H](O)[C@@H]1O,0.0
O=C(O)c1cc(/N=N/c2ccc(O)c(C(=O)O)c2)ccc1O,0.0
CN1C[C@H](CN=C(O)OCc2ccccc2)C[C@@H]2c3cccc4c3c(cn4C)C[C@H]21,0.0
CC(=O)C1CCC2C3CCC4CC(=O)CC[C@]4(C)C3CC[C@]12C,0.0
Cc1cnc(NC(=O)C2=C(O)c3ccccc3S(=O)(=O)N2C)s1,1.0
C[C@]12CC[C@@H]3c4ccc(O)cc4CC[C@H]3[C@@H]1CC[C@@H]2O,1.0
COC(=O)[C@H]1[C@@H](OC(=O)c2ccccc2)C[C@@H]2CC[C@H]1N2C,0.0
O=C(/C=C/c1ccc(Cl)cc1Cl)NO,0.0
CC1(C)C=C2c3cc4[nH]c5c(c4cc3C(O)C2C(C)(C)O1)CC1CC[C@@]2(O)C3=CC(O)C(C(C)(C)O)OC3CC[C@]2(C)[C@@]51C,0.0
CC1=CCCC(=C(C)C)C1,0.0
Oc1ccc2c(c1)OC(c1ccc(O)c(O)c1)C(O)C2c1c(O)c2c(c(C3c4ccc(O)cc4OC(c4ccc(O)c(O)c4)C3O)c1O)OC(c1ccc(O)c(O)c1)C(O)C2,0.0
C=C1CC1CC(NC(=O)CCC(N)C(=O)O)C(=O)O,0.0
Cc1ccc(S(=O)(=O)NC(O)=N[C@H]2[C@H]3CC[C@@](C)([C@H]2O)C3(C)C)cc1,1.0
C[C@]12CCC3C(CC=C4CC(O)CC[C@@]43C)C1CCC2=O,0.0
CCCCOC(=O)C(=O)Nc1cccc(-c2nnn[nH]2)c1,0.0
CC(C=O)c1ccc(-c2ccccc2)c(F)c1,1.0
C[C@]12C=CC(=O)C[C@@H]1CC[C@@H]1[C@@H]2CC[C@]2(C)[C@@H](O)CC[C@@H]12,0.0
CC(C)(C#N)c1cc(Cn2cncn2)cc(C(C)(C)C#N)c1,0.0
CCC[C@@](C)(COC(N)=O)COC(=O)NC(C)C,0.0
C[C@@H]1O[C@@]2(CS1)CN1CCC2CC1,1.0
O=C(O)C1CC(O)C=N1,0.0
COC1CC[C@@]2(C)C(CC[C@]3(C)C2CCC2C4=CC(C)(C)CC[C@]4(C)CC[C@]23C)C1(C)C,0.0
Cc1[nH]cnc1CN1CCc2c(c3ccccc3n2C)C1=O,1.0
CCCCC(=O)OCCC(C)C,0.0
CN(C)CC/C=C1\c2ccccc2COc2ccc(CC(=O)O)cc21,0.0
C[Se]CC(=O)O,0.0
N[C@@H](Cc1co[nH]c1=O)C(=O)O,0.0
COc1ccc2cc(C#N)c(=O)oc2c1,1.0
CCCCCCC[N+](=O)O,0.0
CCCCC/C=C\CC1OC1C(O)/C=C\C/C=C\CCCC(=O)O,0.0
CC1=NCCc2cc(O)c(O)cc21,0.0
Cn1c(=O)c2[nH]cnc2n(C)c1=O,1.0
CC(C)Oc1ccc2c(=O)c(-c3ccccc3)coc2c1,1.0
C[C@@H](CCc1ccccc1)NC[C@H](O)c1ccc(O)c(C(N)=O)c1,0.0
CN1CCN=C(c2ccccc2)c2cc(Cl)ccc21,0.0
C[S@@](=O)c1ccc(-c2nc(-c3ccncc3)c(-c3cccc(I)c3)[nH]2)cc1,0.0
CC(C)Cn1cnc2c(N)nc3ccccc3c21,0.0
C=C[C@]1(C)CCC(OC2OC(COC3OC[C@@](O)(CO)C3O)C(O)C(O)C2O)C(C)(C)O1,0.0
O=C(O)CCC/C=C\C[C@@H]1[C@@H](NS(=O)(=O)c2ccccc2)[C@H]2CC[C@@H]1C2,1.0
COC(=O)/C=C/C(C)=C\C=C\C(C)=C\C=C\C=C(C)\C=C\C=C(/C)C=O,0.0
CCC1=C(C)CN(C(O)=NCCc2ccc(S(=O)(=O)NC(O)=NC3CCC(C)CC3)cc2)C1=O,1.0
CCCCc1ncc(/C=C(\Cc2cccs2)C(=O)O)n1Cc1ccc(C(=O)O)cc1,0.0
C[C@H](N)[C@H](O)c1ccc(O)c(O)c1,0.0
CC(/C=N/NC(=N)N)=NNC(=N)N,0.0
CS(=O)(=O)c1ccc(C2=C(c3ccccc3)C(=O)OC2)cc1,1.0
CCOC(=O)[C@H](CCc1ccccc1)N[C@@H](C)C(=O)N(CC(=O)O)C1Cc2ccccc2C1,0.0
O=C1C=CC(=O)c2c(O)cccc21,0.0
CC(C)=CCC/C(C)=C\COC(=O)C(C)C,0.0
CCC[C@@H]1CC(=O)N([C@@H](CC)C(=N)O)C1,1.0
CCOC(=O)C[C@@H](SP(=S)(OC)OC)C(=O)OCC,0.0
CN(C)C(=O)Nc1ccc(Cl)c(Cl)c1,1.0
CC1=C(/C=C/C(C)=C/C=C/C(C)=C/C(=O)O)C(C)(C)CCC1O,0.0
COCCOC[C@H](CC1(C(=O)NC2CCC(C(=O)O)CC2)CCCC1)C(=O)O,0.0
CO[C@H]1O[C@@H]2O[C@@]3(C)CC[C@H]4[C@H](C)CC[C@@H]([C@H]1C)[C@]42OO3,1.0
CCN(CC)C(=O)N1CCN(C)CC1,0.0
CCCNC(=O)[C@@H](O)CC(=O)N[C@H](C(=O)N1CCC[C@H]1C(=O)O)[C@@H](C)CC,0.0
COCCOc1cnc(NS(=O)(=O)c2ccccc2)nc1,0.0
OCC1OC(O)C(O)C(O)C1O,0.0
CC(C)=CCS,0.0
N[C@@H]1C[C@H]1c1ccccc1,0.0
C[C@H](N)[C@@H](CCCCCC(=O)O)NC(=O)O,0.0
CC(=O)OC1C=CC2C3Cc4ccc(O)c5c4[C@]2(CCN3C)C1O5,0.0
[F:1][c:23]1[cH:18][cH:14][c:11]([C@@H:7]([N:3]2[CH2:5][CH2:8][N:4]([CH2:10]/[CH:13]=[CH:22]/[c:25]3[cH:26][cH:28][cH:30][cH:29][cH:27]3)[CH2:9][CH2:6]2)[c:12]2[cH:15][cH:19][c:24]([F:2])[cH:21][cH:17]2)[cH:16][cH:20]1,0.0
CCc1cccc2cc([C@H](O)CNC(C)(C)C)oc12,1.0
C[C@@H]1Cc2c(Cl)cc(C(=O)N[C@@H](Cc3ccccc3)C(=O)O)c(O)c2C(=O)O1,1.0
CC(=O)NC1C(O[C@@](C)(COC2OC(C)C(O)C(O)C2O)C(O)C(O)CO)OC(CO)C(O)C1O,0.0
COc1ccc(-c2ccc3c(N4CCOC[C@@H]4C)nc(N4CCOC[C@@H]4C)nc3n2)cc1CO,0.0
CN1CCN2c3ncccc3Cc3ccccc3[C@H]2C1,1.0
C=COC(C)=O,0.0
CCc1ccc(NS(=O)(=O)O)cc1,0.0
C=C(C(CC=C(C)C)OC(=O)/C(C)=C\C)C1C(OC(C)=O)C(=O)[C@]2(C)OC2C1O,0.0
CCC(=O)C1(c2cccc(O)c2)CCN(C)CC1,1.0
CCCCCc1cc(O)c2c(c1)OC(C)(C)C1CCC(C)=CC21,1.0
NC(=O)N1c2ccccc2C=Cc2ccccc21,1.0
C=CCCCCCCCCCCCC(CC(O)CO)OC(C)=O,0.0
O=C1CC(c2ccc(Oc3c(O)c(C(=O)/C=C/c4ccc(O)cc4)c(O)c(C4OC(CO)C(O)C(O)C4O)c3O)cc2)Oc2cc(O)cc(O)c21,0.0
COc1ccnc2[nH]cc(-c3ccnc(N)n3)c12,0.0
O=C(COP(=O)(O)O)Cc1c[nH]cn1,0.0
CSCCC(NC=O)C(=O)O,0.0
CCN(CC)CCS(=O)(=O)[C@@H]1CCN2C(=O)c3coc(n3)CC(=O)C[C@H](O)C=C(C)C=CCNC(=O)C=C[C@@H](C)[C@@H](C(C)C)OC(=O)[C@@H]12,0.0
CC(C)Cc1ccc([C@H](C)C(=O)O)cc1,1.0
CS(=O)(=O)OCCCCOS(C)(=O)=O,0.0
CC(=O)NC1C(OC2C(O)C(CO)OC(OC3C(CO)OC(O)C(O)C3O)C2O)OC(CO)C(O)C1OC1OC(CO)C(O)C(O)C1O,0.0
COC1=CC(=O)O[C@H]1[C@H](O)c1ccccc1Cl,0.0
CCC(C)C(=O)OC1CC2CC[C@@]1(C)C2(C)C,0.0
Nc1nc(N)nc(-c2cc3ccccc3cc2Br)n1,0.0
CC(C)=CC1CC(C)CCO1,0.0
CNC(=O)c1cccc(NCC(=O)NCCc2ccc(OC)c(OC)c2)c1,0.0
CCCCC(F)(F)[C@@]1(O)CC[C@H]2[C@@H](CC(=O)[C@@H]2CCCCCCC(=O)O)O1,0.0
CN(C)CCc1c[nH]c2ccc(Cn3cncn3)cc12,0.0
CCCCCCCC(=O)OCCCC1C(=C(C)C)CCC2[C@@]1(C)CC[C@@]1(C)C(C(C)CCC=C(C)C)CC[C@]21C,0.0
NC(CS)C(=O)NC(CO)C(=O)O,0.0
O=C1CN=C(c2ccccn2)c2cc(Br)ccc2N1,0.0
CCCCN(CCCC)CC[C@H](O)c1cc2c(Cl)cc(Cl)cc2c2cc(C(F)(F)F)ccc12,0.0
CN(CCc1cn(C2OC(CO)C(O)C(O)C2O)cn1)C(=O)/C=C/c1ccccc1,0.0
CC/C=C\COC(=O)CCCCC,0.0
CC(C)C1CC2[C@@]3(O)C4O[C@@](O)(C[C@@]2(C)[C@]2(O)CC(OC5OC(CO)C(O)C(O)C5O)C(C)C42)[C@@]13C,0.0
C[C@H]1C=C(c2csc(SC3=C(C(=O)O)N4C(=O)[C@H]([C@@H](C)O)[C@H]4[C@H]3C)n2)CN1,0.0
CCOC(=O)C1=C(C)NC(C)=C(C(=O)OC)[C@@H]1c1cccc2c1OCO2,0.0
CC/C=C\C#CC(O)c1ccc(/C=C\C(=O)OC)o1,0.0
Cc1cc(C#Cc2ccccc2CNn2ccoc2=O)nc(N)n1,0.0
CCCCCC(O)CCCCC(O)C1CCC(C2CCC(C(O)CCCCC(O)CCCCCCCC3=CC(C)OC3=O)O2)O1,0.0
C[C@]12CC[C@@H]3c4ccc(O)cc4CC[C@H]3[C@@H]1CC[C@@H]2OC(=O)CCC1CCCC1,1.0
Fc1ccccc1C1=NCC(=S)N(CC(F)(F)F)c2ccc(Cl)cc21,1.0
CCC(=O)C1CC(C)[C@@]2(CC(=O)[C@]3(C)C4=C(CC[C@@]32C)[C@@]2(C)CCC(O)[C@](C)(CO)C2CC4)O1,0.0
Cn1c(=O)[nH]c2ncn(C)c2c1=O,0.0
C[C@H]1O[C@H](O)[C@@H](O)C[C@@H]1O,0.0
CC(C)(O)C#N,0.0
CCc1nc(C)cs1,0.0
Nc1ccc([N+](=O)[O-])c(C(F)(F)F)c1,1.0
CC(=O)[C@@]1(O)CC[C@H]2[C@@H]3C[C@H](C)C4=CC(=O)CC[C@]4(C)[C@H]3CC[C@@]21C,0.0
C=CC(O)CCCCCCCC(=O)O,0.0
CNCC(=O)O,0.0
CCCCCCCCCCCCCCCCCCC(=O)CC(O)CCCCC,0.0
CN[C@H]1CN(c2cccc(OC)c2)S(=O)(=O)c2sc(S(N)(=O)=O)cc21,0.0
COc1cc(CN=C(O)CCCC/C=C/C(C)C)ccc1O,1.0
CC(=O)[C@@]1(O)CC[C@H]2[C@@H]3C=C(Cl)C4=CC(=O)[C@@H]5C[C@@H]5[C@]4(C)[C@H]3CC[C@@]21C,0.0
C#C[C@]1(O)CC[C@H]2[C@@H]3CCC4=CC(=O)CC[C@@H]4[C@H]3C(=C)C[C@@]21CC,0.0
COc1ccc(CC2COC(=O)[C@@]2(O)Cc2ccc(OC3OC(CO)C(O)C(O)C3O)c(OC)c2)cc1OC,0.0
O=C(O)/C(=C/c1ccc(Oc2ccccc2Br)cc1)NC(=O)c1ccccc1,0.0
N=C(N)NCCCCNC(=O)/C=C\c1cc(O)c2c(c1)C(C(=O)NCCCCNC(=N)N)C(c1ccc(O)cc1)O2,0.0
C=C1CC[C@@]2(C(C)C)CC12,0.0
OC[C@H]1O[C@@H](Oc2ccc(O)cc2)[C@H](O)[C@@H](O)[C@@H]1O,0.0
CCCC/C=C/CC(=O)OCC,0.0
CCNC(=O)c1noc(-c2cc(C(C)(C)C)c(O)cc2O)c1-c1ccc(CN2CCOCC2)cc1,0.0
O=P(O)(O)OC1C(O)C(O)C(O)C(O)C1O,0.0
CC(C)(C)C1CCC(C2=C(O)c3ccccc3C(=O)C2=O)CC1,1.0
C=C(CO)C1CC[C@]2(C)CC[C@]3(C)C(=CCC4[C@]5(C)C=CC(=O)C(C)(C)C5CC[C@]43C)C12,0.0
CCCCCC/C=C\CCCCCCCCCC(=O)OC(CCC(=O)[O-])[N+](C)(C)C,0.0
ClC=C(Cl)Cl,0.0
CC1=C(CC(=O)O)c2cc(F)ccc2C1=Cc1ccc(S(C)=O)cc1,1.0
C[C@H](CN(C)C)CN1c2ccccc2CCc2ccccc21,0.0
CO[C@@H]1[C@@H](O)O[C@@H](C)[C@@H](O)[C@H]1O,0.0
O=C1OC(C(O)CO)C(=O)C1=O,0.0
CN(C)CCCN1c2ccccc2CCc2ccc(Cl)cc21,1.0
O=C(O)CCc1nc(-c2ccccc2)c(-c2ccccc2)o1,1.0
CCOP(=S)(OCC)SCSCC,1.0
CC[C@H](c1ccccc1)c1c(O)c2ccccc2oc1=O,1.0
CCCCCCCCCCCCC/C=C/C(O)C(COC1OC(CO)C(O)C(O)C1O)NC(=O)CCCCCCCCCCCCCCCCCCCCCCC,0.0
NS(=O)(=O)c1ccc(C(=O)NCc2cccc(F)c2F)cc1,0.0
C=C(C)C1CCC(C)C(OC(C)=O)C1,0.0
C[C@@H]1C[C@H]2[C@@H]3CCC4=CC(=O)C=C[C@]4(C)C3=CC[C@]2(C)[C@H]1C(=O)CN1CCN(c2cc(N3CCCC3)nc(N3CCCC3)n2)CC1,0.0
O=C(N[C@H](Cc1cc(=O)[nH]c2ccccc12)C(=O)O)c1ccc(Cl)cc1,0.0
O=P(O)(O)OC[C@@H](O)[C@@H](O)[C@H](O)[C@@H](O)CO,0.0
CCCCCCC(N)C(=O)O,0.0
CN1C(=O)CN=C(c2ccccc2)c2cc(Cl)ccc21,1.0
CCCCCCCCCCCCC/C=C\C=C\C(=O)NCC(C)C,0.0
C/C=C(/C)C(=O)OC1c2c(ccc3ccc(=O)oc23)OC1C(C)(C)OC(=O)/C(C)=C\C,0.0
CC[C@]1(O)C[C@H]2CN(CCc3c([nH]c4ccccc34)[C@@](C(=O)OC)(c3cc4c(cc3OC)N(C=O)[C@H]3[C@@](O)(C(=O)OC)[C@H](OC(C)=O)[C@]5(CC)C=CCN6CC[C@]43[C@@H]65)C2)C1,0.0
CC(=O)OC1CC2C(COC(=O)CC(C)C)=COC(OC(=O)CC(C)C)C2[C@]12CO2,0.0
CC(C)=CCCC(C(=O)O)C1CC[C@]2(C)C3=C(CC[C@@]12C)[C@@]1(C)CCC(O)C(C)(C)C1CC3,0.0
CC[C@H]1OC(=O)[C@H](C)[C@@H](O[C@H]2C[C@@](C)(OC)[C@@H](O)[C@H](C)O2)[C@H](C)[C@@H](O[C@@H]2O[C@H](C)C[C@H](N(C)C)[C@H]2O)[C@](C)(O)C[C@@H](C)[C@@H]2N[C@@H](COCCOC)O[C@H]([C@H]2C)[C@]1(C)O,0.0
COC1=C(OC)C(=O)C(CCCCCCCCCCCCO)=C(C)C1=O,0.0
CC(C)CCCC(C)C1CCC2C3CCC4CC(O)CC[C@@]4(C)C3CC[C@@]12C,0.0
CN(c1nccc(=O)[nH]1)C1CCN(c2nc3ccccc3n2Cc2ccc(F)cc2)CC1,0.0
O=C(O)CN1CCN(CC(=O)O)CCN(C(CO)C(O)CO)CCN(CC(=O)O)CC1,0.0
CCCCCCCCCCCC(=O)O,1.0
O[C@H](CBr)[C@H](O)[C@H](O)[C@@H](O)CBr,0.0
N[C@@H](CC1=CCCCc2o[nH]c(=O)c21)C(=O)O,0.0
O=c1c(OC2OC(CO)C(O)C2O)c(-c2ccc(O)c(O)c2)oc2cc(O)cc(O)c12,0.0
COc1cc2c(cc1OC)[C@@H]1C[C@H](N)[C@@H](N3C[C@@H](CF)CC3=O)CN1CC2,0.0
CCOCCn1c(N2CCCN(C)CC2)nc2ccccc21,0.0
CC1(C)CC2C1CC[C@](C)(O)C1CC[C@@]21C,0.0
CC(O)C(N)C(=O)NC(CCCNC(=N)N)C(=O)O,0.0
CC12CCC(CC1=O)C2(C)C,0.0
CCCc1nn(C)c2c(=O)[nH]c(-c3cc(S(=O)(=O)N4CCN(C)CC4)ccc3OCC)nc12,1.0
CCCCCNC(=N)N/N=C/c1c[nH]c2ccc(OC)cc12,0.0
CC(CCC(=O)O)C1CCC2C3C(O)CC4CC(=O)CC[C@]4(C)C3CC[C@]12C,0.0
CS(=O)(=O)Nc1ccc([N+](=O)[O-])cc1Oc1ccccc1,1.0
CC(C)n1c(/C=C/[C@H](O)C[C@H](O)CC(=O)O)c(-c2ccc(F)cc2)c2ccccc21,1.0
O=c1ccn(C2CC(O)C(CO)O2)c(=O)[nH]1,0.0
CC(=O)OC(C/C=C(\C)C(=O)O)C(C)C1CC(OC(C)=O)[C@]2(C)C3=CCC4C(C)(C)C(OC(C)=O)CC[C@@]4(C)C3=CC[C@]12C,0.0
C#CCN(C)[C@H](C)Cc1ccccc1,1.0
C[N+](C)(C)CCCCC(N)C(=O)[O-],0.0
CCCC/C=C\CCCCCCCC(=O)OCCCCCCCCCCCCCCCC,0.0
CC(C)CCCC(C)C1CCC2C3CCC4CC(=O)CC[C@@]4(C)C3CC[C@@]12C,0.0
NC(CC(=O)O)C(=O)NC(Cc1c[nH]c2ccccc12)C(=O)O,0.0
O=c1c(O)c(-c2ccccc2)oc2cc(O)cc(O)c12,1.0
CCCCCCCC/C=C\CCCCCCCC(=O)NC(CO[P@@](=O)([O-])OCC[N+](C)(C)C)C(O)CCCCCCCCCCCCCCC,0.0
CC1=CC(=O)CC1,0.0
COc1cc(N(C)C[C@H]2CCC3=C(C2)C(N)=N[C@H](N)N3)cc(OC)c1OC,0.0
CC[C@H](OC(C)=O)C(C[C@H](C)N(C)C)(c1ccccc1)c1ccccc1,1.0
Oc1cc(O)c2c(c1)O[C@H](c1ccc(O)c(O)c1)[C@H](O)C2,0.0
CCCCCCCC/C=C\CCCCCCCCCCCC(=O)NC(CO)C(O)CCCCCCCCCCCCCCC,0.0
C=C[C@](C)(CC/C=C(\C)CC/C=C(/C)CC/C=C(\C)COC1OC(CO)C(O)C(O)C1O)OC1OC(CO)C(O)C(O)C1O,0.0
O=C1C(CCS(=O)c2ccccc2)C(=O)N(c2ccccc2)N1c1ccccc1,1.0
Cc1ncsc1CCCl,0.0
CC(C)=CCCC(C)CCO,0.0
CCC/C=C/COC(=O)C(C)CC,0.0
COc1ccc(-c2coc3cc(O)cc(O)c3c2=O)cc1,1.0
CCC1OC1C/C=C\C/C=C\CCCCCCCC(=O)O,0.0
CC(C)Cc1ccc([C@@H](C)C(=O)O)cc1,1.0
FC(F)OC(F)(F)[C@@H](F)Cl,0.0
O=P(O)(O)OCC1OC(OP(=O)(O)O)C(O)C1O,0.0
CCCO,0.0
NC(CN[N+](=O)[O-])C(=O)O,0.0
O=C(O)Cc1ccccc1Nc1c(Cl)cccc1Cl,1.0
N=CN1c2c(nc(N)[nH]c2=O)NCC1CNc1ccc(C(=O)NC(CCC(=O)O)C(=O)O)cc1,0.0
C/C1=C/C(C)C/C=C\C2C3O[C@]3(C)C(C)C3C(C(C)c4c[nH]c5ccccc45)NC(=O)[C@]23C(=O)CCC(=O)C1=O,0.0
CC1CNc2[nH]c(N)nc(=O)c2N1,0.0
CC#C[C@]1(O)CC[C@H]2[C@@H]3CCC4=CC(=O)CCC4=C3[C@@H](c3ccc(N(C)C)cc3)C[C@@]21C,0.0
CC(CCC(=O)O)C1CCC2C3C=CC4=CC(=O)CC[C@]4(C)C3CC(O)[C@]12C,0.0
OCCN1CCN(CCCN2c3ccccc3C=Cc3ccccc32)CC1,0.0
OC(O)C(Cl)(Cl)Cl,0.0
O=c1c2ccccc2nc2n1CCc1c-2[nH]c2ccccc12,1.0
O=C(O)CC(=O)O,0.0
O=C1CCC2C3Cc4ccc(O)c5c4[C@@]2(CCN3)C1O5,0.0
CN1CN([C@@H]2O[C@H](COP(=O)(O)OP(=O)(O)O)[C@@H](O)[C@H]2O)c2[nH]c(=N)nc(O)c21,0.0
CCCCN,0.0
Cc1ccc(-c2ccc3c(ccc4sc5c(c43)NC[C@@H](C)NC5=O)n2)cn1,0.0
C[C@]12CC(=O)[C@H]3[C@@H](CCC4=CC(=O)CC[C@@]43C)[C@@H]1CC[C@]2(O)C(=O)CO,0.0
O=C(O)C(Cc1ccccc1)NC(=O)C1CCCN1,0.0
Cc1cc(=O)n(-c2ccccc2)n1C,1.0
CC1C=CC(=O)O1,0.0
O=C(O)CNC(=O)c1cccc(Cl)c1,0.0
COc1cc2c(cc1OC)C(=O)C(CC1CCN(Cc3ccccc3)CC1)C2,1.0
CSCCC(NC(=O)C(C)N)C(=O)O,0.0
C#C[C@]1(O)CC[C@H]2[C@@H]3CCc4cc(O)ccc4[C@H]3CC[C@@]21C,1.0
CC(=O)CCCCn1c(=O)c2c(ncn2C)n(C)c1=O,0.0
CC(=O)CC(c1ccccc1)c1c(O)oc2ccc(O)cc2c1=O,0.0
CCCCC/C=C/C(=O)OC(CCC(=O)[O-])[N+](C)(C)C,0.0
Nc1ncnc2c1ncn2[C@@H]1O[C@H](/C=C/CN=C(O)c2cc([N+](=O)[O-])cc(O)c2O)[C@@H](O)[C@H]1O,0.0
C[C@@H](/C=C/[C@@H](C)[C@H]1CC[C@H]2/C(=C/C=C3C[C@@H](O)C[C@H](O)C3)CCC[C@@]21C)C(C)(C)O,0.0
COc1cc(C(O)=NS(=O)(=O)c2ccccc2C)ccc1Cc1cn(C)c2ccc(N=C(O)OC3CCCC3)cc12,1.0
CC(C)CC(N)C(=O)N1CCCC1C(=O)O,0.0
CCCCCCCCCCCCCCCCCCCCCCCC(O)CC(O)CCCCCC,0.0
COC(=O)C1=C(C)NC(C)=C(C(=O)OC/C=C/c2ccccc2)[C@H]1c1cccc([N+](=O)[O-])c1,0.0
N=C(N)c1ccc(OCCCCCOc2ccc(C(=N)N)cc2)cc1,0.0
CC1OC(OC(C(O)C=O)C(O)C(O)CO)C(O)C(O)C1O,0.0
CCOP(=S)(OCC)Oc1nc(Cl)c(Cl)cc1Cl,1.0
CC1=C(/C=C/C(C)=C/C=C/C(C)=C/C(=O)O)C(C)(C)CCC1,1.0
O=C1Nc2c(O)cc(Cl)cc2[C@@](C#CC2CC2)(C(F)(F)F)O1,1.0
Clc1ccc(CO[C@@H](Cn2ccnc2)c2ccc(Cl)cc2Cl)c(Cl)c1,0.0
CC(CCC(=O)O)C1CCC2C3CCC4CC(OC5OC(C(=O)O)C(O)C(O)C5O)CC[C@@]4(C)C3CC[C@@]12C,0.0
CC1=C(/C=C/C(C)=C/C=C/C(C)=C/C=C/C=C(C)/C=C/C=C(C)/C=C/C2=C(C)CC(O)CC2(C)C)C(C)(C)CC(O)C1,0.0
CC1OC(OP(=O)(O)O)C(O)C(O)C1O,0.0
O=C(O)C1OC(OCC2OC(O)C(O)C(O)C2O)C(O)C(O)C1O,0.0
CC1CC[C@@]2(OC1)OC1CC3C4CCC5CC(OC6OC(CO)C(OC7OC(CO)C(O)C(O)C7O)C(O)C6O)CC[C@@]5(C)C4CC(=O)[C@@]3(C)C1C2C,0.0
Cc1c(F)cccc1NC(=O)Nc1ccc(Cl)c(S(=O)(=O)[C@H]2CCCNC2)c1O,0.0
CCCCCCCC1OCC(C)O1,0.0
c1ccc2c(c1)ccc1cc3c(ccc4ccccc43)cc12,1.0
CCCc1cc(=O)oc2c(C(=O)CC(C)C)c(O)c(CC=C(C)C)c(O)c12,0.0
O=C(O)/C=C/c1ccc(O)c(O)c1,0.0
CC(=O)[C@]1(O)Cc2c(O)c3c(c(O)c2[C@@H](O[C@H]2C[C@H](N)[C@H](O)[C@H](C)O2)C1)C(=O)c1ccccc1C3=O,1.0
C[C@H](Cn1cnc2c(N)ncnc21)OCP(=O)(O)O,0.0
CNC(C)C(O)c1ccccc1,1.0
C[C@]12C=CC(=O)C=C1CC[C@@H]1[C@@H]2CC[C@]2(C)[C@@H](O)CC[C@@H]12,0.0
CC(C)CCCC(C)C1CCC2C3CCC4=CC(=O)CC[C@@]4(C)C3CC[C@@]12C,0.0
NC(Cc1ccc(O)cc1)C(=O)O,0.0
O=C1CCCN1,0.0
CC(O)c1ccc2c(c1)C=CC(C)(C)O2,0.0
NC(CCC(=O)NC(CCC(=O)NC(CCC(=O)NC(CCC=O)C(=O)O)C(=O)O)C(=O)O)C(=O)O,0.0
COc1cc2ccc1Oc1cc(ccc1O)CCC(=O)CCCC2,0.0
Cc1cc(C)cc([C@@H]2CCCN2Cc2ccc(Oc3ccc(C(N)=O)cc3F)cc2)c1,0.0
C=Cc1ccccc1,1.0
CN(C)CCCN1c2ccccc2Sc2ccc(Cl)cc21,1.0
CC(CCc1ccc2c(c1)OCO2)NN,0.0
NC1=N[C@@]2(c3cc(NC(=O)c4ccc(F)cn4)ccc3F)COC[C@H]2CS1,0.0
CC(C)NC[C@@H](O)COc1ccc(CC(N)=O)cc1,0.0
CCCCNc1cc(C(=O)O)cc(S(N)(=O)=O)c1Oc1ccccc1,1.0
Nc1nnc(S)s1,0.0
CC1=C(CC(=O)O)c2cc(F)ccc2/C1=C\c1ccc([S@@H](C)=O)cc1,0.0
CCCC(C(=O)OCCN(CC)CC)(c1ccccc1)c1ccccc1,0.0
CC1CC[C@]2(OC1)OC1CC3C4CC(O)C5CC(O)CC[C@]5(C)C4CC[C@]3(C)C1C2C,0.0
O=C1OCC(O)C(O)C1O,0.0
Cn1nnc2ccc([C@H](c3ccc(Cl)cc3)n3cncn3)cc21,0.0
CC1CO1,0.0
CCOc1ccccc1O[C@H](c1ccccc1)[C@H]1CNCCO1,0.0
CNC(=O)NS(=O)(=O)c1ccc(CCNC(=O)c2cnc(C)cn2)cc1,1.0
c1coc(Cn2cccc2)c1,0.0
CC(/C=C/C=C(C)/C=C/[C@]12O[C@@]1(C)CC(O)CC2(C)C)=C\C=C\C=C(C)\C=C\C=C(/C)C1C=C2C(C)(C)CCC[C@]2(C)O1,0.0
CCCCC[C@H](O)/C=C/[C@H]1[C@H](O)C[C@@H]2O/C(=C\CCCC(=O)O)C[C@@H]21,1.0
CNS(=O)(=O)Cc1ccc2[nH]cc(CCCN3CCN(c4ncncc4OC)CC3)c2c1,0.0
CO[C@H]1C=CO[C@@]2(C)Oc3c(C)c(O)c4c(O)c(c(/C=N\N5CCN(C)CC5)c(O)c4c3C2=O)NC(=O)C(C)=CC=C[C@H](C)[C@H](O)[C@@H](C)[C@@H](O)[C@@H](C)[C@H](OC(C)=O)[C@H]1C,1.0
O=c1nc(O)ccn1[C@@H]1O[C@H](COP(=O)(O)OP(=O)(O)Oc2ccccc2)[C@@H](O)[C@H]1O,0.0
CC(=O)OC1C(C)OC(Oc2c(-c3cc(O)c(O)c(O)c3)oc3cc(O)cc(O)c3c2=O)C(O)C1OC(C)=O,0.0
C[C@H](CN1c2ccccc2Sc2ccccc21)N(C)C,0.0
CN1C(=O)OC(C)(C)C1=O,1.0
CCCN(CCC)S(=O)(=O)c1ccc(C(=O)O)cc1,0.0
Cc1cccc(C)c1OC[C@@H](C)N,0.0
NC(=O)CC(NC(=O)C(N)Cc1ccc(O)cc1)C(=O)O,0.0
CC(C)Nc1cc(-c2c[nH]c(C(=O)N[C@H](CO)c3cccc(Cl)c3)c2)c(Cl)cn1,0.0
C[C@@H]1CC[C@H]2[C@@H](C)[C@@H](OC(=O)CCC(=O)O)O[C@@H]3O[C@@]4(C)CC[C@@H]1[C@@]23OO4,0.0
COc1ccc2c(c1)Oc1cc(O)ccc1C21OC(=O)c2ccccc21,1.0
O=C(Nc1ccc(Oc2ccnc3[nH]ccc23)c(F)c1)c1cccn(-c2ccc(F)cc2)c1=O,0.0
O=c1[nH]c2ccccc2n1CCCN1CCC(n2c(=O)[nH]c3cc(Cl)ccc32)CC1,0.0
CCOC(=O)CCc1ccco1,0.0
CC(C/C=C/C(C)(C)O)CCOC1OC(CO)C(O)C(O)C1O,0.0
CC1(C)N[C@H](C(=O)O)CS1,0.0
Cc1cccc(Nc2ccncc2S(=O)(=O)NC(=O)NC(C)C)c1,1.0
COc1cc2c(c3oc(=O)c4c(c13)CCC4=O)[C@]1(O)C=COC1O2,0.0
CN1CC[C@]23c4c5ccc(O)c4O[C@H]2C(=O)CC[C@H]3[C@H]1C5,1.0
O=C(Nc1ccncc1)Nc1ccc(-c2nc(N3CCOCC3)nc(N3[C@H]4CC[C@@H]3COC4)n2)cc1,0.0
CCNC1CC(C)S(=O)(=O)c2sc(S(N)(=O)=O)cc21,1.0
O=C(CO)[C@@H](O)[C@H](O)COP(=O)(O)O,0.0
CC(CC(=O)O)C[C@]1(O)CC2CCC1CN2C,0.0
CCC(O)C1CC(C)[C@]2(CC(=O)[C@@]3(C)C4=C(CC[C@]32C)[C@@]2(C)CCC(=O)[C@](C)(CO)C2CC4)O1,0.0
NCCNCCNCCNCCN,0.0
N[C@@H](Cc1cc(I)c(Oc2ccc(O)c(I)c2)c(I)c1)C(=O)O,0.0
CN(C)CCOc1ccc(/C(=C(\CCCl)c2ccccc2)c2ccccc2)cc1,1.0
Cc1ccsc1C(=CCCN1CCC[C@@H](C(=O)O)C1)c1sccc1C,0.0
COC(=O)C1=C(C)NC(C)=C(C(=O)OCCN2CCN(C(c3ccccc3)c3ccccc3)CC2)[C@H]1c1cccc([N+](=O)[O-])c1,0.0
C/C(C(=O)O)=C(\C)C(=O)O,0.0
O=c1[nH]c(=O)n([C@@H]2CCCO2)cc1F,1.0
C[C@H]1Cc2c([nH]c3cc(Cl)c(F)cc23)[C@@]2(N1)C(=O)Nc1ccc(Cl)cc12,0.0
NC1=NC(=O)C(c2ccccc2)O1,0.0
COc1ccc2cc([C@H](C)C(=O)O)ccc2c1,1.0
O[C@@H]1CO[C@@H](O)[C@H](O)[C@@H]1O,0.0
CC1CC[C@@]2(OC1)OC1CC3C4CC=C5CC(OC6OC(CO)C(OC7OC(C)C(O)C(O)C7O)C(O)C6OC6OC(C)C(O)C(O)C6O)C(O)C[C@@]5(C)C4CC[C@@]3(C)C1C2C,0.0
Cc1cncc(CN2CCC(=C3c4ccc(Cl)cc4CCc4cccnc43)CC2)c1,1.0
C[S@@](=O)C[C@H](C(=O)O)N1C(=O)[C@@H](N=C(O)CCC[C@H](N)C(=O)O)[C@H]1S,0.0
Cc1nc2c([nH]1)c(=O)n(C)c(=O)n2Cc1ccco1,0.0
C[C@@H](C(=O)O)c1ccc2c(c1)CC(=O)c1ccccc1S2,1.0
CCOC(=O)CSCCC1NC(C(=O)O)CS1,0.0
CO[C@@H]1[C@@H](O[C@@H]2O[C@H](C)[C@@H](O[C@H]3C[C@@](C)(O)[C@@H](OC(=O)CC(C)C)[C@H](C)O3)[C@H](N(C)C)[C@H]2O)[C@@H](CC=O)C[C@@H](C)[C@@H](O)C=CC=CC[C@@H](C)OC(=O)C[C@H]1OC(C)=O,0.0
CC(C)CCCCCCCCCCCCCCC(=O)O,0.0
CCCCCCC(=O)Oc1ccc2c(c1)CC[C@@H]1[C@@H]2CC[C@]2(C)[C@@H](OC(=O)CCCCCC)CC[C@@H]12,1.0
CC1C(O)C[C@]2(C)C(O)C[C@]3(C)C(=CCC4[C@]5(C)CCC(O)C(C)(C)C5CC[C@@]43C)C2C1C,0.0
CC[C@]1(c2ccccc2)C(=O)NC(=O)N(C)C1=O,0.0
CCCCCCCCCCCCCCCCCCCCCC(=O)CC(O)CCC,0.0
C=C1C[C@@]23CCC4[C@](C)(C(=O)OC5OC(CO)C(O)C(O)C5O)CCC[C@]4(C)C2CC[C@]1(OC1OC(CO)C(O)C(OC2OC(CO)C(O)C(O)C2O)C1OC1OC(CO)C(O)C(O)C1O)C3,0.0
O=C1O[C@H]([C@@H](O)CO)C(O)=C1O,0.0
COc1ccc(C[C@H](N)C(=O)N[C@@H]2[C@@H](CO)O[C@@H](n3cnc4c(N(C)C)ncnc43)[C@@H]2O)cc1,0.0
NOCC(=O)O,0.0
C=C(CCC=C(C)C)C1CC[C@@]2(C)C1CCC1[C@]3(C)CCC(O)C(C)(C)C3CC[C@@]12C,0.0
O=C(O)CC1CCC(O)CC1,0.0
CC1CC[C@@]2(OC1)OC1CC3C4CCC5CC(=O)CC[C@@]5(C)C4CC[C@@]3(C)C1C2C,0.0
O=C1C(CC[S@@H](=O)c2ccccc2)C(=O)N(c2ccccc2)N1c1ccccc1,1.0
O=P(O)(O)Oc1cccc2c1NCCC2,0.0
O=C1CC[C@H](N2C(=O)c3ccccc3C2=O)C(=O)N1,1.0
OCCc1ccccc1Nc1c(Cl)cccc1Cl,1.0
CC(C)(C)c1ccc(C(=O)CCCN2CCC(OC(c3ccccc3)c3ccccc3)CC2)cc1,0.0
CN(CCOc1ccc(C[C@H]2SC(=O)NC2=O)cc1)c1ccccn1,1.0
Cc1ncc([N+](=O)[O-])n1CCO,1.0
C=C[C@H]1CN2CC[C@H]1C[C@@H]2[C@H](O)c1ccnc2ccc(OC)cc12,0.0
C[C@]12C[C@H](O)[C@H]3[C@@H](CCC4=CC(=O)CC[C@@]43C)[C@@H]1CC[C@@H]2C(=O)CO,0.0
CC(CCC(=O)NCC(=O)O)C1CCC2C3C(OS(=O)(=O)O)CC4CC(O)CC[C@]4(C)C3CC[C@]12C,0.0
CC1CC[C@@]2(OC1)OC1CC3C4CCC5CC(OC6OC(COC7OC(CO)C(O)C(O)C7O)C(O)C(O)C6O)CC[C@@]5(C)C4CC[C@@]3(C)C1C2C,0.0
C[C@]12CC[C@H]3[C@@H](CCC4=CC(=O)C=C[C@@]43C)[C@@H]1CCC(=O)O2,0.0
O=c1c(O)c(-c2ccc(O)c(O)c2)oc2cc(O)cc(O)c12,0.0
CC(=O)NCCC=O,0.0
O=C1c2c(O)cc(O)cc2O[C@H](c2ccc(O)c(O)c2)[C@H]1O,0.0
C/C=C/C(=O)C1C(C)C=CCC1(C)C,0.0
COC(=O)C1=C(C)NC(C)=C(C(=O)OC)C1c1ccccc1[N+](=O)[O-],0.0
Cc1cc(OCC(=O)O)cc(C)c1Cc1ccc(O)c(C(C)C)c1,0.0
COc1ccc2c3c1O[C@H]1[C@@H](O)C=C[C@H]4[C@@H](C2)N(C)CC[C@]314,0.0
CCN(CC)C(=S)S,0.0
CCCCCCCCCCCCCCCCCC(=O)OC(CC(=O)[O-])C[N+](C)(C)C,0.0
CN(C)CCSCc1cc(N)cc2c(=O)[nH]c(N)nc12,0.0
CCCCN=C=S,0.0
CC(=O)CC(c1ccccc1)c1c(O)c2ccccc2oc1=O,1.0
CCCc1c2oc(C(=O)O)cc(=O)c2cc2c(=O)cc(C(=O)O)n(CC)c12,0.0
CSCC[C@H](N)[PH](=O)O,0.0
C=CCC1(C(C)CCC)C(O)=NC(=S)N=C1O,1.0
C=C(C)C1CC(=O)C(C)=C(O)C1,0.0
NC(Cc1cnc[nH]1)C(=O)N1CCCC1C(=O)O,0.0
CCCCC(=O)NC1(C(=O)NCc2ccc(-c3ccccc3-c3nn[nH]n3)cc2)CCCC1,0.0
Cc1ccc(C)c(OCCCC(C)(C)C(=O)O)c1,0.0
CCCCCCCCC1CC(C(=O)O)C(=O)O1,0.0
Cc1nc2n(c(=O)c1CCN1CCC(c3noc4cc(F)ccc34)CC1)CCCC2,0.0
CCCCCCCCCC(O)CC(=O)O,0.0
N=C(N)c1ccc(O[C@H]2CO[C@@H]3[C@H](Oc4ccc(C(=N)N)cc4)CO[C@H]23)cc1,0.0
O=c1ccn([C@H]2C[C@H](F)[C@@H](COC(c3ccccc3)(c3ccccc3)c3ccccc3)O2)c(=O)[nH]1,0.0
CC(C)CC(N)C(=O)NC(CCCCN)C(=O)O,0.0
Nc1ncnc2c1ncn2[C@@H]1O[C@H](COP(=O)(O)OP(=O)(O)O)[C@@H](N)[C@H]1O,0.0
Nc1nc2cc(Cl)ccc2o1,0.0
COc1ccnc(C[S@H](=O)c2nc3ccc(OC(F)F)cc3[nH]2)c1OC,0.0
CC(C)CN(CC(OP(=O)(O)O)C(Cc1ccccc1)NC(=O)OC1CCOC1)S(=O)(=O)c1ccc(N)cc1,1.0
CC1(C)C=C[C@]2(C)CC[C@]3(C)C(=CCC4[C@]3(C)CCC3[C@@](C)(CO)C(O)CC[C@@]34C)C2C1,0.0
O=Cc1ccc2c(c1)C(c1cc(O)cc3c1C(c1cc(O)cc(O)c1)C(c1ccc(O)cc1)O3)C(c1ccc(O)cc1)O2,0.0
O=C(CCCCCCC(=O)C(F)(F)F)Nc1ccccc1,0.0
C=C[C@](C)(O)CC(=O)C=C(C)C,0.0
OCCN1CCN(CCCN2c3ccccc3Sc3ccc(C(F)(F)F)cc32)CC1,0.0
O=C(NC1CCN(CCc2c[nH]c3ccccc23)CC1)c1ccccc1,0.0
O=C(NC(O)C(=O)O)c1ccccc1,0.0
N=C(N)NCCCC(N)C(=O)NC(Cc1cnc[nH]1)C(=O)O,0.0
Clc1cccc([C@H](c2ccc3nc[nH]c3c2)n2ccnc2)c1,0.0
CNCCC(Oc1ccc(C(F)(F)F)cc1)c1ccccc1,1.0
CN1C(CSCC(F)(F)F)Nc2cc(Cl)c(S(N)(=O)=O)cc2S1(=O)=O,0.0
Cc1nc(C)c2c(n1)N(Cc1ccc(-c3ccccc3-c3nnn[nH]3)cc1)C(=O)CC2,0.0
CC1=CC(=C(C)C)CCC1,0.0
CC(C(=O)O)c1ccc(C(=O)c2cccs2)cc1,1.0
O=[N+]([O-])c1cncn1CCN1CCOCC1,0.0
CC(=O)CC(c1ccccc1)c1c(O)oc2ccccc2c1=O,1.0
C=C1/C(=C\C=C2/CCC[C@@]3(C)C2CCC3C(C)/C=C/C(C)C(C)(C)O)CC(O)CC1O,0.0
CO[C@H]1C[C@H](O[C@@H]2[C@@H](C)C(=O)O[C@H](C)[C@H](C)[C@H](OC(C)=O)[C@@H](C)C(=O)[C@@]3(CO3)C[C@H](C)[C@H](O[C@@H]3O[C@H](C)C[C@H](N(C)C)[C@H]3OC(C)=O)[C@H]2C)O[C@@H](C)[C@@H]1OC(C)=O,0.0
COc1ccc2c(c1)Oc1cc(O)ccc1[C@@]21OC(=O)c2ccccc21,1.0
O=C(Nc1cccnn1)N1CCC(=Cc2cccc(Oc3ccc(C(F)(F)F)cn3)c2)CC1,0.0
COCCc1ccc(OCC(O)CNC(C)C)cc1,0.0
CC(C)(O)CN=c1nc(-c2cccc(C(F)(F)F)n2)[nH]c(=Nc2ccnc(C(F)(F)F)c2)[nH]1,1.0
C=CCN(C)CCCCCCOc1ccc2c(-c3ccc(Br)cc3)nsc2c1,0.0
CN1C(=O)[C@H](O)N=C(c2ccccc2)c2cc(Cl)ccc21,1.0
CC(=O)c1ccc(C)cc1N[C@H](C(N)=O)c1c(Br)cccc1Br,0.0
COCc1c(C(C)C)nc(C(C)C)c(/C=C\[C@@H](O)C[C@@H](O)CC(=O)O)c1-c1ccc(F)cc1,0.0
CCCCCCCC(O)C(O)CCCCCC(O)C1CCC(CCCCCCCC(O)CC2=CC(C)OC2=O)O1,0.0
CCc1c2c(nc3ccc(OC(=O)N4CCC(N5CCCCC5)CC4)cc13)-c1cc3c(c(=O)n1C2)COC(=O)[C@]3(O)CC,0.0
C[C@@H]1CO[C@]2(c3ccccc3Cl)c3cc(Cl)ccc3NC(=O)CN12,0.0
COc1cccc2c1C(=O)c1c(O)c3c(c(O)c1C2=O)C[C@@](O)(C(C)=O)C[C@@H]3O[C@H]1C[C@H](N)[C@H](O)[C@H](C)O1,0.0
Nc1nc(NC2CC2)c2ncn([C@H]3C=C[C@@H](CO)C3)c2n1,1.0
CN1CCCC(n2nc(Cc3ccc(Cl)cc3)c3ccccc3c2=O)CC1,1.0
CC(C)(Oc1ccc(NC(=O)Nc2cc(Cl)cc(Cl)c2)cc1)C(=O)O,0.0
CC(=O)c1ccccc1O,0.0
CCCCCCCCCCCCC/C=C/C(O)C(CO)NC(=O)CCCCCCCCCCCCCCCCCCC,0.0
C/C(=C/CC/C(C)=C\CC/C(C)=C/CC/C(C)=C/CO)CC/C=C(/C)CC/C=C(\C)CCCC(C)CCCC(C)CCCC(C)C,0.0
O=[S@H](Cc1ccccn1)c1nc2ccccc2[nH]1,0.0
OCCN1CCN(CCCN2c3ccccc3Sc3ccc(Cl)cc32)CC1,1.0
N=C(N)N/N=C\c1c(Cl)cccc1Cl,0.0
CC1=C2CC(C)(C)CC2C(O)C2=C(C1)C(=O)OC2O,0.0
C=C[C@]1(C)CCC(C(C)C)C(=O)C1C(=C)C,0.0
N#Cc1ccc([C@H]2CCCc3cncn32)cc1,0.0
CCCCCC/C=C/C=C\CCCCCCCC(=O)O,0.0
C[C@H](N)C(=O)c1ccccc1,0.0
CC(C)(Oc1ccc(Cl)cc1)C(=O)O,0.0
CC(C)(O)c1ccccc1CC[C@@H](SCC1(CC(=O)O)CC1)c1cccc(/C=C/c2ccc3ccc(Cl)cc3n2)c1,1.0
CC(=O)[C@H]1CC[C@H]2[C@@H]3CC[C@H]4C[C@@H](O)CC[C@]4(C)[C@H]3CC[C@]12C,0.0
C[C@]12CC[C@H]3[C@@H](CCC4=CC(=O)CC[C@@]43C)[C@@H]1CC[C@@H]2O,1.0
CC(=O)CC(c1ccc(O)cc1)c1c(O)oc2ccccc2c1=O,0.0
C[C@@H](C#Cc1ccc(Cc2ccccc2)s1)N(O)C(N)=O,1.0
CN1CCN(CCCN2c3ccccc3Sc3ccccc32)CC1,1.0
O=C(CCCN1CCN(c2ccccn2)CC1)c1ccc(F)cc1,0.0
Cc1c(C)c2c(c(C)c1O)CCC(C)(COc1ccc(CC3SC(=O)N=C3O)cc1)O2,1.0
Nc1ccc(S(=O)(=O)Nc2ccnn2-c2ccccc2)cc1,0.0
Cc1ccccc1C(=O)N1CC/C(=N\OS(=O)(=O)O)c2ccc(Cl)cc21,1.0
CC1=C(/C=C\C2=CCC[C@]3(C)C2CCC3C(C)CCCC(C)C)CC(O)CC1,0.0
C1SSCSSS1,0.0
Nc1ccc([C@@H](O)[C@@H](CO)NC(=O)C(Cl)Cl)cc1,0.0
C[C@]12CC(O)C3C(CCC4=CC(=O)CC[C@@]43C)C1CCC2C(=O)CC(=O)O,0.0
Cc1c(OCC(F)(F)F)ccnc1CS(=O)c1nc2ccccc2[nH]1,1.0
NNC(=O)c1ccncc1,0.0
CCCC[C@@H](O)[C@H](O)CO,0.0
CN(C)CC/C=C1\c2ccccc2COc2ccccc21,1.0
CC[C@@H]1C(=O)OC[C@@H]1Cc1cncn1C,0.0
CC(=O)OC/C(C)=C\CC[C@]1(C)C2CC3C(C2)C31C,0.0
OCc1cc([C@H](O)CNCCCCCCOCCCCc2ccccc2)ccc1O,0.0
CC(C)C(O)CCC(C)C1CCC2C3CC=C4CC(O)CC[C@]4(C)C3CC[C@]12C,0.0
Nc1cc2nc3ccccc3oc-2cc1=O,0.0
CN1CCN2c3ncccc3Cc3ccccc3C2C1,1.0
C[C@]12C[C@H](O)[C@H]3[C@@H](CCC4=CC(=O)CC[C@@]43C)[C@@H]1CC[C@]2(O)C(=O)CO,0.0
CC(C)CC(=O)O,0.0
CC(C)CCO[P@@](=O)(O)OP(=O)(O)O,0.0
Cc1onc(-c2c(F)cccc2Cl)c1C(=O)N[C@@H]1C(=O)N2[C@@H](C(=O)O)C(C)(C)S[C@H]12,0.0
C/C(=C\COc1c2ccoc2cc2oc(=O)ccc12)CCC(C)(C)C=O,0.0
NCCCC(=O)NC(Cc1c[nH]cn1)C(=O)O,0.0
Nc1ccc(S(=O)(=O)Nc2ncccn2)cc1,1.0
CN(C)C[C@@H](O)COc1ccc(Nc2cc(Nc3cc(C(F)(F)F)ccc3F)ncn2)cc1,0.0
Cc1ncc(C[n+]2csc(CCOP(=O)(O)OP(=O)(O)OCC3OC(n4cnc5c(N)ncnc54)C(O)C3O)c2C)c(N)n1,0.0
COC(=O)[C@H](c1ccccc1Cl)N1CCC2SC(=O)C=C2C1,1.0
COc1ccc(NC(=O)c2ccc(C(=N)N(C)C)cc2)c(C(=O)Nc2ccc(Cl)cn2)c1,0.0
O=C(O)CCC1=C(CC(=O)O)c2cc3[nH]c(cc4nc(cc5[nH]c(cc1n2)c(CC(=O)O)c5CCC(=O)O)C(CCC(=O)OO)=C4CC(=O)O)c(CC(=O)O)c3CCC(=O)O,0.0
O=C1CCC(Cc2ccc(O)c(O)c2)O1,0.0
C=C[C@@]1(C)CCC(=O)O1,0.0
COc1cc(N[C@@H](C)CCCN)c2ncccc2c1,0.0
CCCCCCCCCCCCC(O)C(O)CCC(O)C1CCC(CC(O)CCCCCC(O)CC2=CC(C)OC2=O)O1,0.0
CCCCCCCCC/C=C/CCCCC(=O)O,0.0
Nc1c(Br)cc(Br)cc1CNC1CCC(O)CC1,0.0
CCCCCCCCCCCCC/C=C/C(O)C(N)COC1OC(CO)C(O)C(O)C1O,0.0
C=C1C2CCC(C2)[C@@]1(C)CCC=C(C)C,0.0
C=C/C(C)=C/CC=C(C)C,0.0
C#C[C@]1(O)CC[C@H]2[C@@H]3CCC4=CC(=O)CC[C@@H]4[C@H]3CC[C@@]21C,0.0
O=c1oc2ccccc2cc1O,0.0
C=C1C(O)[C@]23C[C@@]1(O)CCC2[C@]1(C=O)CCC[C@](C)(C(=O)O)C1C3C(=O)O,0.0
COc1cc2c(c(OC)c1OC)-c1ccc(OC)c(=O)cc1[C@@H](NC(C)=O)CC2,0.0
C=C1CCN([C@H](C)[C@](O)(Cn2cncn2)c2ccc(F)cc2F)CC1,0.0
CCC(C)CC(=O)O,0.0
O=C(O)C[C@H](O)C[C@H](O)/C=C/c1c(C2CC2)nc2ccccc2c1-c1ccc(F)cc1,1.0
O=C(O)COc1ccc(C(=O)c2cccs2)cc1,1.0
CC1CCC2C[C@@]3(OC2(C)C)C(C)CCC13,0.0
CCCCOc1ccc2c(C(F)(F)F)cc(=O)oc2c1,1.0
C[C@](COC(=O)Cc1ccc(O)c(O)c1)([C@@H](Nc1c(C=O)cc2ccccn12)C(=O)O)[S@](=O)O,0.0
CCCCc1nc(Cl)c(C=O)n1Cc1ccc(-c2ccccc2-c2nn[nH]n2)cc1,1.0
CCn1cc(C(=O)O)c(=O)c2cnc(N3CCNCC3)nc21,0.0
CCCc1nc2c(C)cc(-c3nc4ccccc4n3C)cc2n1Cc1ccc(-c2ccccc2C(=O)O)cc1,0.0
C[C@]12CCC3C(CC=C4CC(O)CC[C@@]43C)C1CCC2C(=O)CO,0.0
CC1CC(C)(C)CC1=O,0.0
C=C(C)C1CCC(C)(O)CC1,0.0
C=CC/C=C/C/C=C/CCCCCCCC(=O)[C@@]1(O)OC(=O)C=C1OC,0.0
CC(CC[C@](O)(CO)C(C)C)C1C(O)C[C@@]2(C)C3CCC4[C@](C)(C(=O)OC5OC(CO)C(O)C(O)C5O)C(O)CC(O)[C@]45C[C@]35CC[C@]12C,0.0
Cc1cn([C@@H]2O[C@H](COP(=O)(O)O)[C@@H](O)[C@H]2O)c(=O)nc1O,0.0
O=C(c1ccc(OC[C@H]2CCCN2)cc1)c1ccc(-c2ccsc2)cc1,0.0
CC1(C)[C@@H]2CC[C@@]1(C)C(=O)C2,0.0
O=C(O)CNC(=O)C1CCCN1,0.0
CC(O)CCCCO,0.0
CSCCC(N)C(=O)NC(CC(C)C)C(=O)O,0.0
CCCCCCC(=O)OCC(C)C,0.0
CC(=O)NCCCC=O,0.0
COc1cc2c(CC/N=C(\C)O)c[nH]c2cc1OS(=O)(=O)O,0.0
CCCCC1C(=O)N(c2ccccc2)N(c2ccccc2)C1=O,1.0
C=C/C(C)=C\CC=C(C)C,0.0
CC1OC(O)C(O)C(O)C1O,0.0
CCC[C@H]1O[C@@H]2C[C@H]3[C@@H]4CCC5=CC(=O)C=C[C@]5(C)[C@H]4[C@@H](O)C[C@]3(C)[C@]2(C(=O)CO)O1,0.0
C[C@]12CC[C@@H]3c4ccc(OC(=O)c5ccccc5)cc4CC[C@H]3[C@@H]1CC[C@@H]2O,1.0
N[C@@H](CSCCS(N)(=O)=O)C(=O)O,0.0
Cc1cc(C(=O)NCCc2ccc(S(=O)(=O)NC(O)=NN3CCCCCC3)cc2)no1,1.0
CCC(C)c1cc([N+](=O)[O-])cc([N+](=O)[O-])c1OC(C)=O,0.0
CCCC(=O)OC(C)Cc1ccccc1,0.0
C=C(C)C1CCC2[C@]3(CC[C@@]4(C)C(C(C)CC/C=C(/C)C(=O)OC)CC[C@]24C)C[C@]13CCC(=O)O,0.0
CCCCCCCCCCCCC#CCCCC(=O)O,0.0
COc1ccc([C@@H](c2ccc(O)cc2)C(Cl)(Cl)Cl)cc1,1.0
CCOCc1nc2c(N)nc3ccccc3c2n1CC(C)(C)O,0.0
OCC(O)C(O)CO,0.0
CCCCCCC(=O)CCO,0.0
CC(=O)Oc1ccccc1C(=O)O,1.0
C=C1CCC(C(C)C)C2C=C(C)CCC12,0.0
COc1ccc([C@@H](c2ccc(O)c(O)c2)C(Cl)(Cl)Cl)cc1,1.0
CC1=C(/C=C/C(C)=C/C=C/C(C)=C/C(=O)OC2OC(C(=O)O)C(O)C(O)C2O)C(C)(C)CCC1,0.0
CC(=O)Nc1ccccc1,1.0
CCN(CC)c1cc(C)nc2ncnn12,0.0
COc1cc2c(cc1O)CCN[C@]21CS[C@@H]2c3c(OC(C)=O)c(C)c4c(c3[C@H](COC1=O)N1[C@@H](O)[C@@H]3Cc5cc(C)c(OC)c(O)c5[C@H]([C@H]21)N3C)OCO4,1.0
COC1C=C2C(CCC(OC3OCC(O)C(O)C3O)C2(C)C)[C@]2(C)CC[C@@]3(C)C(C(C)CCC=C(C)C)C(OC4OC(COC(C)=O)C(OC(C)=O)C(O)C4O)C[C@]3(C)C12,0.0
CC(=O)Oc1ccc2c(c1)CC[C@@H]1[C@@H]2CC[C@]2(C)[C@@H](O)CC[C@@H]12,1.0
CCOC(=O)n1ccn(C)c1=S,0.0
Cc1c(C)c2c(c(C)c1OC(=O)CCC(=O)OCCO)CC[C@@](C)(CCCC(C)CCCC(C)CCCC(C)C)O2,0.0
N#CSO,0.0
O=C(O)COc1ccc(C(=O)c2cccs2)c(Cl)c1Cl,1.0
CCCCCCC(C)CC(C)(C)C,0.0
Cc1ccc(Cl)c(OC[C@@H](O)CNC(C)(C)C)c1,0.0
CCN1CCC[C@@H]1CNC(=O)c1cc(S(N)(=O)=O)ccc1OC,0.0
C[C@]12CCC(O)CC1CCC1C2C(=O)C[C@]2(CO)C(C(=O)CO)CCC12,0.0
COc1cc(N)c(Cl)cc1C(=O)N[C@H]1CCN(CCCOc2ccc(F)cc2)C[C@H]1OC,1.0
CN1C(=C(O)Nc2ccccn2)C(=O)c2sc(Cl)cc2S1(=O)=O,1.0
CCN(CCCc1ccccc1)CCCc1ccccc1,0.0
CC1=C(/C=C/C(C)=C/C=C/C(C)=C/C=C/C=C(C)/C=C/C=C(\C)C2C=C3C(C)(C)CCC[C@]3(C)O2)C(C)(C)CCC1,0.0
CC(C)=CCSCC(N)C(=O)O,0.0
CN1[C@H](C[C@H](O)c2ccccc2)CCC[C@@H]1CC(=O)c1ccccc1,0.0
O=C(O)C(O)C(O)C(O)CO,0.0
CCCCCCC/C=C/C=C/C=O,0.0
OCCOCCN1CCN([C@H](c2ccccc2)c2ccc(Cl)cc2)CC1,0.0
CC(=O)CO,0.0
COCCl,0.0
COc1ccc2c(c1)CC[C@@H]1[C@@H]2CC[C@]2(C)[C@@H](O)CC[C@@H]12,1.0
CC1(C)CC[C@@]2(C(=O)O)CC[C@@]3(C)C(=CCC4[C@@]5(C)CCC(OC6OC(CO)C(O)C(OC7OC(CO)C(O)C(O)C7O)C6OC6OC(CO)C(O)C(O)C6O)C(C)(C)C5CC[C@]43C)C2C1,0.0
CCOC(=O)C1=C(C)NC(C)=C(C(=O)OC)[C@@H]1c1cccc(Cl)c1Cl,0.0
C[C@H](c1cc2ccccc2s1)N(O)C(N)=O,1.0
Cc1cc(O)c(C)c2c1O[C@](C)(CCCC(C)CCCC(C)CCCC(C)C)CC2,0.0
CCC(C)COC(=O)C=C(C)C,0.0
C=C(C)[C@@H]1CC=C(C)CC1,1.0
NC(=O)[C@@H](N)CCC(=O)O,0.0
CCC1O[C@@]2(C)OCCC1O2,0.0
O=[N+]([O-])NC1=NCCN1Cc1ccc(Cl)nc1,1.0
COc1ccc2[nH]cc(CCN(C(C)C)C(C)C)c2c1,1.0
NS(=O)(=O)c1ccc(S(=O)(=O)Nc2cccc3c(Cl)c[nH]c23)cc1,1.0
CCOP(=O)(O)O,0.0
C[C@]12CC[C@@H]3c4ccc(O)cc4CC[C@H]3[C@@H]1CCC2=O,1.0
O=C(OC1OC2COC(=O)c3cc(O)c(O)c(O)c3-c3c(cc(O)c(O)c3O)C(=O)OC(C2O)C1O)c1cc(O)c(O)c(O)c1,0.0
C=CCC(C)C(=O)OCCCCCC,0.0
CC(=O)[C@H]1CC[C@H]2[C@@H]3CC=C4C[C@@H](O)CC[C@]4(C)[C@H]3CC[C@]12C,0.0
CC(=O)O[C@]1(C)CC[C@]23CC1C(C)(C)C2CCC3C,0.0
CC(CC[C@@](O)(CO)C(C)C)C1C(O)C[C@@]2(C)C3CCC4[C@](C)(C(=O)O)C(O)CC(O)[C@]45C[C@]35CC[C@]12C,0.0
CO/N=C(\N)c1ccc(CNC(=O)[C@@H]2CCN2C(=O)[C@H](O)c2cc(Cl)cc(OC(F)F)c2)cc1,0.0
CCCCCCCCCCCCC/C=C/C(O)C(CO)NC(=O)CCCCCCCCCCCCCCC,0.0
CCCCCCCCCCCCCCCCOc1nc2ccc(C)cc2c(=O)o1,0.0
CC(C(=O)O)c1ccc2c(c1)CC(=O)c1ccccc1S2,1.0
CC(=O)Oc1cc2c(s1)CCN(C(C(=O)C1CC1)c1ccccc1F)C2,1.0
O=C(NNC(=O)[C@@H]1CCCNC1)[C@@H]1CC[C@@H]2CN1C(=O)N2OS(=O)(=O)O,0.0
CC(=O)NC1C(OC2C(O)C(CO)OC(OC(C(O)CO)C(OC3OC(C)C(O)C(O)C3O)C(O)C=O)C2O)OC(CO)C(O)C1OC1OC(CO)C(O)C(O)C1O,0.0
O=C(OCC1OC(c2c(O)cc(O)c(C(=O)c3ccc(O)c(O)c3)c2O)C(O)C(O)C1O)c1ccc(O)cc1,0.0
c1ccc2[nH]c(-c3cscn3)nc2c1,0.0
C[C@]12CCC3c4ccc(O)cc4CCC3C1CC(O)C2O,0.0
O=C(O)C/C=C\C[C@@H]1[C@@H](NS(=O)(=O)c2ccccc2)[C@H]2CC[C@@H]1C2,1.0
CC(C)COc1ccc(CNC(=O)N(Cc2ccc(F)cc2)C2CCN(C)CC2)cc1,0.0
Cn1c(=O)[nH]c(=O)c2[nH]c(=O)[nH]c21,0.0
C[C@@H]1C[C@H]2[C@@H]3CCC4=CC(=O)C=C[C@]4(C)[C@@]3(F)[C@@H](O)C[C@]2(C)[C@@]1(O)C(=O)CO,0.0
COc1cc(/C=C\C(=O)NCCCCNC(=N)N)cc2c1OC(c1ccc(OC3OC(CO)C(O)C(O)C3O)cc1)C2C(=O)NCCCCNC(=N)N,0.0
COC(C)(C)c1cc2c(ccc3ccc(=O)oc32)o1,0.0
CC1(C)CC=C(c2nc(C3CC(C)(C)OC(C)(C)C3)ccc2NC(=O)c2ncc(C#N)[nH]2)CC1,0.0
COC(=O)CC1c2cc(O)c(O)cc2C(c2ccc(O)c(O)c2)C1C(=O)OC,0.0
C[C@H](O)CO,0.0
NCCCCC(N)C(=O)NC(CS)C(=O)O,0.0
CN1CCN(CCCCN2C(=O)CN(/N=C\c3ccc(-c4ccc(Cl)cc4)o3)C2=O)CC1,0.0
C[C@@H](O)CCCCn1c(=O)c2c(ncn2C)n(C)c1=O,0.0
CC(C)CC(NC(=O)C(N)CC(N)=O)C(=O)O,0.0
C/C=C1\[C@H]2C=C(C)C[C@]1(N)c1ccc(=O)[nH]c1C2,0.0
CC(=O)OC1CC2[C@]3(C)CCC(OC(=O)CC(=O)O)C(C)(C)C3CC[C@]2(C)[C@@]2(C)CCC([C@]3(C)CCC(C(C)(C)O)O3)C12,0.0
Clc1ccc([C@@H](Cn2ccnc2)OCc2c(Cl)cccc2Cl)c(Cl)c1,0.0
CN(/C=C\c1ccccc1)C(=O)/C=C/c1ccccc1,0.0
CCC1(c2ccccc2)C(=O)NC(=O)NC1=O,1.0
N[C@H]1[C@H](O)O[C@H](CO)[C@H](O)[C@@H]1O,0.0
CCCCCCCCCCCCCCCC(=O)OC1CC[C@@]2(C)C(=CCC3C2CC[C@]2(C)C(C(C)CCCC(C)C)CCC32)C1,0.0
O=S(=O)(CCc1ccc2[nH]cc(CC3CCCN3)c2c1)c1ccccc1,0.0
CCCCC/C=C/CCCCCC/C=C\C=C\C(=O)N1CCCCC1,0.0
NS(=O)(=O)c1ccc(-n2nc(C(F)(F)F)cc2-c2ccc(CO)cc2)cc1,0.0
CCCCC(O)C(O)C/C=C\CCC(O)C1CCC(CCCCCCCCCCCCC(O)CC2=CC(C)OC2=O)O1,0.0
CC/C=C\C/C=C\C/C=C\C/C=C\C/C=C\C/C=C\CCC(=O)O,1.0
O=C(O)CCCC(=O)NCC(=O)O,0.0
CNCC[C@H](Oc1ccc(C(F)(F)F)cc1)c1ccccc1,1.0
CC1=C(/C=C/C(C)=C/C=C/C(C)=C/C=O)C(C)(C)CCC1,1.0
CC(C)CCCC(C)C1CCC2C3CC=C4CCCC[C@@]4(C)C3CC[C@@]12C,0.0
CCCCCCCCCCCCCC(=O)CC(=O)O,0.0
C[C@]12CCC3C(CCC4C=CCC[C@@]43C)C1CCC2=O,0.0
CCCCCCCC/C=C\CCCCCCCCCCCCCCCC(=O)NC(COC1OC(CO)C(O)C(O)C1O)C(O)/C=C/CCCCCCCCCCCCC,0.0
CCCCC(CC=O)SC,0.0
CC[C@@]1(c2ccccc2)NC(=O)N(C)C1=O,1.0
Nc1ncnc2c1ncn2C1CC(O)C(COP(=O)(O)OP(=O)(O)O)O1,0.0
CN1C(=O)CC(=O)N(c2ccc(O)cc2)c2cc(Cl)ccc21,1.0
CCOCCn1c(C2CCN(CCc3ccc(C(C)(C)C(=O)O)cc3)CC2)nc2ccccc21,0.0
CCN(CCO)CCC[C@H](C)Nc1ccnc2cc(Cl)ccc12,0.0
O=C(O)COc1ccc(C(=O)c2ccsc2)c(Cl)c1Cl,1.0
O=[P@]1(N(CCCl)CCCl)NCCCO1,1.0
CCOP(O)(=S)OCC,0.0
Nc1ccc(S(N)(=O)=O)cc1,0.0
COc1ccc2c(c1)CC[C@@H]1[C@@H]2CC[C@]2(C)[C@H]1CC[C@H]2O,1.0
COc1ccc2c(C(F)(F)F)cc(=O)oc2c1,1.0
COc1c2occc2cc2ccc(=O)oc12,0.0
CC/C=C\CCOC(=O)CCCCC,0.0
CC(C)c1nc(N(C)S(C)(=O)=O)nc(-c2ccc(F)cc2)c1C=CC(O)CC(O)CC(=O)O,1.0
COCC(=O)O[C@]1(CCN(C)CCCc2nc3ccccc3[nH]2)CCc2cc(F)ccc2[C@@H]1C(C)C,0.0
COc1cc2c(cc1C(N)=O)CC[C@@H]1[C@@H]2CC[C@]2(C)C=CC[C@@H]12,0.0
CCCCOCCOCC(C)OCCCOC,0.0
NC(CC(O)/C(O)=N/C1OCC=C1CO)C(=O)O,0.0
C=C(C)C1NC(=O)C(NC)C(O)c2cc(Cl)c(O)c(c2)O[C@@](C)(CC)C(C(=O)N2CC=CC2C(=O)N/C(C(=O)N/C(=C/C(=O)O)C(=O)O)=C(\C)CC)NC1=O,0.0
C=C[C@@]1(C)CCC2=C(CCC3[C@@](C)(C(=O)O)CCC[C@@]23C)C1,0.0
Fc1cccc2c1O[C@H]1CNC[C@@H]1O2,0.0
CCC(=O)O[C@]1(C(=O)CCl)[C@@H](C)C[C@H]2[C@@H]3CCC4=CC(=O)C=C[C@]4(C)[C@@]3(F)[C@@H](O)C[C@@]21C,0.0
COc1ccc(CCN(C)CCC[C@@](C#N)(c2cc(OC)c(OC)c(OC)c2)C(C)C)cc1OC,0.0
CNCCC[C@]1(C)C(=O)N(c2ccccc2)c2ccccc21,0.0
C#CC1(O)CCC2C3CCC4=CCCCC4C3C(=C)CC21CC,1.0
OC(CS)C(O)CS,0.0
OCC(O)C(O)C(O)CO,0.0
CCOc1cc(C[C@H]2SC(=S)N(CC(=O)O)C2=O)c(Br)c(Br)c1O,0.0
FC(F)(F)C(F)(F)C(F)(F)F,0.0
CCN[C@H](C)Cc1cccc(C(F)(F)F)c1,0.0
CCC(=O)N(c1ccccc1)C1CCN(CCc2ccccc2)CC1,0.0
CCCCCCCCCCC(=O)O[C@H]1CC[C@H]2[C@@H]3CCC4=CC(=O)CC[C@]4(C)[C@H]3CC[C@]12C,1.0
CC(C)(C(=O)O)c1ccc([C@@H](O)CCCN2CCC(C(O)(c3ccccc3)c3ccccc3)CC2)cc1,0.0
COc1ccc(OC(F)(F)F)cc1CN,1.0
CC1CC[C@]2(C)CC[C@]3(C)C(=CCC4[C@@]5(C)CCC(O)C(C)(C)C5CC[C@]43C)C2C1C,0.0
NCC[C@H](C(=O)Nc1ccc2[nH]nc(NC(=O)c3ccccc3)c2c1)c1cccc(Cl)c1,0.0
O=C1CCc2ccc(OCCCCN3CCN(c4cccc(Cl)c4Cl)CC3)cc2N1,0.0
CCCCCCCCCCCC/C=C/CCC(O)C(O)CCC(O)C1CCC(CCCCCC(O)CC2=CC(C)OC2=O)O1,0.0
N[C@@H](Cc1ccc(O)c(O)c1)C(=O)O,0.0
O=C(O)CC[C@H]1[C@@H](NS(=O)(=O)c2ccccc2)C2CC[C@@H]1C2,1.0
CN1CC[C@]23c4c5ccc(O)c4O[C@H]2[C@@H](O)C=C[C@H]3[C@H]1C5,1.0
CC(C)NC[C@H](O)COc1cccc2ccccc12,0.0
CCCCCc1cc(O)c2c(c1)OC(C)(C)[C@@H]1[C@@H](O)C=C(C)C[C@@H]21,1.0
CCN(CC)C(=O)[C@]1(c2ccccc2)C[C@@H]1CN,0.0
CC1CC([C@](C)(O)C2CCC3C4C5OC5[C@]5(O)CC=CC(=O)[C@]5(C)C4CC[C@]32C)OC(=O)C1C,0.0
C[C@H]1C[C@H]2[C@@H]3CCC4=CC(=O)C=C[C@]4(C)[C@@]3(F)[C@@H](O)C[C@]2(C)[C@@]1(O)C(=O)CO,0.0
Cc1nc2c(=O)[nH]c(=O)nc-2n(CC(O)C(O)C(O)CO)c1C,0.0
COc1ccc(CCN(C)CCCC(C#N)(c2ccc(OC)c(OC)c2)C(C)C)cc1OC,1.0
NCCC[C@](N)(C(=O)O)C(F)F,0.0
CCC(C(=O)O)C1OC(C(C)C(O)C(C)C(=O)C(CC)C2O[C@]3(C=CC[C@]4(CC[C@](C)(C5CC[C@@](O)(CC)C(C)O5)O4)O3)C(C)CC2C)C(C)CC1C,0.0
CCOC(=O)[C@H](CCc1ccccc1)N[C@@H](C)C(=O)N1CCC[C@H]1C(=O)O,0.0
Cc1c(OCC(F)(F)F)ccnc1C[S@@H](=O)c1nc2ccccc2[nH]1,1.0
O=[N+]([O-])c1c(O)nc(O)nc1NC[C@H](O)[C@H](O)[C@H](O)CO,0.0
CC(C(=O)O)c1ccccc1,0.0
CCCCC/C=C\C/C=C\CC(O)C(O)C/C=C\CCCC(=O)O,0.0
CCCCCCCS,0.0
CCOC(=O)C1(c2ccccc2)CCN(C)CC1,0.0
CCCCC[C@H](O)CC[C@@H]1[C@H]2Cc3cccc(OCC(=O)O)c3C[C@H]2C[C@H]1O,1.0
CC/C=C/CC(O)/C=C/C1OC(O)CC(O)C1C/C=C/CCCC(=O)O,0.0
CCO,1.0
CCC(=O)NS(=O)(=O)c1ccc(-c2c(-c3ccccc3)noc2C)cc1,0.0
NC(Cc1ccc(O)c(Cl)c1)C(=O)O,0.0
CCc1oc2ccccc2c1C(=O)c1cc(Br)c(O)c(Br)c1,0.0
O=C(O)CSc1nnc(Br)n1-c1ccc(C2CC2)c2ccccc12,1.0
CC(C(=O)O)C(=O)OC(CC(=O)[O-])C[N+](C)(C)C,0.0
CCCCC1=NC2(CCCC2)C(=O)N1Cc1ccc(-c2ccccc2-c2nn[nH]n2)cc1,1.0
Cc1ccc(S(=O)(=O)N(C)c2ccnn2-c2ccccc2)cc1,1.0
COC(OC)[C@@]1(C)Oc2ccc(N)cc2[C@H](N(Cc2nnn(C)n2)c2ccc(Cl)cc2)[C@H]1O,1.0
C/C(=C/C=C/C(C)=C/C=C\C=C(C)\C=C/C=C(/C)C1C=C2C(C)(C)CCC[C@@]2(C)O1)C1C=C2C(C)(C)CCC[C@]2(C)O1,0.0
CC1=C(/C=C/C(C)=C/C=C/C(C)=C/C=C/C=C(C)/C=C/C=C(C)/C=C/C=C(\C)CCC2OC2(C)C)C(C)(C)CCC1,0.0
Cn1cc([S@H](C)=O)c(=O)c2ccc(F)cc21,0.0
C/C(=C\CCC(C)C1CC[C@@]2(C)C3=C(CC[C@@]12C)[C@@]1(C)CCC(O)C(C)(C)C1CC3O)C(=O)O,0.0
CCCOC(=O)Cn1cc(I)c(=O)c(I)c1,0.0
COc1cc(CC(=O)C(=O)O)ccc1O,0.0
CC(=O)[C@H]1CC[C@H]2[C@@H]3CC[C@H]4C[C@](C)(O)CC[C@]4(C)[C@H]3CC[C@]12C,0.0
O=C1/C(=C/c2ccc(O)c(O)c2)Oc2c1ccc(O)c2O,0.0
CC(C)CCC(O)C(C)C1C(OC2OC(CO)C(O)C(O)C2O)CC2C3CC=C4CC(O)CC(OC5OC(C)C(O)C(O)C5O)[C@@]4(C)C3CC[C@@]21C,0.0
O=C(OCC1OC(c2c(O)cc(O)c(C(=O)c3ccc(O)cc3)c2O)C(OC(=O)c2cc(O)c(O)c(O)c2)C(O)C1O)c1cc(O)c(O)c(O)c1,0.0
Cc1ccc(S(=O)(=O)NC(=O)NN2CC3CCCC3C2)cc1,1.0
O=C(O)CCC/C=C\C[C@@H]1[C@@H](NS(=O)(=O)c2ccccc2)C2CC[C@@H]1C2,1.0
CN1CCN(C(=O)OC2c3nccnc3C(=O)N2c2ccc(Cl)cn2)CC1,1.0
Cn1cncc1[C@H](OCc1nc(Cl)c(C#N)cc1-c1cccc(Cl)c1)c1ccc(C#N)cc1,0.0
COC1=CC(C)C2CC3OC(=O)CC4C(C)=C(OC)C(=O)C([C@@]34C)[C@]2(C)C1=O,0.0
CCCCCCCCCCC/C=C\CCCCC(=O)O,0.0
O=C(CCCN1CCC(O)(c2cccc(C(F)(F)F)c2)CC1)c1ccc(F)cc1,0.0
CC(C)Cc1ccc(C(C)C(=O)O)cc1,1.0
NS(=O)(=O)c1cc(C(=O)O)c(NCc2ccco2)cc1Cl,1.0
CCC[C@@H](C)C1(CC)C(=O)NC(=O)NC1=O,0.0
CCCN(CCC)C(=O)Cc1c(-c2ccc(Cl)cc2)nc2ccc(Cl)cn12,0.0
COc1ccccc1-c1c[nH]c2ncc(-c3cncc(C(=O)N(C)C)c3)cc12,0.0
CCc1ccc(CCOc2ccc(C[C@@H]3SC(=O)NC3=O)cc2)nc1,0.0
CCOC(=O)CN[C@@H](C(=O)N1CC[C@H]1C(O)=NCc1ccc(C(N)=NO)cc1)C1CCCCC1,1.0
CC1=C(/C=C/C(C)=C/C=C\C(C)=C\CO)C(C)(C)CCC1,0.0
O=C1NC(=O)C(N2C(=O)c3ccccc3C2=O)CC1O,0.0
CCCCCCCCCCCCCCCCCCCCCC(=O)OC1CC[C@]2(C)C(=CCC3C2CC[C@@]2(C)C(C(C)CCC(CC)C(C)C)CCC32)C1,0.0
CCOP(=S)(OCC)SCCSCC,1.0
C=C(CCC=C(C)C)C1CCC=C(CCC=C(C)C)C1,0.0
CC(C)(COP(=O)(O)OP(=O)(O)OCC1OC(n2cnc3c(N)ncnc32)C(O)C1OP(=O)(O)O)C(O)C(=O)NCCC(=O)NCCS,0.0
CC[C@@H](c1cccc(O)c1)[C@@H](C)CN(C)C,1.0
CC(=O)OC(C)(C)/C=C/C(=O)[C@](C)(O)C1C(O)C[C@]2(C)C3CC=C4C(CCC(O)C4(C)C)[C@@]3(CO)C(=O)C[C@]12C,0.0
O=C(NCCN1CCOCC1)c1ccc(Cl)cc1,1.0
C=C[C@H]1CN2CC[C@H]1C[C@@H]2[C@@H](O)c1ccnc2ccc(OC)cc12,1.0
CCCCN=C(O)NS(=O)(=O)c1ccc(C)cc1,1.0
CC(CO)CCCC(C)C1CCC2C3C(O)CC4CC(O)CC[C@]4(C)C3CC(O)[C@]12C,0.0
CCC(=O)N(c1ccccc1)C1CCN(CC(O)c2ccccc2)CC1C,0.0
Cc1c(F)c(N2CCN[C@H](C)C2)cc2c1c(=O)c(C(=O)O)cn2C1CC1,0.0
Nc1ccn(C2OC(CO)C(O)C2OP(=O)(O)O)c(=O)n1,0.0
O=[N+]([O-])c1nccn1CC(O)=NCCO,0.0
C[C@@H](Cc1ccccc1)N(C)Cc1ccccc1,0.0
CN1CCN2c3ccccc3Cc3cccnc3[C@@H]2C1,1.0
C=CCCCCCCCCC/C=C\c1ccco1,0.0
CN(C)CCCN1c2ccccc2Sc2cccnc21,0.0
CC(C)=CCC/C(C)=C\COC1OC(COC2OC(C)C(O)C(O)C2O)C(O)C(O)C1O,0.0
CO[C@H]([C@H](O)CO)[C@@H]1OC(C(=O)O)=C[C@H](NC(=N)N)[C@H]1N=C(C)O,0.0
C/C(=C/CCC(C=O)C1CC[C@@]2(C)C3=C(CC[C@@]12C)[C@@]1(C)CCC(O)C(C)(C)C1CC3)C(=O)O,0.0
NCc1ccc(-c2cccs2)cc1,0.0
CC(C)=CCC/C(C)=C/CC/C(C)=C\C=C\C(C)=C\C=C\C=C(C)\C=C\C=C(\C)CC/C=C(\C)CCC=C(C)C,0.0
C=C(C)C1CCC(=C)C(CCC2C(C)=CCC(C(=C)C)[C@]2(C)CCC(=O)O)[C@@]1(C)CCC(=O)O,0.0
O=S(=O)(NCCNC/C=C/c1ccc(Br)cc1)c1cccc2cnccc12,0.0
C#CC#CC#CCCO,0.0
CCOc1ccc2nc3ccc(=O)cc-3oc2c1,1.0
C=C(C)[C@@H]1CCC(C)=C[C@H]1c1c(O)cc(CCCCC)cc1O,1.0
CCCCCCCCCCCCC/C=C/C(O)C(COC1OC(CO)C(O)C(OS(=O)(=O)O)C1O)NC(=O)CCCCCCCCCCCCC,0.0
CN1CCN(CCCN2c3ccccc3Sc3ccc(C(F)(F)F)cc32)CC1,0.0
O=c1cc(-c2ccc(O)c(O)c2)oc2cc(O)c(C3OC(CO)C(O)C(O)C3OC3OC(CO)C(O)C(O)C3O)c(O)c12,0.0
CCO/C(S)=N/Cc1ccc(OC2OC(C)C(OC(C)=O)C(OC(C)=O)C2OC(C)=O)cc1,0.0
CC(=O)OCCC(C)CCC=C(C)C,0.0
COc1cc2c(CCN3CCN(c4cccc(Cl)c4C)CC3)nn(Cc3c[nH]cn3)c2cc1OC,1.0
O=C(O)C(=O)C(O)=C(O)O,0.0
CCOC(=O)C1=C(COCCN)NC(C)=C(C(=O)OC)[C@@H]1c1ccccc1Cl,0.0
O=c1cc(CO)occ1O,0.0
CCC1=C(C)C(CC2=N/C(=C\c3[nH]c(CC4NC(=O)C(C)=C4CC)c(C)c3CCC(=O)O)C(CCC(=O)O)=C2C)NC1=O,0.0
CCCCC(C)C(=O)O,0.0
Cc1cnc(NC(O)=C2C(=O)c3ccccc3S(=O)(=O)N2C)s1,1.0
Cc1ccc(N2CCNCC2)c(S(=O)(=O)O)c1,0.0
Nc1ccc(N)c2c1C(=O)c1c(O)ccc(O)c1C2=O,0.0
CCc1ccccc1,0.0
CC(C)CC(c1c(O)c(C=O)c(O)c(C=O)c1O)C1CCC(C)C2=CC(C(C)(C)O)CC[C@@]21C,0.0
CC(C)OC(=O)C(C)(C)Oc1ccc(C(=O)c2ccc(Cl)cc2)cc1,0.0
O=C1C(CCSc2ccccc2)C(=O)N(c2ccccc2)N1c1ccccc1,1.0
CN(C)CCCCCN1c2ccccc2Sc2ccc(C(F)(F)F)cc21,1.0
C#CCCCn1c(Cc2cc(OC)ccc2OC)nc2c(N)nc(F)nc21,0.0
C/C=C(/C)C(=O)OC1C(O)C(C)(C)CC2C3=CCC4[C@]5(C)CCC(O)[C@@](C)(CO)C5CC[C@]4(C)[C@]3(C)CC(O)[C@]21CO,0.0
CCOC(=O)C1=C(C)NC(C)=C(C(=O)OCC)C1c1ccccc1/C=C\C(=O)OC(C)(C)C,0.0
CC[C@]1(C)C[C@@H](OC(=O)CSc2n[nH]c(N)n2)[C@]2(C)[C@@H](C)CC[C@]3(CCC(=O)[C@H]32)[C@@H](C)[C@@H]1O,0.0
CN1CC[C@@]23c4c5ccc(O)c4O[C@@H]2C(=O)CC[C@@H]3[C@@H]1C5,1.0
CCCCCCCCC(O)(P(=O)(O)O)P(=O)(O)O,0.0
O=C1Nc2ccccc2/C1=C1\Nc2ccccc2C1=O,0.0
C[C@H](C#Cc1ccc(Cc2ccc(F)cc2)s1)NC(N)=O,1.0
C#C[C@]1(O)CC[C@@H]2[C@@H]3CCC4=CCCC[C@H]4[C@H]3C(=C)C[C@]21CC,1.0
CCCCC/C=C\CC(O)/C=C/C=C/C=C\C(O)CCCC(=O)O,0.0
CC(=O)C[C@H](c1ccccc1)c1c(O)c2ccccc2oc1=O,1.0
CC(C)CC(O)CC(C)CCC(=O)c1ccoc1,0.0
CCC[C@@]1(CCc2ccccc2)CC(=O)C([C@H](CC)c2cccc(NS(=O)(=O)c3ccc(C(F)(F)F)cn3)c2)=C(O)O1,0.0
CCCCCCCCCC/C=C/CCCC(=O)O,0.0
CN1CCN(CC/C=C2\c3ccccc3Sc3ccc(S(=O)(=O)N(C)C)cc32)CC1,0.0
COc1ccc(-c2oc3cc(O)cc(O)c3c(=O)c2O)cc1O,1.0
C=CCOc1ccccc1OC[C@@H](O)CNC(C)C,0.0
OCC1OC(OC2C(CO)OC(OC3C(CO)OC(O)C(O)C3O)C(O)C2O)C(O)C(O)C1O,0.0
CSCC[C@H](N)C1=N/C(=C\c2ccc(O)cc2)C(=O)N1CC(=O)O,0.0
CN(C)CCCN1c2ccccc2CCc2ccccc21,1.0
O=C(N[C@H]1CCS[C@H]2CCC[C@@H](C(=O)O)N2C1=O)[C@@H](S)Cc1ccccc1,0.0
CC(C)(CO)C(O)C(=O)NCCC(=O)NCCSSCCNC(=O)CCNC(=O)C(O)C(C)(C)CO,0.0
CCCC(CCC)C(=O)O,1.0
Cc1cc(N(C)C)ccc1C[C@H](C)N,0.0
C/N=C(\NC)NCCCC(N)C(=O)O,0.0
CN1CCN2c3ncccc3Cc3ccccc3[C@@H]2C1,1.0
CC1CC[C@]2(C(=O)OC3OC(COC4OC(CO)C(OC5OC(C)C(O)C(O)C5O)C(O)C4O)C(O)C(O)C3O)CC[C@]3(C)C(=CCC4[C@@]5(C)CC(O)C(O)[C@@](C)(CO)C5C(O)C[C@]43C)C2C1C,0.0
CCC(/C=C/C(C)C1CCC2C3=CCC4CC(OC5OC(CO)C(O)C(O)C5OC5OC(CO)C(O)C(O)C5OC5OC(CO)C(O)C(O)C5O)CC[C@@]4(C)C3CC[C@@]21C)C(C)C,0.0
CC(C)CC(=O)OC(CC(=O)[O-])C[N+](C)(C)C,0.0
CC(C)C1=CC2=CC3OC(=O)[C@]4(CCCC(C)(C)C34)C2=C(O)C1=O,0.0
CC(C)C(C)/C=C/C(C)C1CCC2C3=CC(O)[C@@]4(O)CC(OC5OC(CO)C(O)C(O)C5O)CC[C@]4(C)C3CC[C@]21C,0.0
CC(=O)NC[C@H]1CN(c2ccc(N3CCOCC3)c(F)c2)C(=O)O1,0.0
CCNc1ncn(Cc2ccc(OC)c(OC3CCCC3)c2)c2nc(C(C)C)nc1-2,1.0
O=C1C=C(c2cccc(O)c2)S(=O)(=O)N1,0.0
C=C[C@@](C)(CC/C=C(\C)CC/C=C(\C)C(O)C/C=C(/C)COC1OC(CO)C(O)C(O)C1O)OC1OC(CO)C(O)C(O)C1O,0.0
CC(C)Nc1nc2ccc(-c3ocnc3-c3ccccc3F)cc2s1,0.0
O=P(O)(O)OP(=O)(O)OP(=O)(O)OCC1OC(n2cnc3c(O)ncnc32)C(O)C1O,0.0
CN1C(C(=O)Nc2ccccn2)=C(O)c2sc(Cl)cc2S1(=O)=O,1.0
CC1=C(/C=C/C(C)=C\C=C\C(C)=C\C(=O)O)C(C)(C)CCC1,1.0
CC(C)[C@@H](C)/C=C/[C@@H](C)[C@H]1CC[C@H]2C3=CC=C4C[C@@H](O)CC[C@]4(C)[C@H]3CC[C@@]21C,0.0
CCOc1ccc2c3c1O[C@H]1[C@@H](O)C=C[C@H]4[C@@H](C2)N(C)CC[C@]314,0.0
CNC(=N)N,0.0
Cc1cccc(O)c1C,0.0
C=CC(O)C#CC#C/C=C/C=C/C(O)CCCCC,0.0
CN1C(=O)CC(=O)N(c2ccccc2)c2cc(Cl)ccc21,1.0
CC(C(=O)O)c1ccc(-c2ccccc2)c(F)c1,1.0
CCCCCCCCCCCC/C=C/C(O)C(COP(=O)(O)OCC[N+](C)(C)C)NC(=O)CCCCCCCCCCCCCCCCCCCCCCC,0.0
NOCCC(N)C(=O)O,0.0
CCCCCCCCCCCCC(O)C1CCC(C(O)CCCCCC(=O)CCCCC2CC(CC(C)=O)C(=O)O2)O1,0.0
COc1cc2ccc(=O)oc2c(OC)c1OC1OC(CO)C(O)C(O)C1O,0.0
CC(C)C[C@@H](NC(=O)[C@@H](Cc1ccccc1)NC(=O)c1cnccn1)B(O)O,1.0
CC1OC(OC2CC[C@]3(C)C(CCC4C3CC[C@@]3(C)C(C5=CC(=O)OC5)CC[C@]43O)C2)CC(O)C1OC1OC(COC2OC(CO)C(O)C(O)C2O)C(O)C(O)C1O,0.0
CC/C=C/CC1C(CC(=O)O)CCC1OC1OC(CO)C(O)C(O)C1O,0.0
CN(C)c1ccc([C@H]2C[C@@]3(C)[C@@H](CC[C@]3(O)CCCO)[C@@H]3CCC4=CC(=O)CCC4=C32)cc1,0.0
C[C@]12CCC(O)CC1=CCC1C2C(O)C[C@]2(C)C1CC[C@]2(O)C(=O)CO,0.0
CN(C)S(=O)(=O)CCNC(=O)N(CCCl)N=O,1.0
CC(C)(COP(=O)(O)OP(=O)(O)OCC1OC(n2cnc3c(N)ncnc32)C(O)C1OP(=O)(O)O)C(O)C(=O)NCCC(=O)NCCSC(=O)CCN,0.0
Cc1ccsc1-c1ccc([C@@H](C)C(=O)O)cc1,1.0
CCCSSSC,0.0
Cc1ccc2c(c1)[C@]13CCCC[C@@H]1[C@H](C2)N(C)CC3,1.0
CC(O)(CC(=O)O)CC(=O)O,0.0
CC(C)c1cc(C(C)C)c(CC(=O)NS(=O)(=O)Oc2c(C(C)C)cccc2C(C)C)c(C(C)C)c1,0.0
CCCCCC(=O)OCC(C)C,0.0
CCC(=O)N(c1ccccc1)C1(COC)CCN(CCn2nnn(CC)c2=O)CC1,0.0
CC(C)CN(C[C@@H](O)[C@H](Cc1ccccc1)NC(=O)O[C@H]1CCOC1)S(=O)(=O)c1ccc(N)cc1,1.0
O=C(/C=C/c1ccccc1)c1cc(O)ccc1O,0.0
O=C(CO)C(O)C(O)C(O)COP(=O)(O)O,0.0
CCCCCC(O)C=CC1C(O)CC2OC(=CCCCC(=O)O)CC21,1.0
CCOC(=O)CC(C)=O,0.0
CCCCCC(O)/C=C/C1C=CC(=O)C1CCCCCCC(=O)O,0.0
CN(C)CCc1c[nH]c2cccc(O)c12,0.0
CC(C(O)C(O)C(=O)C(C)(C)O)C1CC[C@@]2(C)C3CC=C4C(CCC(OC5OC(COC6OC(CO)C(O)C(O)C6O)C(O)C(O)C5O)C4(C)C)[C@@]3(C)CC[C@]12C,0.0
Cc1ccc(NC(=O)c2ccc(CN3CCN(C)CC3)cc2)cc1Nc1nccc(-c2cccnc2)n1,1.0
C[C@@H]1CN(C2CCC(C#N)(c3ccc(F)cc3)CC2)CC[C@]1(C(=O)O)c1ccccc1,0.0
CO[C@H](C(=O)CO)[C@H](O)[C@H](O)CO,0.0
CCCCCCCCCCCCOC(=O)CC,0.0
CC(=O)N1CCN(c2ccc(OC[C@H]3CO[C@](Cn4ccnc4)(c4ccc(Cl)cc4Cl)O3)cc2)CC1,0.0
c1ccc(COCc2ccccc2)cc1,0.0
CS(=O)(=O)c1ccc(C(O)=Nc2ccc(Cl)c(-c3ccccn3)c2)c(Cl)c1,1.0
CC(C)C(N)C(=O)N1CCCC1C(=O)NCC(=O)N1CCCC1C(=O)NC(CCCN=C(N)N)C(=O)O,0.0
CCC(=O)O[C@H]1CC[C@H]2[C@@H]3CCC4=CC(=O)CC[C@]4(C)[C@H]3CC[C@]12C,1.0
O=c1cc(-c2ccccc2)oc2ccc3ccccc3c12,0.0
Nc1nc(=O)c2ncn(C3OC(COP(=O)(O)OP(=O)(O)OCC4OC(n5cnc6c(=O)nc(N)[nH]c65)C(O)C4O)C(O)C3O)c2[nH]1,0.0
CC(CN(C)C)CN1c2ccccc2CCc2ccccc21,1.0
Cn1cnc(CC(N)C(=O)O)c1,0.0
O=C(/C=C/c1ccc(O)c(O)c1)OC1C[C@]2(O)CC(OC2=O)C1OC(=O)/C=C/c1ccc(O)c(O)c1,0.0
CCCCC/C=C\C/C=C\C/C=C\C/C=C\CCCC(=O)NC(CO)CO,0.0
CC1NCCc2c1[nH]c1cc(O)ccc21,0.0
Cc1cc2nc[nH]c2cc1C,0.0
CCC1C2CCN3CC[C@]4(c5cccc(OC)c5N(C(C)=O)C4C2)C13,0.0
Clc1ccc(CS[C@@H](Cn2ccnc2)c2ccc(Cl)cc2Cl)cc1,0.0
C=C[C@@](C)(O)CC/C=C(/C)C(=O)OC1OC(CO)C(O)C(O)C1O,0.0
CC(O)C(O)C1CNc2[nH]c(N)nc(=O)c2N1,0.0
CC1=C(C)C2CC1CC2O,0.0
CCCN(CC)C(CC)C(O)=Nc1c(C)cccc1C,0.0
CCN(CC)C(=O)SC,1.0
CNC(=O)Oc1cccc2ccccc12,1.0
CCCCCCC(=O)CCCCCCCCCCCCCCCCCCCCCO,0.0
CN(C)CCOC1=Cc2ccccc2Sc2ccc(Cl)cc21,1.0
C[C@H](CCC(=O)NCCS(=O)(=O)O)[C@H]1CC[C@H]2[C@@H]3[C@@H](O)C[C@@H]4C[C@H](O)CC[C@]4(C)[C@H]3CC[C@@]21C,0.0
O=P(O)(O)C(O)(Cc1cccc(-c2cccc3c2oc2ccccc23)c1)P(=O)(O)O,0.0
Oc1c(I)cc(Cl)c2cccnc12,0.0
CCOc1ccc(Cc2cc([C@@H]3O[C@H](CO)[C@@H](O)[C@H](O)[C@H]3O)ccc2Cl)cc1,1.0
C=CC[C@]1(C(=O)O)C[C@H](O)[C@@H](N=C(C)O)[C@H]([C@H](O)[C@H](O)CO)O1,0.0
C#CCN(C)Cc1ccccc1,0.0
C=CCOC(=O)/C=C\C,0.0
COc1cc(OC)nc(NS(=O)(=O)c2ccc(N)cc2)n1,0.0
C[C@@]12CCC3c4ccc(O)cc4CCC3C1CC(O)C2OC1OC(C(=O)O)C(O)C(O)C1O,0.0
COc1cc(N)c(Cl)cc1C(O)=N[C@@H]1CCN(CCCOc2ccc(F)cc2)C[C@@H]1OC,1.0
O=[P@@]1(N(CCCl)CCCl)OCCCN1CCCl,0.0
CC[C@H]1OC(=O)[C@H](C)[C@@H](O[C@H]2C[C@@](C)(OC)[C@@H](O)[C@H](C)O2)[C@H](C)[C@@H](O[C@@H]2O[C@H](C)C[C@H](N(C)C)[C@H]2O)[C@](C)(O)C[C@@H](C)CN(C)[C@H](C)[C@@H](O)[C@]1(C)O,0.0
CC1(C)CC[C@@]2(C(=O)OC3OC(CO)C(O)C(O)C3O)CC[C@@]3(C)C(=CCC4[C@@]5(C)CCC(OC6OC(C(=O)O)C7O[C@@](O)(C(=O)O)C(OCC(=O)O)OC7C6O)[C@](C)(CO)C5CC[C@]43C)C2C1,0.0
COc1ccc(-c2cc(=O)c3c(O)c(OC)c(O)cc3o2)cc1OC,1.0
CN(C)CCc1c[nH]c2ccc(C[C@H]3COC(=O)N3)cc12,0.0
C[C@@H](c1ncncc1F)[C@](O)(Cn1cncn1)c1ccc(F)cc1F,1.0
C=CCSSCC=C,1.0
COc1cc(Br)c2oc(C3CCNCC3)cc2c1,0.0
CNC(=O)[C@@H]1Cc2ccc(NS(=O)(=O)O)cc2CN1C(=O)OCc1ccccc1,0.0
COc1ccc2nc([S@H](=O)Cc3ncc(C)c(OC)c3C)[nH]c2c1,1.0
CC(=O)CC(=O)SCCNC(=O)CCNC(=O)C(O)C(C)(C)COP(=O)(O)OP(=O)(O)OCC1OC(n2cnc3c(N)ncnc32)C(O)C1OP(=O)(O)O,0.0
Nc1cccc2c1CN(C1CCC(=O)NC1=O)C2=O,0.0
c1cnc2c(c1)C[C@@]1(CN3CCC1CC3)O2,0.0
O=C(OCc1ccccc1)c1ccccc1-c1c2ccc(=O)cc-2oc2cc(OCc3ccccc3)ccc12,1.0
CC1C(O)CC[C@@]2(C)CCC(C(C)(C)O)CC12,0.0
CCCCC(=O)N(Cc1ccc(-c2ccccc2-c2nnn[nH]2)cc1)[C@H](C(=O)O)C(C)C,1.0
CCC(N)Cc1c[nH]c2ccccc12,0.0
C=C1CCC2C(C)(C)CCC[C@]2(C)C1CC/C(C)=C\C(=O)O,0.0
N=C(N)N,0.0
CC/C=C\C/C=C\C/C=C\CCCCCCCC(=O)NCCO,0.0
CCC1(CCC(C)C)C(=O)NC(=O)NC1=O,1.0
COc1ccc([N+](=O)[O-])cc1,1.0
CO[C@]1(CCC(C)COC2OC(CO)C(O)C(O)C2O)OC2CC3C4CC(OC5OC(C)C(O)C(OC6OCC(O)C(O)C6O)C5O)C5CC(=O)CC[C@]5(C)C4CC[C@]3(C)C2C1C,0.0
C[C@@]12CCCC1C1CCC3CC(O)CC[C@]3(C)C1CC2,0.0
Cc1ccc(-n2cc(CNCC3CCCCC3)c3ccccc32)cc1,0.0
CC(=O)CC(c1ccccc1)c1c(O)oc2cc(O)ccc2c1=O,0.0
Cc1ncc2n1-c1ccc(Cl)cc1C(c1ccccc1F)=NC2,1.0
CC(C)C[C@H](N=C(O)CN=C(O)c1cc(Cl)ccc1Cl)B(O)O,1.0
N#CCc1ccc(O)cc1,0.0
C=C1C[C@@H]2[C@H](CC[C@]3(C)C(=O)CC[C@@H]23)[C@@]2(C)C=CC(=O)C=C12,0.0
COc1cc(/C=C/C(=O)Nc2ccccc2C(=O)O)ccc1O,0.0
CCC(C)C(N)C(=O)NC(CCCNC(=N)N)C(=O)O,0.0
CN,0.0
CC1=CC2C(=C(C)CCC2C(C)C)CC1,0.0
CC(C)(C)NC[C@H](O)COc1ccccc1C#N,0.0
CCC(=O)SC,0.0
CCC/C=C/C=C/C(=O)SCCNC(=O)CCNC(=O)C(O)C(C)(C)COP(=O)(O)OP(=O)(O)OCC1OC(n2cnc3c(N)ncnc32)C(O)C1OP(=O)(O)O,0.0
CCCNC[C@H](O)COc1ccccc1C(=O)CCc1ccccc1,0.0
CC1CCC(C(C)C)C(OC(=O)OCCO)C1,0.0
c1ccc2c(c1)ccc1ccccc12,1.0
C[C@H](CN)C(=O)O,0.0
C[C@]1(Cn2ccnn2)[C@H](C(=O)O)N2C(=O)C[C@H]2S1(=O)=O,0.0
NC(=O)NC1NC(=O)NC1=O,0.0
CCCC(C)(C)CC,0.0
CCN(CC)C(=S)SSC(=S)N(CC)CC,0.0
COc1cc(C)cc(OC)c1Cl,0.0
N[C@H](COc1cncc2nc(-c3ccncc3)ccc12)Cc1c[nH]c2ccccc12,0.0
CC(=O)[C@H]1CC[C@H]2[C@@H]3CCC4=CC(=O)CC[C@@]4(C)[C@H]3CC[C@@]12C,1.0
COCC1OC(OC2C(COC)OC(OC)C(OC)C2OC)C(OC)C(OC)C1OC,0.0
CCCCCC/C=C\CCCCCCCCCCCC(=O)O,0.0
CCN(CC)C(=O)N[C@H]1C[C@@H]2c3cccc4[nH]cc(c34)C[C@H]2N(C)C1,0.0
c1cc(OCCN2CCCCC2)cc(-c2n[nH]c3ccc(-c4nc[nH]n4)cc23)c1,0.0
O=[S@](Cc1cc(OCC2CC2)ccn1)c1nc2ccc(F)cc2[nH]1,1.0
CN[C@@]1(c2ccccc2Cl)CCCCC1=O,1.0
NC(Cc1cn(C2OC(CO)C(O)C2O)cn1)C(=O)O,0.0
C#CCCCCCCCCCCCc1ccco1,0.0
CC(C)(C)[C@H]1CC[C@H](C2=C(O)C(=O)c3ccccc3C2=O)CC1,1.0
CN1CCc2cccc3c2[C@@H]1Cc1ccc(O)c(O)c1-3,0.0
CN1CCC[C@H]1CCn1cc(C2=C(c3c[nH]c4ccccc34)C(=O)NC2=O)c2ccccc21,0.0
COc1cc(CCN)c(OC)cc1Br,0.0
COc1ccccc1Oc1c(NS(=O)(=O)c2ccc(C(C)C)cn2)nc(-c2ccnc(-c3nn[nH]n3)c2)nc1OCCO,0.0
CCCC(=O)OC,0.0
C[C@H](C[C@@H](Cc1ccc(-c2ccccc2)cc1)NC(=O)CCC(=O)O)C(=O)O,0.0
CC(=O)C[C@H](c1ccc([N+](=O)[O-])cc1)c1c(O)c2ccccc2oc1=O,1.0
CC(C)[C@H](NS(=O)(=O)c1ccc2c(c1)sc1ccccc12)C(=O)O,0.0
O=[S@@](Cc1cc(OCC2CC2)ccn1)c1nc2cc(F)ccc2[nH]1,1.0
CC1CC[C@]2(C(=O)O)CC[C@]3(C)C(=CCC4[C@]3(C)CC(=O)C3C(C)(C)C(OC(=O)c5ccccc5)CC[C@@]34C)C2C1C,0.0
OCCN1CC(O)C(O)C(O)C1CO,0.0
CCCCNC(=N)NO,0.0
Cc1ccc(O)c([C@H](CCN(C(C)C)C(C)C)c2ccccc2)c1,1.0
CCC(C)C(NC(=O)C(N)Cc1ccc(O)cc1)C(=O)O,0.0
O=C1[C@@H](Cc2ccc(Cl)c(Cl)c2)SC(=S)N1NS(=O)(=O)c1cccs1,0.0
CC(O)=N[C@@H]1[C@@H](O)C=C(C(=O)O)O[C@H]1[C@H](O)[C@H](O)CN,0.0
CC/C=C\CCOC(=O)C(C)CC,0.0
COC(=O)C1=C(C)NC(C)=C(C(=O)O[C@H]2CCN(Cc3ccccc3)C2)[C@H]1c1cccc([N+](=O)[O-])c1,0.0
CCCCC/C=C/C=C1\C(=O)C=C[C@@H]1C/C=C/CCCC(=O)O,0.0
CCCCCC(=O)CCC1C(O)CC(=O)C1C/C=C\CCCC(=O)O,0.0
COC(=O)C1=C(C)NC(C)=C(C(=O)OCC(C)C)[C@H]1c1ccccc1[N+](=O)[O-],0.0
CC1(CCCc2cc(=O)oc3[nH]c(=O)[nH]c(=O)c23)CC1,0.0
O=C(O)C1OC(Oc2c[nH]c3ccccc23)C(O)C(O)C1O,0.0
CC1CC[C@]2(C(=O)O)CC[C@]3(C)C(=CCC4[C@@]5(C)CC(O)C(O)[C@@](C)(CO)C5C(O)C[C@]43C)C2C1C,0.0
Cc1ccccc1-n1c(C)nc2ccccc2c1=O,0.0
CCCC(=O)N(c1ccccc1)C1CCN(CCc2ccccc2)CC1,0.0
COc1ccc(C(c2ccc(OC)cc2)C(Cl)(Cl)Cl)cc1,1.0
COc1cc([C@@H]2c3cc4c(cc3[C@@H](O[C@@H]3O[C@@H]5CO[C@@H](c6cccs6)O[C@H]5[C@H](O)[C@H]3O)[C@H]3COC(=O)[C@H]23)OCO4)cc(OC)c1O,0.0
N[C@@H](CCC(=O)N[C@@H](CS)C(=O)O)C(=O)O,0.0
O=C(O)c1ccccc1Nc1cccc(C(F)(F)F)c1,0.0
CC1=C(C)C(=O)C([C@H](CCCCCC(=O)O)c2ccccc2)=C(C)C1=O,1.0
CN1C(C(O)=Nc2ccccn2)=C(O)c2sccc2S1(=O)=O,1.0
Clc1ccc(CO/N=C(\Cn2ccnc2)c2ccc(Cl)cc2Cl)c(Cl)c1,0.0
CNC(=O)c1cccnc1,0.0
COc1ccc(C(CN(C)C)C2(O)CCCCC2)cc1,1.0
C[C@H](N)Cc1ccccc1,0.0
COC(=O)[C@]12CCC(C)[C@@](C)(O)C1C1=CCC3[C@@]4(C)CCC(OC5OCC(O)C(O)C5O)C(C)(C)C4CC[C@@]3(C)[C@]1(C)CC2,0.0
O=C1C(O)C(O)OC(CO)C1O,0.0
CC1C(=O)OC2C1CC[C@]1(C)CCC(=O)C(C)C21,0.0
CC1NC(=O)CNC1=O,0.0
Cc1cccc(Nc2ccccc2C(=O)O)c1C,1.0
CC(=O)c1sc(Nc2ccccc2)nc1C,0.0
COc1ccccc1OC[C@@H](O)CN1CCN(CC(=O)Nc2c(C)cccc2C)CC1,0.0
NC(CNC(=O)C(=O)O)C(=O)O,0.0
O=C(O)C1OC(O)C(O)C(O)C1O,0.0
CO[C@H]1C=CO[C@@]2(C)Oc3c(C)c(O)c4c(O)c(cc(O)c4c3C2=O)NC(=O)C(C)=CC=C[C@H](C)[C@H](O)[C@@H](C)[C@@H](O)[C@@H](C)[C@H](OC(C)=O)[C@H]1C,0.0
CC(C)NC[C@H](O)COc1cccc2[nH]ccc12,0.0
O=[N+]([O-])O[C@H]1CO[C@H]2[C@@H]1OC[C@H]2O[N+](=O)[O-],0.0
CCCCCCCCCC(O)CCCCC(O)C1CCC(C(O)CCCCC(=O)CCCCCC(O)CC2=CC(C)OC2=O)O1,0.0
CCOC1OC(C(=O)O)C(O)C(O)C1O,0.0
COC1O[C@]23C=CC4[C@@]1(CC[C@@]1(C)C(C(C)C/C=C/C(C)(C)O)CC[C@]41C)C2CCC(OC1OC(CO)C(O)C(O)C1O)C3(C)C,0.0
Cc1c(OC2OC(CO)C(O)C(O)C2O)cc(C(C)C)cc1OC1OC(CO)C(O)C(O)C1O,0.0
CC(C)C1=CC(=O)[C@]2(C)C[C@@]3(O)O[C@@]4(C(=O)[C@@]13C)C(O)C(C)CC[C@]42O,0.0
CCCCCCCCCCCCCCCCC(=O)OC(CC(=O)[O-])C[N+](C)(C)C,0.0
O=C1C(=O)c2ccccc2C(O)=C1C1CCC(c2ccc(Cl)cc2)CC1,0.0
CCCCCC(O)/C=C/C1C(SCC(NC(=O)CCC(N)C(=O)O)C(=O)NCC(=O)O)CC(=O)C1CCCCCCC(=O)O,0.0
CCC(C)C(NC(=O)C(CCCNC(=N)N)NC(=O)C(N)CCCNC(=N)N)C(=O)O,0.0
Cc1c(C)c2c(c(C)c1O)CC[C@](C)(COc1ccc(C[C@@H]3SC(=O)NC3=O)cc1)O2,1.0
CSc1ccc2c(c1)N(CC[C@H]1CCCCN1C)c1ccccc1S2,1.0
CC(=O)OC[C@H]1O[C@@H](n2ccc(=O)[nH]c2=O)[C@H](OC(C)=O)[C@@H]1OC(C)=O,0.0
O=P1(N(CCCl)CCCl)NCCCO1,1.0
C[C@]12CCC3c4cc(O)c(O)cc4CCC3C1CCC2=O,0.0
CC(C)=C(C)CCC(C)C1CC[C@@]2(C)C3CCC4C(C)(C)C(O)CC[C@]45C[C@]35CC[C@]12C,0.0
C#C[C@]1(O)CC[C@H]2[C@@H]3CCC4=CC(=O)CC[C@@H]4[C@H]3CC[C@@]21CC,0.0
CCn1cc(C(=O)O)c(=O)c2cc(F)c(N3CCNCC3)nc21,0.0
N#[N+]c1ccc(CO)cc1,0.0
CCCCCCCCCCCCS(=O)(=O)O,0.0
CCCCCc1cc(O)c2c(c1)OC(C)(C)[C@@H]1CCC(C)=C[C@@H]21,1.0
C[C@]1(C(=O)O)OC[C@H]2O[C@@H](O[C@@H]3[C@@H](C(=O)O)OC(O)[C@H](O)[C@H]3O)[C@@H](O)[C@@H](O)[C@@H]2O1,0.0
CC1=CC(O)[C@@]2(C)C(O)C[C@@]3(C)C(CCC4[C@]5(C)CCC(O)C(C)(C)C5CC[C@@]43C)C2C1C,0.0
CN(C)CC(Oc1ccccc1)Oc1ccccc1,0.0
CN1C2CCC1CC(OC(=O)c1c[nH]c3ccccc13)C2,1.0
CCC1OC1C/C=C\C/C=C\C/C=C\C/C=C\C/C=C\CCC(=O)O,0.0
Cc1ccsc1-c1ccc([C@H](C)C(=O)O)cc1,1.0
CCCCC/N=C(\N)N/N=C\c1c[nH]c2ccc(CO)cc12,0.0
CCCCCCCC(=O)OCCC(C)C,0.0
OC(Cn1cncn1)(Cn1cncn1)c1ccc(F)cc1F,1.0
C/C(C=O)=C/CCC(C)C1CC[C@]2(C)C3=C(C(=O)C[C@]12C)[C@]1(C)CCC(O)C(C)(C)C1CC3,0.0
Cc1cccc(C)c1NC(=O)[C@H](C)N,0.0
COCC[C@@H]1C[C@@H]2CN3CCc4c([nH]c5ccccc45)[C@@](C(=O)OC)(C2)[C@@H]13,1.0
CC(CCC(=O)O)C1CCC2C3CCC4CC(OC5OC(C(=O)O)C(O)C(O)C5O)CC[C@@]4(C)C3CC(O)[C@@]12C,0.0
COc1ccc2cc(C(C)C(=O)O)ccc2c1,1.0
COc1ccc2c(c1)C(=O)N(CCc1ccc(S(=O)(=O)NC(O)=NC3CCCCC3)cc1)C(=O)C2(C)C,1.0
COC(=O)[C@H](c1ccccc1Cl)N1CCC2=C(CC(=O)S2)C1,1.0
CC(C)(C)c1onc(O)c1C[C@H](N)C(=O)O,0.0
O=C(O)[C@@H]1CCCN1,0.0
CC1=C(/C=C/C(C)=C/C=C/C(C)=C/C(=O)O)C(C)(C)CCC1=O,0.0
CCCCCCC1CCC(CCCCCCCC(=O)O)O1,0.0
CC(CCC1O[C@@]1(C)CO)C1CC[C@]2(C)C3=C(CC[C@]12C)[C@@]1(C)CCC(=O)C(C)(C)C1CC3O,0.0
CC1(C)C(=O)CC[C@]2(C)C1CC[C@@]13C=CC(CC21)[C@@](C)(O)C3,0.0
CCCCCCCCOC(=O)CCC,0.0
C=C1C=CCC(C)(C)[C@]12CCC(C)O2,0.0
CC(CO)CCNc1ncnc2nc[nH]c12,0.0
CC1=CC(=O)CC(C)(C)C1CCC(C)OC1OC(CO)C(O)C(O)C1O,0.0
CC1C2C(CC3C4CC=C5CC(O)CC[C@]5(C)C4CC[C@@]32C)O[C@@]12CC[C@@](O)(CO)CO2,0.0
C[C@H](CS)C(=O)N1CCC[C@H]1C(=O)O,0.0
Nc1cc(N2CCCCC2)nc(N)[n+]1[O-],0.0
Nc1cncn1[C@@H]1O[C@H](CO)[C@@H](O)[C@H]1O,0.0
COn1c2ccccc2c2cnsc21,0.0
C=C(C)C1CC[C@]2(C)CCC[C@](C)(O)C2C1,0.0
COc1ccc2c3c1O[C@H]1C[C@@H](O)C=C[C@@]31CCN(C)C2,0.0
CCCCC/C=C\C/C=C\CCCCCCCC(=O)OCC1COP(=O)(O)O1,0.0
NC(=O)C[S@H](=O)C(c1ccccc1)c1ccccc1,0.0
CCN(CC)CCC[C@@H](C)Nc1c2ccc(Cl)cc2nc2ccc(OC)cc12,0.0
CC(C)(O)C1CCC(COC2OC(CO)C(O)C(O)C2O)CC1,0.0
CC(C)=CCC/C(C)=C\CC/C(C)=C\CC/C(C)=C/C=C/C=C(\C)CC/C=C(\C)CC/C=C(/C)CCC=C(C)C,0.0
O=c1[nH]c(=O)c2ncn(C3OC(COP(=O)(O)OP(=O)(O)OP(=O)(O)OP(=O)(O)OCC4OC(n5cnc6c(=O)[nH]c(=O)[nH]c65)C(O)C4O)C(O)C3O)c2[nH]1,0.0
FC(F)(F)C(Cl)Br,1.0
C=C1OC(=O)/C(=C\CCCCCCCCCCCCC)C1O,0.0
COC(=O)C1=C(C)NC(C)=C(C(=O)OCCN(C)Cc2ccccc2)[C@H]1c1cccc([N+](=O)[O-])c1,0.0
Nc1ncnc2c1nc(Br)n2[C@@H]1O[C@H](COP(=O)(O)O)[C@@H](O)[C@H]1O,0.0
CC(=O)Nc1c(N)[nH]c(=O)n(C)c1=O,0.0
CCC/C=C/C(=O)CC,0.0
CC(C)(C)c1ccc(C(O)CCCN2CCC(C(O)(c3ccccc3)c3ccccc3)CC2)cc1,1.0
CCCOC(=O)c1cc(O)c(O)c(O)c1,0.0
COc1cccc2c1C(=O)c1c(O)c3c(c(O)c1C2=O)C[C@@](O)(C(=O)CO)C[C@@H]3O[C@H]1C[C@H](N)[C@H](O)[C@H](C)O1,0.0
CC1=CCC(C(C)C)C=C1,0.0
CNCCCN1c2ccccc2CCc2ccccc21,0.0
C=C(/C=C\C=O)CCCCCCCCCC,0.0
C[C@]1(O)C(O)=NC(=O)N(C2CC(O)C(CO)O2)C1O,0.0
CSc1ccc2c(c1)N(CC[C@@H]1CCCCN1C)c1ccccc1S2,0.0
CC(=O)OC1CC(C)=C2C(/C=C(\C)C(=O)O)CCC(C)C21,0.0
O=C(O)c1cc(C(=O)O)cc(C(=O)O)c1,0.0
CC1CCC2C1C1C(CC[C@]2(C)O)C1(C)C,0.0
C=C(CCC=C(C)C)C1CC=C(C)CC1,0.0
Nc1cc(Cl)ccc1C(=O)C[C@H](N)C(=O)O,0.0
Cc1onc(NS(=O)(=O)c2ccc(N)cc2)c1C,0.0
O=C(O)C1CC(O)CN1C(=O)C1CCCN1,0.0
CCN(CC)CC(O)=Nc1c(C)cccc1C,1.0
Cc1ccnc(NS(=O)(=O)c2ccc(N)cc2)n1,0.0
C[C@H](NCc1ccc(OCc2ccccc2F)cc1)C(N)=O,0.0
C=C(CC)C(=O)COC,0.0
COC[C@@H](c1ccc(C(F)(F)F)cc1)N1CCN(C2(C)CCN(C(=O)c3c(C)ncnc3C)CC2)C[C@@H]1C,1.0
COC1=CC(=O)OC(CCc2ccc(OC)c(OC)c2)C1,0.0
CCCCCCCCCCCCC(O)C1CCC(C(O)CCCC(O)C(O)CCCCCC2CC(CC(C)=O)C(=O)O2)O1,0.0
CN[C@@H]1C[C@H]2O[C@@](C)([C@@H]1OC)n1c3ccccc3c3c4c(c5c6ccccc6n2c5c31)C(O)=N[C@@H]4O,0.0
CCCCC/C=C\C(=O)OC,0.0
CN1CCN(C(=O)NC(Cc2ccccc2)C(=O)NC(C=CS(=O)(=O)c2ccccc2)CCc2ccccc2)CC1,1.0
O=c1ccc2cc(O[C@@H]3O[C@H](CO)[C@@H](O)[C@H](O)[C@H]3O)c(O)cc2o1,0.0
C=CCc1ccc(O)c(OC)c1,1.0
C[C@]12CC(OC3OC(C(=O)O)C(O)C(O)C3O)CCC1CCC1C2C(=O)C[C@@]2(C)C1CC[C@]2(O)C(O)CO,0.0
Oc1ccc(C2Oc3cc(O)cc4c3C2c2cc(O)cc3c2C(c2cc(O)cc5c2C4C(c2ccc(O)cc2)O5)C(c2ccc(O)cc2)O3)cc1,0.0
Oc1ccc(Cc2nnc3ccc(-c4ccccc4)nn23)cc1,0.0
CCCCCCCCCCCCC/C=C/C(O)C(COC1OC(CO)C(O)C(OS(=O)(=O)O)C1O)NC(=O)CCCCCCCCCCCCCCCCCCCCCCC,0.0
CCCN(CCC)N=O,1.0
CCCCC(C)CCC(=O)O,0.0
Cc1oncc1C(=O)Nc1ccc(C(F)(F)F)cc1,1.0
O=c1[nH]cc(F)c(=O)[nH]1,0.0
CCC(=O)C(=O)O,0.0
COc1ccc(Cc2nccc3cc(OC)c(OC)cc23)cc1OC,0.0
CCCCC/C=C\CC1OC1C/C=C\C/C=C\CCCC(=O)NCCO,0.0
COc1cc2nccc(Oc3ccc(NC(=O)C4(C(=O)Nc5ccc(F)cc5)CC4)cc3)c2cc1OC,1.0
CC(C)CCCC(C)C1CCC2C3C=CC4=CC(=O)CC[C@]4(C)C3CC[C@]12C,0.0
CC1(C)CC(O)[C@@]2(CO)C(O)C[C@@]3(C)C(=CCC4[C@]5(C)CCC(O)C(C)(C)C5CC[C@@]43C)C2C1,0.0
COC(=O)/C(C)=C\C=C\C(C)=C\C=C\C=C(C)/C=C/C=C(\C)C(=O)OC1OC(CO)C(O)C(O)C1O,0.0
COCCc1ccc(-c2c(C)nc3c(N4CCOCC4)ccnn23)cn1,0.0
CC(C)=CCc1c2c(c3oc4c(c(=O)c3c1O)CC(=C(C)C)Oc1cc(O)c(O)cc1-4)C=CC(C)(C)O2,0.0
CC1C=C2C(=O)OCC2C(O)C2CC(C)(C)CC12,0.0
CCCCCc1cc(O)c2c(c1)OC(C)(C)[C@H]1CCC(C)=C[C@H]21,1.0
O=C(O)CSCC(=O)NC1CCSC1=O,0.0
CC(CN(C)C)CN1c2ccccc2Sc2ccc(C#N)cc21,1.0
CC(=O)NC1C(N=C(N)N)C=C(C(=O)O)OC1C(O)C(O)CO,0.0
O=C1[C@H]2[C@@H]3CC[C@@H](C3)[C@H]2C(=O)N1C[C@@H]1CCCC[C@H]1CN1CCN(c2nsc3ccccc23)CC1,0.0
CC(CCC(=O)O)C1CCC2C3C(O)CC4CCCC[C@]4(C)C3CC(O)[C@]12C,0.0
COc1ccccc1/C=N\OCCC(=O)O,0.0
CCn1cc(C(=O)O)c(=O)c2cc(F)c(N3CCN[C@H](C)C3)c(F)c21,0.0
CC(O)=Nc1ccc(O)cc1,1.0
CCSC(C)CCO,0.0
CCCCCCCCCC(=O)OCCc1scnc1C,0.0
O=P(O)(O)OC[C@@H](O)[C@@H](O)c1c[nH]c2ccccc12,0.0
O=C(O)c1c(O)c(-c2ccccc2)nc2ccccc12,0.0
C[C@]12CCC3C4=C(CCC3C1CCC2=O)C(=O)C(=O)C=C4,0.0
O=C(O)[C@H]1CC(=O)N(c2ccccc2O)C1,0.0
CNCC[C@H](Oc1ccccc1C)c1ccccc1,1.0
CCOc1ccc2cc(C#N)c(=O)oc2c1,1.0
COc1ccc(CC(C)(C)NC[C@H](O)c2cc(O)cc3c2OCC(O)=N3)cc1,1.0
COc1ccc(N2C[C@H](O)c3cc(S(N)(=O)=O)sc3S2(=O)=O)cc1,0.0
COC(=O)C1=C(C#N)NC(C)=C(C(=O)OC(C)C)[C@H]1c1cccc([N+](=O)[O-])c1,0.0
O=C(O)C1Cc2[nH]cnc2CN1,0.0
Cc1ncc(C[n+]2csc(CCOP(=O)(O)OP(=O)(O)OP(=O)(O)O)c2C)c(N)n1,0.0
CC(C)=CCc1c(-c2ccc(O)cc2O)oc2c(C3C=C(C)CC(c4ccc(O)cc4O)C3C(=O)c3ccc(O)cc3O)c(O)cc(O)c2c1=O,0.0
CCN1c2ncc(CCOc3cc[n+]([O-])c4ccccc34)cc2C(=O)N(C)c2cccnc21,0.0
Cc1cccc(C)c1NC(=O)CC12CCCN1CCC2,0.0
N=C(N)N1CCc2ccccc2C1,0.0
CSc1nc(-c2ccnc(N[C@H](C)c3ccccc3)c2)c(-c2ccc(F)cc2)[nH]1,1.0
CC(C)Nc1cc(Cl)nc2c(C#N)cnn12,0.0
CN(C)CC[C@H](c1ccc(Cl)cc1)c1ccccn1,0.0
CCOC(=O)c1cncn1[C@H](C)c1ccccc1,0.0
CCC(=O)O[C@](Cc1ccccc1)(c1ccccc1)[C@H](C)CN(C)C,0.0
CC(C)CCCC(C)C1CCC2C3=CCC4CC(O)CC[C@@]4(C)C3CC[C@]21C,0.0
CC1=CCC(C(C)C)c2cc(C)ccc21,0.0
O=C1CN=C(c2ccccc2F)c2cc(Cl)ccc2N1CC(F)(F)F,1.0
CC(C)(C)NC[C@H](O)COc1cccc2c1CCC(=O)N2,0.0
CCCCC/C=C/C(=O)SCCNC(=O)CCNC(=O)C(O)C(C)(C)COP(=O)(O)OP(=O)(O)OCC1OC(n2cnc3c(N)ncnc32)C(O)C1OP(=O)(O)O,0.0
CC1(C)Cc2c(-c3ccccc3)c(-c3ccc(Cl)cc3)c(CC(=O)OC[C@@H]3O[C@@H](O)[C@@H](O)[C@H](O)[C@@H]3O)n2C1,1.0
CCCn1c(=O)c2nc(C3CCCC3)[nH]c2n(CCC)c1=O,0.0
O=C1c2ccccc2C(=O)C1c1ccc(F)cc1,1.0
CC/C=C\CC(O)/C=C/C=C\CCCCCCCC(=O)O,0.0
NCCc1ccc(O)c(O)c1,1.0
CN1[C@H]2CC[C@@H]1CC(OC(=O)c1c[nH]c3ccccc13)C2,1.0
CCNC(=O)c1n[nH]c(-c2cc(Cl)c(O)cc2O)c1N1CCNCC1,0.0
CCCC(=O)CC,0.0
C=CC(=C)CCC1C(=C)CCC2[C@](C)(C(=O)O)CCC[C@]12C,0.0
CC(C)SC(C)C,0.0
C=C(C)C1CCC(C)[C@]23CCC(C)[C@@]2(C1)O3,0.0
COc1ccc(C(C)C)cc1CN[C@H]1C2CCN(CC2)[C@H]1C(c1ccccc1)c1ccccc1,0.0
O=C(c1cccs1)c1ccc(OCCCO)c(Cl)c1Cl,1.0
O=C1CC(C(=O)O)NC(=O)N1,0.0
COC(=O)[C@H]1[C@H]2C[C@@H]3c4[nH]c5cc(OC)ccc5c4CCN3C[C@H]2C[C@@H](OC(=O)c2cc(OC)c(OC)c(OC)c2)[C@@H]1OC,0.0
COc1cc(Cc2cnc(N)nc2N)cc(OC)c1OC,1.0
C1CCN2C[C@@H]3C[C@@H](CN4CCCC[C@@H]34)[C@@H]2C1,0.0
CCCOCCOC(=O)C1=C(C)NC(C)=C(C(=O)OCCOCCC)C1c1cccc([N+](=O)[O-])c1,0.0
c1ccc2c(c1)cc1ccc3cccc4ccc2c1c34,1.0
CC(=O)OC1CC[C@@]2(C)C(CC[C@]3(C)C2C(=O)C=C2C4C(C)C(C)CC[C@]4(C)CC[C@]23C)[C@@]1(C)C(=O)O,0.0
CCCCCCCC/C=C\CCCCCCCC(=O)NC(CO[P@](=O)([O-])OCC[N+](C)(C)C)C(O)/C=C/CCCCCCCCCCCCC,0.0
Cc1ccccc1N1CCN(CCc2nnc3n2CCCC3)CC1,0.0
Cc1nccn1C[C@H]1CCc2c(c3ccccc3n2C)C1=O,1.0
COc1cc2c(cc1OC)C(=O)[C@H](CC1CCN(Cc3ccccc3)CC1)C2,0.0
CCn1cc(C(=O)O)c(=O)c2ccc(C)nc21,0.0
CCCCC/C=C\C/C=C\C=C\C(O)C/C=C\CCCC(=O)O,0.0
CC1=CC(c2c(O)ccc(C(=O)/C=C/c3ccc(O)cc3O)c2O)C(C(=O)c2ccc(O)c(/C=C/C(C)C)c2O)C(c2ccc(O)cc2O)C1,0.0
CNCCCC12CCC(c3ccccc31)c1ccccc12,0.0
CC(C)COC[C@@H](CN(Cc1ccccc1)c1ccccc1)N1CCCC1,0.0
CN[C@H]1CC[C@@H](c2ccc(Cl)c(Cl)c2)c2ccccc21,1.0
COc1ccc(C[C@@H](C)NC[C@H](O)c2ccc(O)c(N=CO)c2)cc1,1.0
Cc1nnc2n1-c1ccc(Cl)cc1C(c1ccccc1Cl)=NC2,0.0
O=C1C=C2CN(Cc3ccccc3Cl)CCC2S1,1.0
c1ccccc1,0.0
CC1CC[C@@]2(C(=O)OC3OC(CO)C(O)C(O)C3O)CC[C@@]3(C)C(=CCC4[C@]3(C)CCC3[C@@](C)(CO)C(OC5OC(C(=O)O)C(O)C(O)C5O)CC[C@@]34C)C2C1C,0.0
C[C@H]1O[C@@H](O[C@H]2[C@@H](O)C[C@H](O[C@H]3[C@@H](O)C[C@H](O[C@H]4CC[C@]5(C)[C@H]6CC[C@]7(C)[C@@H](C8=CC(=O)OC8)CC[C@]7(O)[C@@H]6CC[C@@H]5C4)O[C@@H]3C)O[C@@H]2C)C[C@H](O)[C@@H]1O,0.0
CC(=O)c1ccc2ccccc2c1,0.0
CCCCCCCCCCCCC/C=C/C(O)C(COC1OC(CO)C(O)C(OS(=O)(=O)O)C1O)NC(=O)CCCCCCCCCCCCCCCCCCCCC,0.0
CNC(=O)O/N=C(\C)SC,0.0
NCCc1cnc[nH]1,1.0
CC(C)(C)c1nc2c3ccc(F)cc3c3c(=O)[nH]ccc3c2[nH]1,0.0
CC/C(=C(\c1ccccc1)c1ccc(OCCN(C)C)cc1)c1ccccc1,1.0
NCCCCCN,0.0
CN1CCCN([C@H](c2ccccc2)c2ccc(Cl)cc2)CC1,0.0
Nc1ccn(C2CC(O)C(CO)O2)c(=O)n1,0.0
C=C1C[C@]23CC1C(O)CC2[C@]1(C)CCC(O)[C@@](C)(C(=O)O)C1C3C(=O)O,0.0
O=C(O)C1Cc2c([nH]c3ccccc23)C(C(O)C(O)C(O)C(O)CO)N1,0.0
CO/N=C(\C(=O)NC1C(=O)N2C(C(=O)O)=CCSC12)c1csc(N)n1,0.0
C[C@]12CCC3c4ccc(O)cc4CCC3C1CC(=O)C2O,0.0
CNc1cccc(NC(=O)N[C@@H]2N=C(c3ccccn3)c3ccccc3N(CC(=O)C(C)(C)C)C2=O)c1,0.0
CC1=C(C=O)C(C)(C)C=CC1,0.0
Cc1c(-c2cnccn2)ssc1=S,0.0
CCCCCCCN(CC)CCC[C@@H](O)c1ccc(NS(C)(=O)=O)cc1,0.0
CC1=CC(=O)C[C@@]2(C)CCC(=C(C)C)CC12,0.0
O=C1CC(c2ccc(O)cc2)Oc2cc(O)ccc21,0.0
CC/C=C/C=C/C(C)=O,0.0
CC(C)(Oc1ccc(Cl)cc1)C(=O)OCCOC(=O)c1cccnc1,0.0
O=C(Nc1ccc([C@@H](O)CO)cc1)c1cc2cc(Cl)ccc2[nH]1,0.0
CC(C)C(C)/C=C/C(C)C1CCC2C3=CC(O)C4=CC(=O)CC[C@@]4(C)C3CC[C@]21C,0.0
N=C(O)Nc1cc(-c2cccc(F)c2)sc1C(=O)N[C@H]1CCCNC1,0.0
CCc1nn(CCCN2CCN(c3cccc(Cl)c3)CC2)c(=O)n1CC,1.0
CCCCc1oc2ccccc2c1C(=O)c1cc(I)c(OCCN(CC)CC)c(I)c1,1.0
ClC1=C(Cl)[C@]2(Cl)[C@@H]3[C@@H]4C[C@H]([C@@H]3[C@@]1(Cl)C2(Cl)Cl)[C@H]1O[C@@H]41,0.0
C[C@@]12CCC3c4ccc(O)cc4CCC3C1CC(OC1OC(C(=O)O)C(O)C(O)C1O)C2O,0.0
CC(C)(C)[C@@H](O)/C=C\c1ccc2c(c1)OCO2,0.0
Cc1nnc(SCC2=C(C(=O)O)N3C(=O)C(NC(=O)Cn4cnnn4)C3SC2)s1,0.0
N[C@@H](Cc1ccccn1)c1ccccc1,0.0
O=c1n(CCCN2CCN(c3cccc(Cl)c3)CC2)nc2ccccn12,0.0
CCC(C)C(N)C(=O)NC(CCC(=O)O)C(=O)O,0.0
CC(c1cc2ccccc2s1)N(O)C(N)=O,1.0
COc1ccc2c3c1O[C@H]1[C@@H](O)C=C[C@H]4[C@@H](C2)NCC[C@]314,0.0
C[C@]12CC[C@H]3[C@@H](CC=C4C[C@@H](O)CC[C@@]43C)[C@@H]1CCC2=O,0.0
CC1=C(C(=O)c2ccccc2)[C@@H](c2cccc(O)c2)NC(=S)N1C,0.0
CN1CC(=O)N2[C@H](Cc3c([nH]c4ccccc34)[C@H]2c2ccc3c(c2)OCO3)C1=O,0.0
CC(=C/C=C/C(C)=C/C=C/C=C(C)/C=C/C=C(\C)C=O)/C=C/[C@]12O[C@@]1(C)CC(O)CC2(C)C,0.0
CC(C)C(N)C(=O)NC(CCC(N)=O)C(=O)O,0.0
CC(=O)C1CC(=O)[C@@]2(C)C3=C(C(=O)C[C@@]12C)[C@@]1(C)CCC(=O)C(C)(C)C1CC3O,0.0
Nc1ccn([C@H]2CC[C@@H](CO)O2)c(=O)n1,1.0
C=C1C(=O)OC2C[C@]3(C)CC(=O)CC(C)C3=CC12,0.0
c1cc2ccsc2s1,0.0
O=P(O)(O)OC1C(OP(=O)(O)O)C(OP(=O)(O)O)C(OP(=O)(O)OP(=O)(O)O)C(OP(=O)(O)OP(=O)(O)O)C1OP(=O)(O)O,0.0
O=C1NC(=O)C(c2ccccc2)(c2ccccc2)N1,1.0
COc1ccc2c(c1)c(CC(=O)NCCc1ccccc1)c(C)n2C(=O)c1ccc(Cl)cc1,1.0
CCN[C@H]1C[C@H](C)S(=O)(=O)c2sc(S(N)(=O)=O)cc21,1.0
CC(=O)OC1CC[C@]2(C)C(CC[C@]3(C)C2CC=C2C4[C@](C)(CCC(C)[C@@]4(C)O)CC[C@]23C)C1(C)C,0.0
CC/C=C\C/C=C\C/C=C\C/C=C\C/C=C\CCCC(=O)O,1.0
Oc1ccccc1,0.0
CN1C(=O)NC(=O)C(C)(C2=CCCCC2)C1=O,1.0
COC(=O)N1CCN(Cc2cccc(NC(=O)Nc3ccc(C)nc3)c2F)CC1,0.0
CCN[C@H](C)Cc1ccc2c(c1)OCO2,1.0
CC(=O)OC1C(C)=CC[C@@]2(C1OC(C)=O)C1C(C)COC(=O)C1O[C@]2(C)O,0.0
COc1cc(/C=C/C(=O)OCC2OC(Oc3c(-c4ccc(O)cc4)oc4cc(OC5OC(CO)C(O)C(O)C5O)cc(O)c4c3=O)C(OC3OC(CO)C(O)C(O)C3O)C(O)C2O)ccc1O,0.0
c1ccc2c(c1)Sc1ccccc1N2C[C@H]1CN2CCC1CC2,0.0
O=C(O)c1ccc(OCCn2ccnc2)cc1,0.0
O=C(O)C(c1ccccc1)C1CCCCN1,0.0
O=C(Nc1cc([C@@H]2CCCN2)[nH]n1)Nc1cccc2c1[C@@H]1CCCN1C2=O,0.0
C=C(C)C1CC=C(C)C(=O)C1,0.0
COc1c(O)c(C)c(C/C=C(\C)CC/C=C(\C)CC/C=C(\C)CC/C=C(\C)CC/C=C(\C)CCC=C(C)C)c(O)c1OC,0.0
CC1(C)C(O)CC[C@@]2(C)C1CC[C@@]1(C)C2C(=O)C=C2[C@@]1(C)CC[C@@]1(C)CC[C@]3(C)C[C@]21OC3=O,0.0
CC(C)=CCCC(C)=CCCC(C)=CCCC(C)=CCOP(=O)(O)OP(=O)(O)O,0.0
Nc1cc2[nH]cnc2c(OCC2CCCCC2)n1,0.0
Cc1nc(NS(=O)(=O)c2ccc(N)cc2)oc1C,0.0
CC(C)(C)C(=O)OCOC(=O)[C@@H]1N2C(=O)[C@@H](N=CN3CCCCCC3)[C@H]2SC1(C)C,0.0
Cc1nnc2n1-c1sc(Br)cc1C(c1ccccc1Cl)=NC2,0.0
CN(C)CCC=C1c2ccccc2C=Cc2ccccc21,0.0
C[C@H](CO)NC(=O)[C@@H]1C=C2c3cccc4[nH]cc(c34)C[C@H]2N(C)C1,0.0
CC1(C)C2CC[C@@]1(C)[C@@](C)(O)C2,0.0
CC1=CC(=O)C=C2CC[C@H]3[C@@H]4CCC(=O)[C@@]4(C)CC[C@@H]3[C@@]12C,0.0
CO[P@@](=S)(Oc1cc(Cl)c(Br)cc1Cl)c1ccccc1,0.0
C=C[C@](C)(O)CC[C@]1(C)C(C)CC[C@]2(C)C(C)=CCCC21,0.0
Clc1ccc2c(N3CCN(CCCN4CCN(c5ccnc6cc(Cl)ccc56)CC4)CC3)ccnc2c1,1.0
Cc1cn(C2CC(O)C(COP(=O)(O)OP(=O)(O)OC3OC(CO)C(O)C(O)C3O)O2)c(=O)[nH]c1=O,0.0
OC1O[C@H](F)[C@@H](O)[C@H](O)[C@H]1O,0.0
CCCCCCCCCCC/C=C/C=O,0.0
O=P(O)(O)O[C@H]1O[C@H](CO)[C@@H](O)[C@H](O)[C@H]1O,0.0
CN(C)CCC[C@@]1(c2ccc(F)cc2)OCc2cc(C#N)ccc21,0.0
N=C(N)NC[C@@H]1COc2ccccc2O1,0.0
CN(C)[C@@H]1C(O)=C(C(N)=O)C(=O)[C@@]2(O)C(O)=C3C(=O)c4c(O)cccc4[C@@](C)(O)[C@H]3C[C@@H]12,0.0
CCCc1ccc2ccccc2n1,1.0
O=C(O)C(O)Cc1ccc(O)c(O)c1,0.0
CCCCNCc1cc(=O)oc2cc(OC)ccc12,1.0
CC(=O)c1ccc(-c2cc(NS(=O)(=O)c3ccc(C)cc3C)c(C(=O)O)s2)s1,0.0
CCC(C)C(N)C(=O)NC(CO)C(=O)O,0.0
CCCCn1c(=O)n(Cc2ccccc2F)c(=O)c2[nH]c(Cc3ccc(NC(C)=O)cc3)nc21,0.0
CO/N=C\C1=CCCN(C)C1,0.0
Fc1ccc(C(OCCN2CCN(CCCc3ccccc3)CC2)c2ccc(F)cc2)cc1,0.0
C[C@H]1c2cccc(O)c2C(=O)C2=C(O)[C@]3(O)C(=O)C(C(N)=O)=C(O)[C@@H](N(C)C)[C@@H]3[C@@H](O)[C@@H]21,0.0
COC(=O)[C@H](c1ccccc1)[C@H]1CCCCN1,0.0
CN(C)C(=O)[C@@H](C1CCC(c2ccc3ncnn3c2)CC1)[C@H](N)C(=O)N1CCC(F)(F)C1,0.0
CCCCCCCCCC(=O)CC(=O)N[C@H]1CCNC1=O,0.0
C[C@H]1C[C@H]2[C@@H]3CCC4=CC(=O)C=C[C@]4(C)[C@H]3C(=O)C[C@]2(C)[C@@]1(O)C(=O)CO,0.0
C/C=C(\C)C(=O)OC1C2=C(C)C(=O)O[C@@]2(OC)CC2CCC(O)C(C)[C@@]21C,0.0
O=C(O)CC[C@@H]1[C@@H](NS(=O)(=O)c2ccccc2)[C@H]2CC[C@@H]1C2,1.0
CN(C)/N=N\c1[nH]cnc1C(N)=O,0.0
CSCC[C@H](N)C(=O)O,0.0
Nc1nccc(-c2ccc3noc(-c4ccc(Cl)cc4)c3c2)n1,0.0
Oc1ccc(OC(F)(F)F)cc1CN[C@@H]1CCCN[C@H]1c1ccccc1,1.0
C=C1/C(=C\C=C2/CCC[C@]3(C)[C@@H](C#CC#CC(C)(C)O)CC[C@@H]23)C[C@@H](O)C[C@@H]1O,0.0
Cc1cc(SCc2sc(-c3ccc(C(F)(F)F)cc3)nc2C)ccc1OCC(=O)O,0.0
COc1cc(/C=C/C(=O)OC2C[C@]3(C)C(CC[C@@]4(C)C3CC=C3C5C(C)C(C)CC[C@@]5(C(=O)O)CC[C@@]34C)C(C)(C)C2O)ccc1O,0.0
Cc1cc(C=O)c(OP(=O)(O)O)c(C=O)c1,0.0
NOCC[C@H](N)C(=O)O,0.0
CCN(CC)CCNC(=O)c1ccc(N)cc1,0.0
COc1cc2c(cc1OC)C(=O)C(CC1CCNCC1)C2,0.0
O=C(O)c1ccccc1O,1.0
C#CCN(C)[C@@H](C)Cc1ccccc1,1.0
CC(C)(C)n1nc(Cc2cccc(O)c2)c2c(N)ncnc21,0.0
CC(S)S,0.0
CC/C=C/C/C=C/C/C=C/C/C=C/C/C=C/C/C=C/CCC(=O)OC(CC(=O)[O-])C[N+](C)(C)C,0.0
CCC(O)=NCC[C@@H]1CCc2ccc3c(c21)CCO3,1.0
CC1CCC(C(C)C)[C@@]2(C1)OCC(CO)O2,0.0
C[C@@H]1C(=O)O[C@H]2C[C@]34[C@@H]5OC(=O)[C@]3(O[C@@H]3OC(=O)[C@H](O)[C@@]34[C@H](C(C)(C)C)[C@H]5O)[C@]21O,0.0
CCCCCCCOC(=O)NC1=NC(=O)N([C@H]2C[C@H](O)[C@@H](CO)O2)CN1,0.0
O=C(O)C1=C(CSc2nnnn2CS(=O)(=O)O)CSC2C(NC(=O)C(O)c3ccccc3)C(=O)N12,0.0
COc1ccc(C2Sc3ccccc3N(CCN(C)C)C(=O)C2O)cc1,0.0
Cc1ccc(-c2nc3ccc(C)cn3c2CC(=O)N(C)C)cc1,1.0
COC(=O)[C@@H]1CC2=CC(=O)CC[C@]2(C)[C@@]23O[C@@H]2C[C@@]2(C)[C@@H](CC[C@@]24CCC(=O)O4)[C@H]13,0.0
O=C(O)c1cccnc1Nc1ccc(Cl)cc1,0.0
CCC(C)(C)NC[C@H](O)COc1ccccc1C(=O)CCc1ccccc1,0.0
O=C(OC1OC(C(=O)O)C(O)C(O)C1O)c1ccccc1,0.0
C=C(C)CCCC(C)CCOC(=O)C(C)C,0.0
O=c1[nH]c(=O)c2[nH]c(=O)[nH]c2[nH]1,0.0
NC1=NC[C@@H]2c3ccccc3Cc3ccccc3N12,0.0
CN1CCC[C@@H]1Cc1c[nH]c2ccc(CCS(=O)(=O)c3ccccc3)cc12,1.0
CCCCCCCCCCCCC(O)C1CCC(C(O)CCCC(=O)CCCCCCC(O)CC2=CC(C)OC2=O)O1,0.0
CC/C=C\CC(=O)OCC,0.0
CC(C)C1=C2C3CC=C4C(O)[C@@]5(O)COC6OC(C4[C@@]6(O)C5O)[C@@]3(C)CC[C@]2(C)CC1,0.0
Cc1c2ccccc2c(C)c2c1ccc1ccccc12,1.0
Nc1nc2c(c(=O)[nH]1)N(O)[C@@](O)(C(O)C(O)CO)C(O)N2O,0.0
C=CC[C@@H]1C=C(C)C[C@H](C)C[C@H](OC)[C@@H]2O[C@](O)(C(=O)C(=O)N3CCCC[C@H]3C(=O)O[C@H](/C(C)=C/[C@@H]3CC[C@@H](O)[C@H](OC)C3)[C@H](C)[C@@H](O)CC1=O)[C@H](C)C[C@@H]2OC,0.0
O=P(O)(O)C(O)(Cn1ccnc1)P(=O)(O)O,0.0
CCC(C)C(NC(=O)C(N)CC(=O)O)C(=O)O,0.0
CC1C(O)CC2CC1C2(C)C,0.0
C[C@@H]1CC[C@H]2[C@@H](C)C(=O)O[C@@H]3O[C@@]4(C)CC[C@@H]1[C@]32OO4,0.0
C=C1CC[C@H](O)C/C1=C/C=C1\CCC[C@@]2(C)[C@H]1CC[C@@H]2[C@H](C)CCCC(C)C,0.0
O=C1C2CC3CC(C2)CC1C3,0.0
CCN(C)N=O,1.0
C[C@]12CCC3C4CCC(O)CC4CCC3C1CCC2=O,0.0
O=C(CCC(=O)Nc1ccc2c(c1)C(=O)C(=O)NC2=O)Nc1cccc(OCCF)c1,0.0
CCCN1C[C@H](CSC)C[C@@H]2c3cccc4[nH]cc(c34)C[C@H]21,0.0
CC(C)=C1C[C@@]2(C)C(C)CCCC2CC1=O,0.0
OC[C@H]1O[C@@H](N=C(O)N=C(O)c2ccccc2)[C@H](O)[C@@H](O)[C@@H]1O,0.0
O=C(O)c1nn(Cc2ccc(Cl)cc2Cl)c2ccccc12,0.0
C#Cc1c[nH]c(=O)[nH]c1=O,0.0
O=P1(NCCCl)OCCCN1CCCl,1.0
CCC1(c2ccccc2)N=C(O)N(C)C1=O,1.0
C[C@@H](NC(C)(C)C)C(=O)c1cccc(Cl)c1,0.0
CC(=O)NC1C(OP(=O)(O)OP(=O)(O)OCC2OC(n3ccc(=O)[nH]c3=O)C(O)C2O)OC(CO)C(O)C1OC(C)C(=O)O,0.0
CC(C)CCCC(C)CCCC(C)CCCC(C)C(=O)NCC(=O)O,0.0
CC(C=O)C1CC[C@@]2(C)C3CC=C4C(CCC(OC5OC(COC6OC(CO)C(O)C(O)C6O)C(O)C(O)C5O)C4(C)C)[C@@]3(C)CC[C@]12C,0.0
CCCN(CCC)CCc1ccc(OC)c(OCCc2ccccc2)c1,1.0
CN1CCN(C2=Nc3ccccc3Oc3ccc(Cl)cc32)CC1,0.0
CC(C)CC(NC(=O)C(N)C(C)C)C(=O)O,0.0
C[C@H](C1=c2cc(O)ccc2=NC1=O)c1ccc[nH]1,0.0
COc1cc(O)c2c(=O)c3ccc(OC)c(OC)c3n(C)c2c1,0.0
Oc1c(Br)cc(Br)cc1Br,0.0
CC1(C)C(=O)CC(O)[C@]23C(=O)OC4OCC(=CCC12)C43,0.0
CSc1nc(-c2ccnc(NC(C)c3ccccc3)c2)c(-c2ccc(F)cc2)[nH]1,1.0
Cc1cc(NS(=O)(=O)c2ccc(N)cc2)no1,1.0
CN1C(=O)C(O)N=C(c2ccccc2)c2cc(Cl)ccc21,1.0
COc1c(C)c2c(c(O)c1C/C=C(\C)CCC(=O)OCCN1CCOCC1)C(=O)OC2,0.0
CCCCCc1cc(O)c2c(c1)OC(C)(C)[C@@H]1CC=C(C=O)C[C@@H]21,1.0
O=C(O)c1cc(/N=N\c2ccc(S(=O)(=O)Nc3ccccn3)cc2)ccc1O,0.0
NC(Cc1ccc(O)cc1)C(=O)NC(Cc1ccc(O)cc1)C(=O)O,0.0
CNC1(c2ccccc2Cl)CCCCC1=O,1.0
C/C=C(/C)C(=O)OC1C2=C(C)C(=O)O[C@]2(OC)CC2CCC(OC(=O)/C=C/SC)C(C)[C@]21C,0.0
CC1N[C@@H](N)CCC1CNCCN1C(Cl)=CN=C(NCC(F)(F)c2ccccn2)C1O,0.0
O=C1c2c(O)ccc(O)c2C(=O)c2c(NCCNCCO)ccc(NCCNCCO)c21,0.0
Cc1cc(C)c(/N=N/c2c(O)c(S(=O)(=O)O)cc3cc(S(=O)(=O)O)ccc23)cc1C,0.0
C=C1C[C@@]23C[C@]1(O)CCC2[C@@]12CC(OC4OC(CO)C(O)C(O)C4O)C(O)[C@@](C)(C(=O)O1)C2C3C(=O)O,0.0
CC(C)CC1=N[C@](O)([C@@H](N)[C@@H](C)O)N(CC=O)C1=O,0.0
NNc1nncc2ccccc12,0.0
COc1ccc2c(c1)[nH]c1c(C)nccc12,1.0
COc1cc(O)cc(CCc2cccc(O)c2)c1,0.0
CSCCC(N)C(=O)O,0.0
Cc1ccc(C(=O)c2cc(O)c(O)c([N+](=O)[O-])c2)cc1,0.0
O=C(/C=C\c1ccc(O)c(O)c1)OC1CC(C(=O)O)=CC(O)C1O,0.0
FCOC(C(F)(F)F)C(F)(F)F,0.0
CCCCCCCCCCCCCCCCCCCc1cc(O)cc(O)c1,0.0
NS(=O)(=O)c1nnc(-c2ccccc2Cl)s1,0.0
C[C@]12CCC3C(C(O)C=C4CC(O)CC[C@@]43C)C1CCC2=O,0.0
CC1=C(/C=C/C(C)=C\C=C\C(C)=C/C(=O)O)C(C)(C)CCC1,0.0
COC1=CC(=O)c2cc(C)cc(O)c2C1=O,0.0
C=C1C[C@@]23C[C@]1(OC1OC(CO)C(O)C(O)C1O)CCC2[C@]12CCC[C@](C)(C(=O)O1)C2C3C(=O)O,0.0
C[C@@H](O)[C@@H](O)[C@H]1CNc2[nH]c(=N)nc(O)c2N1,0.0
Oc1nc2cc(Cl)ccc2o1,0.0
CC(C)(C)N1CCC(c2ccccc2)(c2ccccc2)CC1,0.0
CCCn1c(C2CCN(C)CC2)nc(-c2ccc(Cl)c(Cl)c2)c1-c1ccnc(NC2CC2)n1,0.0
O=C(Cn1c(=O)sc2ccc(Cl)cc21)N1CCN(CCO)CC1,1.0
Cc1cc2c(s1)Nc1ccccc1N=C2N1CCN(C)CC1,0.0
C[C@]12CC[C@H]3[C@H]([C@@H]1[C@@H]1C[C@@H]1[C@@]21CCC(=O)O1)[C@H]1C[C@H]1C1=CC(=O)CC[C@@]13C,0.0
COc1ccc2c(c1)[C@@]13CCCC[C@H]1[C@@H](C2)N(C)CC3,1.0
CC(=O)[C@H]1CC[C@H]2[C@@H]3CCC4=CC(=O)CC[C@]4(C)[C@H]3CC[C@]12C,1.0
C=C1C[C@@]23CCC4C(C)(C)CCC[C@]4(C)C2CCC1C3,0.0
C[C@H]1C[C@H]2[C@@H]3CCC4=CC(=O)C=C[C@]4(C)[C@@]3(Cl)[C@@H](O)C[C@]2(C)[C@@]1(O)C(=O)CO,0.0
O=S(=O)(O)CCNC1CCCCC1,0.0
CCCc1ccccn1,0.0
COc1ccc2c3c1O[C@H]1[C@@H](O)CC[C@H]4[C@@H](C2)N(C)CC[C@]314,0.0
CC[C@H](C)n1ncn(-c2ccc(N3CCN(c4ccc(OC[C@H]5CO[C@](Cn6cncn6)(c6ccc(Cl)cc6Cl)O5)cc4)CC3)cc2)c1=O,0.0
CCC(=O)C1CC(C)[C@]2(CC(=O)[C@@]3(C)C4=C(CC[C@]32C)[C@]2(C)CCC(=O)[C@@](C)(CO)C2CC4)O1,0.0
O=C(O)CC(=O)OCC1OC(Oc2cc3c(O)cc(O)cc3[o+]c2-c2cc(O)c(O)c(O)c2)C(O)C(O)C1O,0.0
CCCCC/C=C\CCCO,0.0
COCC[C@H]1CC2CN3CCc4c([nH]c5ccccc45)[C@](C(=O)OC)(C2)C13,1.0
NC(=O)CC(=O)O,0.0
C[C@@]12C(=O)C=CC=C1C(O)CC1C2CC[C@@]2(O)C(=O)O[C@@]3(C)C4C[C@]5(C)C(CO[C@@]16O[C@]23C5C6=O)C(=O)O4,0.0
CC(CN)C(=O)O,0.0
O=C1N(COP(=O)(O)O)C(O)=NC1(c1ccccc1)c1ccccc1,1.0
O=C(O)/C(=C\OP(=O)=O)c1ccccc1,0.0
Fc1ccc([C@@H]2CCNC[C@H]2COc2ccc3c(c2)OCO3)cc1,0.0
C=C(C(=O)O)C1CC[C@]2(C)C=CC(=O)C(C)=C2C1,0.0
CCN1C(=O)N[C@H](c2ccccc2)C1=O,0.0
CCC(=O)OCc1ccccc1,0.0
O=C(O)CNCC(=O)O,0.0
CC1C2C3=CCC4[C@@]5(C)CC(O)C(=O)C(C)(C)C5CC[C@@]4(C)[C@]3(C)CC[C@@]2(C(=O)O)CC[C@]1(C)O,0.0
NC(=O)C1=C(O)C[C@@H]2C[C@@H]3Cc4cccc(O)c4C(=O)C3=C(O)[C@]2(O)C1=O,0.0
CCCCN(CCCC)CCC(O)c1cc2c(Cl)cc(Cl)cc2c2cc(C(F)(F)F)ccc12,1.0
OC(c1ccccc1)(c1ccccc1)C1CCNCC1,0.0
CC12C3CC(CC31)[C@@]2(C)CC=O,0.0
Cn1c[n+](C2OC(CO)C(O)C2O)c2[nH]cnc(=O)c21,0.0
O=C1/C(=C2\Nc3ccc(S(=O)(=O)O)cc3C2=O)Nc2ccc(S(=O)(=O)O)cc21,0.0
C#C[C@]1(O)C=C[C@H]2[C@@H]3CCC4=CC(=O)CC[C@@H]4[C@H]3CC[C@@]21CC,0.0
COc1ccc(CSc2nnc(-c3ccc4c(c3)OCO4)o2)cc1F,0.0
CN(C(=O)c1c(O)n(C)c2ccccc2c1=O)c1ccccc1,0.0
C=CC1CO1,1.0
CN/C(=C\[N+](=O)[O-])NCCSCc1ccc(CN(C)C)o1,0.0
O=C(/C=C/c1ccc(O)c(O)c1)OC1C[C@@](O)(C(=O)O)CC(O)C1OC(=O)/C=C/c1ccc(O)c(O)c1,0.0
NC(CCC(=O)O)C(=O)NC(CC(=O)O)C(=O)O,0.0
CC(C)c1nc(N(C)S(C)(=O)=O)nc(-c2ccc(F)cc2)c1CC[C@@H](O)C[C@@H](O)CC(=O)O,1.0
CCC[C@@H]1C[C@H](C(=O)N[C@H]([C@H](C)Cl)[C@H]2O[C@H](SC)[C@H](O)[C@@H](O)[C@H]2O)N(C)C1,0.0
N=C(N)c1ccc2cc(C(=O)Nc3ccc(CN)cc3)cc(Nc3ncccn3)c2c1,0.0
C[C@H]1C[C@H]2[C@@H]3CC[C@](O)(C(=O)CO)[C@@]3(C)C[C@H](O)[C@@H]2[C@@]2(C)C=CC(=O)C=C12,0.0
O=C(O)CCCC/C=C(\c1ccccc1)c1cccnc1,0.0
CN1CCC(=C2c3ccccc3CCn3c(C=O)cnc32)CC1,0.0
CCCCCCCCCCCCCCCCCCCC(O)CC(O)CCCCCCC,0.0
O=c1cc(-c2ccc(O)cc2O)oc2cc(O)cc(O)c12,0.0
COCCCC/C(=N/OCCN)c1ccc(C(F)(F)F)cc1,0.0
CO[C@H]1C=CO[C@@]2(C)Oc3c(C)c(O)c4c(O)c(c(/C=N\N5CCN(C6CCCC6)CC5)c(O)c4c3C2=O)NC(=O)C(C)=CC=C[C@H](C)[C@H](O)[C@@H](C)[C@@H](O)[C@@H](C)[C@H](OC(C)=O)[C@H]1C,0.0
C=CC(C)(C)c1cc(O)c2oc3c(CC=C(C)C)c(O)c(O)c(CCC(C)(C)O)c3c(=O)c2c1O,0.0
C[C@H](C(=O)O)c1cccc(C(=O)c2cccs2)c1,1.0
NC(=O)CCC(NC(=O)C(N)Cc1ccccc1)C(=O)O,0.0
CC(C)(/C=C/C[C@@](C)(OC1OC(CO)C(O)C(O)C1O)C1CC[C@@]2(C)C1C(O)CC1[C@]3(C)CCC(O)C(C)(C)C3C(O)C[C@@]12C)OO,0.0
Cc1nc2c(-c3cnc(N)nc3)nc(N3CCOCC3)nc2n1C(C)C,0.0
COc1ccc(-c2cc(=O)c3c(O)cc(O[C@@H]4O[C@H](CO[C@@H]5O[C@@H](C)[C@H](O)[C@@H](O)[C@H]5O)[C@@H](O)[C@H](O)[C@H]4O)cc3o2)cc1O,0.0
CC(C)(C(=O)c1cccnc1)c1cccnc1,0.0
CCOc1cc(N)c(Cl)cc1C(=O)NC[C@@H]1CN(Cc2ccc(F)cc2)CCO1,0.0
COc1ccc([C@@H](CN(C)C)C2(O)CCCCC2)cc1,1.0
CC(=O)OC1C=C2C(CC[C@@]3(C)[C@@]2(O)CCC2Cc4c([nH]c5cc6c(cc45)CC4C6=CC(C)(C)OC4(C)C)[C@@]23C)OC1C(C)(C)O,0.0
CC(C)c1cc2c(c(O)c1O)C(=O)C1CCCC(C)(C)C1CC2,0.0
C=CCC1=C(C)C(OC(=O)C2C(C=C(C)C)C2(C)C)CC1=O,1.0
NCC(=O)N1CCCC1C(=O)N1CCC(O)C1C(=O)O,0.0
CCCCCN(CCCCC)N=O,1.0
COc1cc(C[C@@](O)(C(=O)O)C(O)C(=O)O)ccc1O,0.0
C#C[C@]1(OC(C)=O)CC[C@H]2[C@@H]3CCC4=C/C(=N/O)CC[C@@H]4[C@H]3CC[C@@]21CC,0.0
CC(C)CN(C[C@H]1CNC[C@@H]1COCc1ccccc1)S(=O)(=O)c1ccccc1,0.0
O=C1OC2(c3ccc(OCc4ccccc4)cc3Oc3cc(OCc4ccccc4)ccc32)c2ccccc21,1.0
CN(CC(=O)O)C(=N)NP(=O)(O)O,0.0
CN1CCC[C@@H]1CCO[C@](C)(c1ccccc1)c1ccc(Cl)cc1,0.0
CCCCC(=O)OC1CCCCC1,0.0
O=C(c1cccs1)c1ccc(OCc2nnn[nH]2)c(Cl)c1Cl,1.0
CC=Cc1ccc(O)c(OC)c1,0.0
CC(C)c1nc(N(C)S(C)(=O)=O)nc(-c2ccc(F)cc2)c1/C=C/[C@@H](O)C[C@@H](O)CC(=O)O,1.0
CC(NC(C)(C)C)C(=O)c1cccc(Cl)c1,1.0
O=C(O)c1ccc(C(=O)O)o1,0.0
COC(=O)C1=C(C)NC(C)=C(C(=O)OC(C)(C)CN(C)CCC(c2ccccc2)c2ccccc2)[C@H]1c1cccc([N+](=O)[O-])c1,0.0
CCCc1nc(C(C)(C)O)c(C(=O)O)n1Cc1ccc(-c2ccccc2-c2nnn[nH]2)cc1,0.0
C[C@H]1Cc2c(Cl)cc(C(=O)N[C@@H](Cc3ccccc3)C(=O)O)c(O)c2C(=O)O1,1.0
CC(C)c1nnc2ccc(-c3ocnc3-c3ccc(F)cc3)cn12,0.0
C=C(C)C(C)CCC(C)C1CC[C@@]2(C)C3CCC4C(C)(C)C(OC(=O)CCCCCCCCCCCCCCC)CC[C@]45C[C@]35CC[C@]12C,0.0
CCOc1ccc2ccc(=O)oc2c1,1.0
CN[C@H](C)Cc1ccccc1,0.0
C/C=C1\C2CCN3CC[C@]4(c5cccc(OC)c5N(C(C)=O)C4C2)C13,0.0
Cc1c(OCC(F)(F)F)ccnc1C[S@@](=O)c1nc2ccccc2[nH]1,1.0
CCCCCC/C=C\C=C\CCCCCCCC(=O)O,0.0
CCc1nn(CCCN2CCN(c3cccc(Cl)c3)CC2)c(=O)n1CCOc1ccccc1,0.0
CSCCC(N)C(=O)NC(CCC(N)=O)C(=O)O,0.0
CC[C@H]1OC(=O)[C@H](C)[C@@H](O[C@H]2C[C@@](C)(OC)[C@@H](O)[C@H](C)O2)[C@H](C)[C@@H](O[C@@H]2O[C@H](C)C[C@H](N(C)C)[C@H]2O)[C@](C)(OC)C[C@@H](C)C(=O)[C@H](C)[C@@H](O)[C@]1(C)O,0.0
CC(C)CCC[C@@](C)(O)C1CCC2C3CC=C4CC(O)CC[C@@]4(C)C3CC[C@]21C,0.0
CCCCCCCCCCCCC(O)C1CCC(C2CCCC(C(O)CCCCCCCC(O)CC3=CC(C)OC3=O)O2)O1,0.0
C[C@]12CO[C@](C)(O1)[C@@]13CC2CC[C@@]1(C)CCC3O,0.0
C[C@]12CCC3c4cc(O)c(O)cc4CCC3C1CCC2O,0.0
Nc1ccn([C@H]2C[C@H](O)[C@@H](COP(=O)(O)O)O2)c(=O)n1,0.0
CNCC[C@@H](Oc1ccccc1C)c1ccccc1,1.0
O=C(O)/C=C\C(=O)O,0.0
C#CC[C@]12CCC(=O)C=C1CC[C@H]1[C@@H]3CCC(=O)[C@@]3(C)CC[C@@H]12,0.0
CC(=O)S[C@@H]1CC2=CC(=O)CC[C@]2(C)[C@H]2CC[C@@]3(C)[C@@H](CC[C@@]34CCC(=O)O4)[C@@H]21,0.0
COCc1c(C(=O)OC(C)C)ncc2[nH]c3ccc(OCc4ccccc4)cc3c12,1.0
O=C(O)C1=C/C(=C/C=N/C(Cc2ccc(O)cc2)C(=O)O)CC(C(=O)O)N1,0.0
ClC(Cl)Cl,1.0
CCC(/C=C/C(C)C1CCC2C3CC(=O)C4=CC(=O)CC[C@]4(C)C3CC[C@@]12C)C(C)C,0.0
CC1(C)OC2CC(=O)OC[C@@]23C1CC(=O)[C@]1(C)C3CC[C@]2(C)C(c3ccoc3)OC(=O)C3O[C@@]321,0.0
N=C(N)c1cccc(O[C@H]2CO[C@@H]3[C@H](Oc4cccc(C(=N)N)c4)CO[C@H]23)c1,0.0
CCN(CC)Cc1cc(Nc2ccnc3cc(Cl)ccc23)ccc1O,0.0
CCOc1c(Cl)cc(N2CCCCC2)cc1NC(=O)c1cc(C)c(OCCN)c(C)c1,0.0
CN(CCOc1ccc(NS(C)(=O)=O)cc1)CCc1ccc(NS(C)(=O)=O)cc1,0.0
CN1C(=O)CC[C@H]1c1cccnc1,0.0
OC[C@H]1O[C@H](O)[C@H](F)[C@@H](O)[C@@H]1O,0.0
O=C(O)c1ccc2ccccc2n1,0.0
CCN(CC)C(=O)N[C@H]1C=C2c3cccc4[nH]cc(c34)C[C@H]2N(C)C1,0.0
c1ncc2[nH]cnc2n1,0.0
Cc1cc(C)nc(NS(=O)(=O)c2ccc(N)cc2)n1,0.0
COc1ccc(OC(=O)N(CC(=O)O)Cc2ccc(OCCc3nc(-c4ccccc4)oc3C)cc2)cc1,1.0
CC(C)NC[C@H](O)COc1ccc(COCCOC(C)C)cc1,0.0
OCCOCCN1CCN(C2=Nc3ccccc3Sc3ccccc32)CC1,1.0
COc1ccc(-c2nc3cc(C4=NNC(=O)C[C@H]4C)ccc3[nH]2)cc1,0.0
FC(F)O[C@@H](Cl)C(F)(F)F,0.0
CC[C@@H](c1ccccc1)c1c(O)c2ccccc2oc1=O,1.0
CC1=CC2OC3C(O)C(O)[C@@](C)([C@@]34CO4)[C@@]2(CO)C(O)C1=O,0.0
Cc1cccc2c1C(=O)N(c1ccc(C#N)cc1)C2=O,0.0
C[C@@H](C(=O)O)c1ccc(-c2ccccc2)c(F)c1,1.0
NC(=O)CCC(N)C(=O)NC(Cc1cnc[nH]1)C(=O)O,0.0
CC(N)C12CC3CC(CC(C3)C1)C2,0.0
NC(=O)C1=CN(C2OC(COP(=O)(O)OP(=O)(O)OCC3OC(n4cnc5c(N)ncnc54)C(O)C3O)C(O)C2O)C=CC1,0.0
N=c1nc(O)c2ncn([C@@H]3O[C@H](COP(=O)(O)CP(=O)(O)O)[C@@H](O)[C@H]3O)c2[nH]1,0.0
CC#Cc1ccc(/C=C\C(=O)OC)s1,0.0
CC#CC#CC#CC#CCCCC,0.0
N#CCCCC1CS1,0.0
CN1CCN(c2c(F)cc3c(=O)c(C(=O)O)cn(CCF)c3c2F)CC1,0.0
CCN1CCN(c2cc(-c3ccc(F)cc3)c3c(n2)CCCCCC3)CC1,0.0
Cc1ccccc1-c1cc(N2CCN(C)CC2)ncc1N(C)C(=O)C(C)(C)c1cc(C(F)(F)F)cc(C(F)(F)F)c1,1.0
CCCCCCCCCCCCCCC(O)C1CCC(C(O)CCCCCCCCCCCCC2=CC(C)OC2=O)O1,0.0
COc1ccc2nc(S(=O)Cc3ncc(C)c(OC)c3C)[nH]c2c1,1.0
CC1C(=O)CC2CC1C2(C)C,0.0
CC(C)C(N)C(=O)NC(CC(N)=O)C(=O)O,0.0
C=C(C)C1OC2CC[C@@]3(C)[C@@](O)(CCC4Cc5c([nH]c6cc7c(cc56)CC5C7=CC(C)(C)OC5(C)C)[C@@]43C)C2=CC1O,0.0
CN(CCCC(=O)c1cccnc1)N=O,1.0
CN1C[C@H](C(=O)N[C@]2(C)O[C@@]3(O)[C@@H]4CCCN4C(=O)[C@H](Cc4ccccc4)N3C2=O)C=C2c3cccc4[nH]cc(c34)C[C@H]21,0.0
Cc1ccc(Nc2c(F)cccc2Cl)c(CC(=O)O)c1,1.0
CC1(C)C(=O)[C@@]2(O)CC3=CCC[C@@]4(C)C3=C(C(=O)OC4c3ccoc3)[C@]2(O)[C@@]2(C)OC(=O)C3O[C@]312,0.0
CC1=CCC(C(C)C)CC1=O,0.0
O=C(O)C1CC(O)CN1C(=O)C1CC(O)CN1,0.0
C[C@]12CC[C@@H]3c4ccc(O)cc4CC[C@H]3C1CCC2=O,1.0
c1ccc2c(c1)-c1nccc3ccnc-2c13,0.0
Cn1c(CCCO)c(CO)c2c1C(=O)C=C(N1CC1)C2=O,0.0
Nc1nc2c(c(=O)[nH]1)N=C(C(O)C(O)COP(=O)(O)O)CN2,0.0
O=C(O)C(O)Cc1ccccc1,0.0
COc1ccc(-c2oc3cc(O)cc(O)c3c(=O)c2O)cc1,1.0
CC(C)(C)NC[C@H](O)COc1nsnc1N1CCOCC1,0.0
CC(C)=CCOC(=O)c1ccccc1,0.0
O=C(CCCN1CCC(O)(c2ccc(Br)cc2)CC1)c1ccc(F)cc1,0.0
CNC(=S)Oc1cc(C)c(SC)c(C)c1,1.0
CCOC(=O)CCC(C)C,0.0
COc1ccc(S(=O)(=O)NCC2CC2)cc1Nc1ncc(-c2cccc(-c3cccnc3)c2)o1,0.0
NS(=O)(=O)Cc1noc2ccccc12,0.0
Nc1nc2c(c(=O)[nH]1)NC(CNc1ccc(C(=O)NC(CCC(=O)NC(CCC(=O)O)C(=O)O)C(=O)O)cc1)CN2,0.0
C=C1C[C@@]23C[C@]1(O)CCC2[C@@]1(C)CC(O)C[C@@](C)(C(=O)O)C1C3C(=O)O,0.0
CC(C)=CCc1c(-c2ccc(O)c3c2OC(C)(C)C=C3)oc2cc(O)cc(O)c2c1=O,0.0
O=C1c2ccccc2C(=O)c2ccccc21,0.0
C=C[C@]1(C)CCC2C(=CC3OC(=O)[C@]4(C)CC(O)C[C@]2(C)C34)C1,0.0
CNCCC=C1c2ccccc2CCc2ccccc21,0.0
COc1c(O)c(C)c(C/C=C(\C)CCC=C(C)C)c(O)c1OC,0.0
NC(=O)CCCCC1SCC2NC(=O)NC21,0.0
CC(C(=O)O)c1ccc(N2Cc3ccccc3C2=O)cc1,0.0
O=C(O)c1ccc(-n2nc(-c3ccccc3O)nc2-c2ccccc2O)cc1,0.0
CN(C)CCc1c[nH]c2ccc(CS(=O)(=O)N3CCCC3)cc12,0.0
COC(=O)C1=C(C)NC(C)=C(C(=O)OCC(C)=O)[C@@H]1c1ccccc1[N+](=O)[O-],0.0
CC1(C)Cc2c(-c3ccccc3)c(-c3ccc(Cl)cc3)c(CC(=O)O)n2C1,1.0
O=C(Nc1cc(C(F)(F)F)cc(C(F)(F)F)c1)Nc1cc(Br)ccc1-c1nn[nH]n1,0.0
Oc1ccc(CCNc2nc(SCCCc3ccc(Cl)cc3)nc(N3CCNCC3)n2)cc1,0.0
CN1CC(O)c2cc(O)c(O)cc21,0.0
NC(N)=Nc1nc(-c2ccc(CNc3nc4ccccc4[nH]3)s2)cs1,0.0
CCCC(=O)OCCCSC,0.0
C1CCC(C(C[C@H]2CCCCN2)C2CCCCC2)CC1,0.0
CCOc1nc2cccc(C(=O)OC(C)OC(=O)OC3CCCCC3)c2n1Cc1ccc(-c2ccccc2-c2nn[nH]n2)cc1,1.0
CC1(C)CCC[C@](C)(O)C1=O,0.0
CC[C@]1(O)C[C@H]2CN(CCc3c([nH]c4ccccc34)[C@@](C(=O)OC)(c3cc4c(cc3OC)N(C)[C@H]3[C@@](O)(C(=O)OC)[C@H](OC(C)=O)[C@]5(CC)C=CCN6CC[C@]43[C@@H]65)C2)C1,0.0
CC[C@H](c1ccc2cc(OC)ccc2c1)C(C)(C)C(=O)O,0.0
O=C(CC1(S(=O)(=O)c2ccc(Oc3ccc(Cl)cc3)cc2)CCOCC1)NO,0.0
CCN(CCO)CCCC(C)Nc1ccnc2cc(Cl)ccc12,0.0
CCOc1ccccc1OCCN[C@H](C)Cc1ccc(OC)c(S(N)(=O)=O)c1,0.0
C=CCC1([C@@H](C)CCC)C(=O)NC(=O)NC1=O,0.0
CCCCCC(=O)/C=C/C1C(O)CC(=O)C1C/C=C\CCCC(=O)O,0.0
COc1ccc(Cl)cc1C(=O)NCCc1ccc(S(=O)(=O)NC(=O)NC2CCCCC2)cc1,1.0
O=C1OC(CO)C(O)C(O)C1O,0.0
N#CCc1cc(O)cc2cc(-c3ccc(O)cc3)oc12,0.0
O=c1cc(C(F)(F)F)c2ccc(OCc3ccccc3)cc2o1,1.0
Oc1c(Br)cc(Oc2ccccc2)cc1Br,0.0
C#CC1(O)CCC2C3CCc4cc(O)ccc4C3CCC21C,1.0
CC(CC[C@]1(O)OC2CC3C4CCC5=CC(OC6OC(CO)C(O)C(O)C6OC6OC(C)C(O)C(O)C6O)CC[C@]5(C)C4CC[C@]3(C)C2C1C)COC1OC(CO)C(O)C(O)C1O,0.0
CO[C@]12CC[C@@]3(C[C@@H]1[C@](C)(O)C(C)(C)C)[C@H]1Cc4ccc(O)c5c4[C@@]3(CCN1CC1CC1)[C@H]2O5,1.0
Oc1ccc2c3c1OC1C(O)C=CC4C(C2)NCC[C@]341,0.0
CCCCC(=O)N(Cc1ccc(-c2ccccc2-c2nn[nH]n2)cc1)C(C(=O)O)C(C)C,1.0
Cc1cccc(CC(=O)O)c1,0.0
COc1cc(CNC(=O)CCCCCCCC(C)C)ccc1O,0.0
COc1ccc(N2CCc3c(NCCO)nc4c(OC(F)(F)F)cccc4c32)c(C)c1,1.0
CN(C)c1cn(C)n(-c2ccccc2)c1=O,1.0
O=C(O)COc1ccc(-c2c[nH]c(CNC(=O)Nc3ncc(Sc4ccccn4)s3)n2)cc1,0.0
CCCCCCOC,0.0
