SMILES,1A2
CC(=O)Oc1ccc2c(=O)c(-c3ccccc3)c(C)oc2c1,0.0
Nc1nc2c(c(=O)[nH]1)N=C(C(O)C(O)COP(=O)(O)O)CN2,0.0
CC(=O)OC(C)(C)/C=C/C(=O)[C@](C)(O)C1C(O)C[C@]2(C)C3CC=C4C(CC(O)C(=O)C4(C)C)[C@]3(C)C(=O)C[C@]12C,0.0
COc1cc(NC(C)CCCN)c2ncccc2c1,1.0
COc1cc([C@@H]2c3cc4c(cc3[C@@H](O[C@@H]3O[C@@H]5CO[C@@H](C)O[C@H]5[C@H](O)[C@H]3O)[C@H]3COC(=O)[C@H]23)OCO4)cc(OC)c1O,1.0
CCCCC/C=C\C/C=C\CCCCCCCC(=O)O,0.0
Cc1cc(O)c(C)c2c1O[C@](C)(CCCC(C)CCCC(C)CCCC(C)C)CC2,0.0
Cn1c(=O)[nH]c(=O)c2[nH]c(=O)[nH]c21,0.0
COc1cc(NS(=O)(=O)c2ccc(N)cc2)nc(OC)n1,0.0
C=C1C[C@@]23C[C@]1(O)CCC2[C@@]12CC(OC4OC(CO)C(O)C(O)C4O)C(O)[C@@](C)(C(=O)O1)C2C3C(=O)O,0.0
Cc1nc(-c2ccc(C(F)(F)F)cc2)sc1C(=O)NCc1ccc(OC(C)(C)C(=O)O)cc1,0.0
CC1=C(/C=C/C(C)=C/C=C/C(C)=C/C(=O)O)C(C)(C)CCC1O,0.0
CC1(C)CC(O)[C@@]2(CO)C(O)C[C@@]3(C)C(=CCC4[C@]5(C)CCC(O)C(C)(C)C5CC[C@@]43C)C2C1,0.0
O=C(O)C1CC(O)C=N1,0.0
COc1ccc2[nH]cc(CCN(C(C)C)C(C)C)c2c1,1.0
Cc1ccc(Nc2c(F)cccc2Cl)c(CC(=O)O)c1,1.0
COP(=S)(OC)SCn1nnc2ccccc2c1=O,1.0
CCCCCCCCCCC/C=C/C=O,0.0
C[C@]12CCC3C(C(O)C=C4CC(O)CC[C@@]43C)C1CCC2=O,0.0
CC1C(O)CC[C@@]2(C)CCC(C(C)(C)O)CC12,0.0
CC(C)C(O)=Nc1ccc([N+](=O)[O-])c(C(F)(F)F)c1,1.0
COc1cc([C@@H]2c3cc4c(cc3[C@H](O[C@H]3O[C@H]5CO[C@@H](C)O[C@@H]5[C@@H](O)[C@H]3O)[C@H]3COC(=O)[C@H]23)OCO4)cc(OC)c1O,1.0
CCN(CC)C(=O)c1cccc(C)c1,1.0
Cc1ncc(CO)c(C=O)c1O,0.0
C[N+](C)([O-])CCCN1c2ccccc2CCc2ccccc21,1.0
CCc1nc(N)nc(N)c1-c1ccc2c(c1)N(CCCOC)C(=O)C(C)(C)O2,0.0
CC(CCC(=O)O)C1CCC2C3C=CC4=CC(=O)CC[C@]4(C)C3CC(O)[C@]12C,0.0
N[C@H](CCC(=O)O)C(=O)O,0.0
COc1ccc([C@@H]2CC(=O)c3c(O)cc(O)cc3O2)cc1O,1.0
ClC(Cl)Br,1.0
O=c1[nH]c2ccccc2n1CCCN1CCC(n2c(=O)[nH]c3cc(Cl)ccc32)CC1,1.0
CCC(=O)OCC1CCCO1,0.0
C[C@]12CCC3c4ccc(OS(=O)(=O)O)cc4CCC3C1CCC2=O,1.0
COC(=O)c1c(C)nc(C)c(C(=O)OC/C=C/c2ccccc2)c1-c1cccc([N+](=O)[O-])c1,1.0
CC(=O)NC(CS)C(=O)O,0.0
O=C1Nc2ccccc2OC1OC1OC(CO)C(O)C(O)C1O,0.0
COc1cc(CNC(=O)CCCCCC(C)C)ccc1O,0.0
COc1cccc2c1C(=O)c1c(O)c3c(c(O)c1C2=O)C[C@@](O)(C(C)=O)C[C@@H]3O[C@H]1C[C@H](N)[C@H](O)[C@H](C)O1,1.0
c1ccc([C@H]2CN3CCSC3=N2)cc1,0.0
O=C(CN[C@@H]1CCNC1)N1CCC[C@H]1B(O)O,0.0
CCCCCCCCCCCCCCC(O)C1CCC(C(O)CCCCCCCCCCCCC2=CC(C)OC2=O)O1,0.0
CNCCCC1(c2ccccc2)SC(C)(C)c2ccccc21,0.0
COc1cc(-c2ccc3c(c2)NC(=O)/C3=C\c2ccc[nH]2)ccc1O,0.0
COc1ccc(OC(=O)N(CC(=O)O)Cc2ccc(OCCc3nc(-c4ccccc4)oc3C)cc2)cc1,1.0
CC(=O)OC1CC[C@]2(C)C(CC[C@]3(C)C2CC=C2C4[C@](C)(CCC(C)[C@@]4(C)O)CC[C@]23C)C1(C)C,0.0
CCCCN,0.0
N#CCCN1C(=O)C(O)N=C(c2ccccc2F)c2cc(Cl)ccc21,0.0
CN(C)CCC=C1c2ccccc2CCc2ccccc21,1.0
CC(C)C(C)/C=C/C(C)C1CCC2C3=CC(O)[C@@]4(O)CC(OC5OC(CO)C(O)C(O)C5O)CC[C@]4(C)C3CC[C@]21C,0.0
CC(C)CCC(O)C(C)C1C(OC2OC(CO)C(O)C(O)C2O)CC2C3CC=C4CC(O)CC(OC5OC(C)C(O)C(O)C5O)[C@@]4(C)C3CC[C@@]21C,0.0
Cc1c(-c2ccccc2)ccc2nc(N)nc(N)c12,0.0
C=C(CCC=C(C)C)C1CC=C(C)CC1,0.0
CC1CC[C@]2(C(=O)O)CC[C@]3(C)C(=CCC4[C@]3(C)CC(=O)C3C(C)(C)C(OC(=O)c5ccccc5)CC[C@@]34C)C2C1C,0.0
COc1cc(/C=C\C(=O)NCCCCNC(=N)N)cc2c1OC(c1ccc(OC3OC(CO)C(O)C(O)C3O)cc1)C2C(=O)NCCCCNC(=N)N,0.0
CC(C)CC(NC(=O)C(N)CC(N)=O)C(=O)O,0.0
[F:1][c:23]1[cH:18][cH:14][c:11]([C@@H:7]([N:3]2[CH2:5][CH2:8][N:4]([CH2:10]/[CH:13]=[CH:22]/[c:25]3[cH:26][cH:28][cH:30][cH:29][cH:27]3)[CH2:9][CH2:6]2)[c:12]2[cH:15][cH:19][c:24]([F:2])[cH:21][cH:17]2)[cH:16][cH:20]1,0.0
COC(=O)C1=C(C(=O)OC)[C@@H]2O[C@H]1C(c1ccc(O)cc1)=C2c1ccc(O)cc1,0.0
C[C@@H]1CCO[C@H]2Cn3cc(C(=O)NCc4ccc(F)cc4F)c(=O)c(O)c3C(=O)N21,0.0
O=C(O)[C@]1(O)O[C@H](COP(=O)(O)O)[C@@H](O)[C@H]1O,0.0
CN=C1CN(O)C(c2ccccc2)=c2cc(Cl)ccc2=N1,1.0
CC(S)S,0.0
CCCCCCCCCCCCC(O)C1CCC(C(O)CCCCCC(=O)CCCCC2CC(CC(C)=O)C(=O)O2)O1,0.0
CC(CO)Oc1ccc2c(=O)c(-c3ccccc3)coc2c1,1.0
O=c1nc[nH]c2c1ncn2[C@@H]1O[C@H](CO)[C@@H](O)[C@H]1O,0.0
COc1cc2c(cc1O)C1Cc3cc(O)c(O)cc3[N@@+]1(C)CC2,0.0
CN1CCn2c1nc1c(Br)c(Br)c(Br)c(Br)c12,0.0
Nc1nc2c(c(=O)[nH]1)NC(CNc1ccc(C(=O)NC(CCC(=O)NC(CCC(=O)O)C(=O)O)C(=O)O)cc1)CN2,0.0
Cc1cc2c(cc1S(=O)(=O)N1CCN(C)CC1)S(=O)(=O)N[C@@H](C1CCCC1)C2,0.0
NC(=O)NCc1cccc(-c2cccc(-c3cc4cnccc4[nH]3)c2O)c1,0.0
CC(C)CC(=O)Cc1ccccc1,0.0
CC1C2C(CC3C4CC=C5CC(O)CC[C@]5(C)C4CC[C@@]32C)O[C@@]12CC[C@@](O)(CO)CO2,0.0
C/C=C(/C)C(=O)OC1C2=C(C)C(=O)O[C@]2(OC)CC2CCC(OC(=O)/C=C/SC)C(C)[C@]21C,0.0
CCCCC/C=C\C/C=C\CC(O)/C=C\C=C\CCCC(=O)O,0.0
CC1Cc2ccc(/C(O)=N/C(Cc3ccccc3)C(=O)O)c(O)c2C(=O)O1,0.0
C[C@]12CCC3C(CC=C4CC(O)CC[C@@]43C)C1CCC2=O,0.0
CC(C)(COP(=O)(O)OP(=O)(O)OCC1OC(n2cnc3c(N)ncnc32)C(O)C1OP(=O)(O)O)C(O)C(=O)NCCC(=O)NCCSC(=O)CCN,0.0
CC(O)CCOCCC(C)O,0.0
CC1=CCC(C(C)C)C=C1,0.0
CCOc1ccc(Cc2cc([C@]34OC[C@](CO)(O3)[C@@H](O)[C@H](O)[C@H]4O)ccc2Cl)cc1,0.0
CC(C)(Oc1ccc(CCNC(=O)c2ccc(Cl)cc2)cc1)C(=O)O,0.0
Clc1cc(N2C[C@@H]3CN[C@@H]3C2)cnc1Cl,0.0
COc1cc(O)c2c(=O)c3cccc(O)c3n(C)c2c1OC,0.0
Cc1ccc(C(=O)[C@H](C)CN2CCCCC2)cc1,1.0
COc1ccc(-c2oc3cc(O)cc(O)c3c(=O)c2O)cc1O,1.0
Nc1ccn([C@@H]2O[C@H](CO)[C@@H](O)[C@H]2O)c(=O)n1,0.0
OCc1ccccc1,1.0
CNC(C)C(O)c1ccccc1,1.0
O=c1cc(-c2ccc(O)cc2)oc2cc(O)cc(O)c12,1.0
O=C1NC(=O)C(N2C(=O)c3ccccc3C2=O)CC1O,0.0
N=C1CCCN1Cc1[nH]c(=O)[nH]c(=O)c1Cl,0.0
COC[C@]1(O)C2C[C@@]3(C(C)CC[C@]3(O)[C@@]13COC3=O)C(O)C(=O)O2,0.0
C=C(CCC=C(C)C)C1CC[C@@]2(C)C1CCC1[C@]3(C)CCC(O)C(C)(C)C3CC[C@@]12C,0.0
CCC(C)C(N)C(=O)NC(CCCNC(=N)N)C(=O)O,0.0
CCOC(=O)CC(SP(=S)(OC)OC)C(=O)OCC,1.0
CN(C/C=C/C#CC(C)(C)C)Cc1cccc2ccccc12,1.0
O=[N+]([O-])c1cc2cccc3ccc4cccc1c4c32,1.0
CCC(C)c1cc([N+](=O)[O-])cc([N+](=O)[O-])c1OC(C)=O,0.0
COc1cc(O)cc(CCc2cccc(O)c2)c1,0.0
CNC(=O)Oc1cccc2c1OC(C)(C)C2,1.0
O=c1c2ccccc2nc2n1CCc1c-2[nH]c2ccccc12,1.0
CCCCCCCC(=O)OCCCC1C(=C(C)C)CCC2[C@@]1(C)CC[C@@]1(C)C(C(C)CCC=C(C)C)CC[C@]21C,0.0
CN(C)C(=O)CCn1nc(Nc2ccc3c(c2)OC(F)(F)O3)nc1-c1ccncc1,0.0
Nc1nc(N)nc(OCCOc2ccccc2)n1,0.0
CN(C)C[C@@H](O)COc1ccc(Nc2cc(Nc3cc(C(F)(F)F)ccc3F)ncn2)cc1,0.0
CCCCC(=O)OC1CCCCC1,0.0
O=c1cc(-c2ccc(O)cc2O)oc2cc(O)cc(O)c12,0.0
Cc1cc2nc3[nH]c(=O)[nH]c(=O)c3nc2cc1C,0.0
C[C@@]1(c2ccc(Oc3ccccc3)cc2)OC(=O)N(Nc2ccccc2)C1=O,0.0
C/C=C/C=C/C=C/CC/C=C/C=C/C(=O)NCC(C)C,0.0
O=[N+]([O-])c1cc2c3ccccc3ccc2c2ccccc12,1.0
N[C@@H]1N[C@H]2CC[C@H](CN3CC[C@H]4CCCC[C@@H]43)C[C@H]2[C@H](N)N1,0.0
CCCCOCCOC(=O)c1cccnc1,0.0
C=CCCCCCCCCC/C=C\c1ccco1,0.0
CC(C)CC(N)C(=O)NC(CCC(=O)O)C(=O)O,0.0
CC1(C)C2CC[C@]1(C)C(O)C2,0.0
C[C@]12CCC3C(CC=C4CC(O)CC[C@@]43C)C1CCC2C(=O)CO,0.0
O=C(O)C(CO)OP(=O)(O)O,0.0
CN1CC[C@]23c4c5ccc(OCCN6CCOCC6)c4O[C@H]2[C@@H](O)C=C[C@H]3[C@H]1C5,0.0
CCCCC(=O)OCCc1ccccc1,0.0
C[C@]12CC[C@@H]3c4ccc(OC(=O)c5ccccc5)cc4CC[C@H]3[C@@H]1CC[C@@H]2O,1.0
CN1CCN(CC/C=C2/c3ccccc3Sc3ccc(S(=O)(=O)N(C)C)cc32)CC1,1.0
O=C(O)[C@@H](O)[C@@H](O)[C@H](O)[C@@H](O)CO,0.0
O=C(NC(O)C(=O)O)c1ccccc1,0.0
CCC1(c2ccccc2)N=C(O)N(C)C1=O,1.0
CCCCCCCCCCCCCCCCCCCCCC(=O)CC(O)CCC,0.0
O[C@H]1CO[C@@H]2[C@H](O)CO[C@H]12,0.0
C/C=C/C=O,0.0
CC(=O)NC1C(OP(=O)(O)O)OC(CO)C(O)C1O,0.0
CC(C)(O)c1ccccc1CC[C@@H](SCC1(CC(=O)O)CC1)c1cccc(/C=C/c2ccc3ccc(Cl)cc3n2)c1,1.0
CCCCCCCCCOC(C)=O,0.0
CCOC(=O)CCC(C)C,0.0
CC(=O)C1CCC2C3CCC4CC(=O)CC[C@]4(C)C3CC[C@]12C,0.0
Cn1cnc2c(F)c(Nc3ccc(Br)cc3F)c(C(O)=NOCCO)cc21,1.0
Cc1cc2c(s1)Nc1ccccc1N=C2N1CCN(C)CC1,1.0
CC1C(=O)OC2C1CC[C@]1(C)CCC(=O)C(C)C21,0.0
COc1cc2c(cc1OC)C(=O)C(CC1CCNCC1)C2,0.0
CC1(C)C(O)CC[C@@]2(C)C1CC[C@]1(C)C2C(=O)C=C2C3C[C@](C)(C(=O)O)CC[C@]3(C)CC[C@]21C,0.0
O=C1CCc2cc(OCCCCc3nnnn3C3CCCCC3)ccc2N1,1.0
CC(C)CC(N)C(=O)NCC(=O)O,0.0
C[C@]12CC[C@@H]3c4ccc(O)cc4CC[C@H]3C1CCC2=O,1.0
Cc1c(N(C)C)c(=O)n(-c2ccccc2)n1C,1.0
Cc1c(F)c(N2CCNC(C)C2)cc2c1c(=O)c(C(=O)O)cn2C1CC1,1.0
CCOc1ccc2c(Cl)cc(=O)oc2c1,1.0
Oc1nc2cc(Cl)ccc2o1,1.0
N=c1nc(O)c2[nH]ccc2[nH]1,1.0
CCc1nc(N)nc(N)c1-c1ccc2c3ccccc3n(CCCOC)c2c1,0.0
O=P(O)(O)C(O)(COc1cccc(-c2cccc(-c3ccccc3)c2)c1)P(=O)(O)O,0.0
CC(C)CCCC(C)C1CCC2C3C(O)C[C@]4(C(=O)O)CC(O)CC[C@]4(C)C3CC(O)[C@]12C,0.0
CC1(C)C=C2c3cc4[nH]c5c(c4cc3C(O)C2C(C)(C)O1)CC1CC[C@@]2(O)C3=CC(O)C(C(C)(C)O)OC3CC[C@]2(C)[C@@]51C,0.0
COC1C=CC2=CCN3CCc4cc5c(cc4[C@@]23C1)OCO5,0.0
COCCCOc1ccnc(CSc2nc3ccccc3[nH]2)c1C,1.0
NC(Cc1cnc[nH]1)C(=O)NCC(=O)O,0.0
Cc1cccc(C)c1OC[C@@H](C)N,1.0
O=C1CCCN1,0.0
NC(Cc1cn(C2OC(CO)C(O)C2O)cn1)C(=O)O,0.0
NCCc1ccc(OC2OC(C(=O)O)C(O)C(O)C2O)cc1,0.0
CC(C)NC[C@@H](O)COc1cccc2ccccc12,1.0
Nc1ccc2c3c(cccc13)C(=O)NC2=O,0.0
CC1CC[C@@]2(OC1)OC1CC3C4CCC5CC(=O)CC[C@@]5(C)C4CC[C@@]3(C)C1C2C,0.0
CC[N+](C)(CC)CCc1c(C)c2ccc(OC)cc2oc1=O,1.0
Cc1ccc(=O)n(-c2ccccc2)c1,1.0
CCCCCCCCCCCC/C=C/C(O)C(COP(=O)(O)OCC[N+](C)(C)C)NC(=O)CCCCCCCCCCCCCCCCCCCCCCC,0.0
CCCS(=O)(=O)N[C@@H](C(=O)N[C@@H](CCSC)C(=O)NCc1ccc(C(=N)N)cc1)[C@H](C)O,0.0
CN1CC(O)c2cc(O)c(O)cc21,0.0
CCOC(=O)C(CCN1CCOCC1)(c1ccccc1)c1ccccc1,0.0
CCC1=C(C)C(CC2=N/C(=C\c3[nH]c(CC4NC(=O)C(C)=C4CC)c(C)c3CCC(=O)O)C(CCC(=O)O)=C2C)NC1=O,0.0
CC(=O)Nc1ccccc1,1.0
CC(C)=CCc1c(-c2ccc(O)cc2O)oc2c(C3C=C(C)CC(c4ccc(O)cc4O)C3C(=O)c3ccc(O)cc3O)c(O)cc(O)c2c1=O,0.0
O=C(O)C(c1ccccc1)C1CCCCN1,0.0
CC(C)(C)C(O)/C=C/c1ccc2c(c1)OCO2,1.0
Cc1nc2c(c(=O)n(C)c(=O)n2Cc2ccco2)n1C,1.0
CC1CC[C@]2(OC1)OC1CC3C4C(CC[C@]3(C)C1C2C)[C@]1(C)CCC(O)C[C@@]1(O)C4C=O,0.0
C=C1C(=O)OC2C[C@@]3(C)C(=CC12)C(C)CCC3O,0.0
CCCCCC(=O)N[C@@H](CCS)C(=O)O,0.0
CC(C)Cn1cnc2c(N)nc3ccccc3c21,1.0
C[C@]12CC(OC3OC(C(=O)O)C(O)C(O)C3O)CCC1CCC1C2C(=O)C[C@@]2(C)C1CC[C@]2(O)C(O)CO,0.0
COC(=O)[C@H](c1ccccc1Cl)N1CCc2sccc2C1,1.0
O=C1CCC2C3Cc4ccc(O)c5c4[C@@]2(CCN3)C1O5,0.0
CC(CO)CCNc1ncnc2nc[nH]c12,0.0
CC(O)c1ccc2c(c1)C=CC(C)(C)O2,0.0
CC(=O)NC1C(O[C@@](C)(COC2OC(C)C(O)C(O)C2O)C(O)C(O)CO)OC(CO)C(O)C1O,0.0
O=C([C@@H](O)CO)N1CC=C(c2c(F)cc(N3C[C@H](COc4ccon4)OC3=O)cc2F)CC1,0.0
CC(=O)NC1C(OC2C(O)C(CO)OC(OC(C(O)CO)C(OC3OC(C)C(O)C(O)C3O)C(O)C=O)C2O)OC(CO)C(O)C1OC1OC(CO)C(O)C(O)C1O,0.0
CS[C@@H]1[C@@H](CO)O[C@H](O)[C@H](O)[C@H]1O,0.0
O=NN(CCCl)C(O)=NCCCl,1.0
CC(C(=O)O)c1ccccc1,0.0
NC1CCSC1=O,0.0
CCCCCCCCCCCCC/C=C/C(O)C(COC1OC(CO)C(O)C(OS(=O)(=O)O)C1O)NC(=O)CCCCCCCCCCCCCCCCCCCCCCC,0.0
Cc1cccc2c1C(=O)N(c1cc(-c3ccccc3)ccc1O)C2=O,0.0
CCCCCCC(=O)CCCCCCCCCCCCCCCCCCCCCO,0.0
Cc1cccc(CC(=O)O)c1,0.0
O=C(O)C1Cc2c([nH]c3ccccc23)C(C(O)C(O)C(O)C(O)CO)N1,0.0
O=C(O)CNC(=O)c1cccc(Cl)c1,0.0
CN(C)CCOc1ccc(C(=C(CCCl)c2ccccc2)c2ccccc2)cc1,1.0
CCCNC[C@H](O)COc1ccccc1C(=O)CCc1ccccc1,1.0
CCOc1ccc2nc3ccc(=O)cc-3oc2c1,1.0
CCCCCc1cc(O)c2c(c1)OC(C)(C)[C@@H]1[C@@H](O)C=C(C)C[C@@H]21,1.0
C[C@@H](C#Cc1ccc(Cc2ccccc2)s1)NC(N)=O,1.0
Cc1ncc([N+](=O)[O-])n1CC(O)CCl,0.0
COC1O[C@]23C=CC4[C@@]1(CC[C@@]1(C)C(C(C)C/C=C/C(C)(C)O)CC[C@]41C)C2CCC(OC1OC(CO)C(O)C(O)C1O)C3(C)C,0.0
CC(C)CCCC(C)CCCC(C)CCCC(C)C(=O)NCC(=O)O,0.0
CN1CCC[C@@H]1C[C@@H]1CNc2ccc(CCS(=O)(=O)c3ccccc3)cc21,1.0
C[C@H](O)[C@H](O)[C@H]1CNc2nc(N)[nH]c(=O)c2N1,0.0
CNNCc1ccc(C(=O)NC(C)C)cc1,1.0
c1ccc2[nH]c(-c3cscn3)nc2c1,1.0
CCCCCCCCCCCCCCCCCC(=O)OC(CC(=O)[O-])C[N+](C)(C)C,0.0
CN(CCOc1ccc(C[C@@H]2SC(=O)NC2=O)cc1)c1ccccn1,1.0
CC(=O)O[C@]1(C)CC[C@]23CC1C(C)(C)C2CCC3C,0.0
CC(C)Oc1ccc2c(=O)c(-c3ccccc3)coc2c1,1.0
O=c1oc2ccccc2cc1O,0.0
CN1CCN(CCCN2c3ccccc3Sc3ccccc32)CC1,1.0
CCN(C(=O)c1c(O)c2c(Cl)cccc2n(C)c1=O)c1ccccc1,0.0
CCCCCCCCOC(=O)CCC,0.0
Cn1cnc([N+](=O)[O-])c1Sc1ncnc2[nH]cnc12,1.0
Cn1c(=O)c2c(ncn2C)n(C)c1=O,1.0
CNC(=S)Oc1cc(C)c(SC)c(C)c1,1.0
O=c1ccn(C2CC(O)C(CO)O2)c(=O)[nH]1,0.0
Cc1cn(C2CC(O)C(COP(=O)(O)OP(=O)(O)OC3OC(C)C(=O)C(O)C3O)O2)c(=O)[nH]c1=O,0.0
CC(Cc1ccccc1)NCCn1cnc2c1c(=O)n(C)c(=O)n2C,1.0
CNCc1cc(=O)oc2cc(OC)ccc12,1.0
CC(C)CCCC(C)C1CCC2C3CCC4CC(=O)CC[C@@]4(C)C3CC[C@@]12C,0.0
O=C1c2oc3cc(O)c(O)cc3c2C(=O)c2oc3cc(O)c(O)cc3c21,0.0
CC1=NCCc2cc(O)c(O)cc21,0.0
O=C(/C=C\n1cnc(-c2cc(C(F)(F)F)cc(C(F)(F)F)c2)n1)NNc1cnccn1,0.0
CN1CCN(CCCN2c3ccccc3Sc3ccc(C(F)(F)F)cc32)CC1,1.0
Cc1cc(COc2ccc([C@]3(C)CCN([C@H](C)C(=O)NO)C3=O)cc2)c2ccccc2n1,0.0
CCCCCC(=O)OCC(C)C,0.0
C=C1CC/C=C(/C)C/C=C\C(C)(C)CC1O,0.0
CC(C)(C)NCC(O)COc1cccc2c1SCCC2,0.0
NC(=O)CN1Cc2ccccc2OC1=O,0.0
COc1cc(C[C@@](O)(C(=O)O)C(O)C(=O)O)ccc1O,0.0
N#CCc1ccc(O)cc1,0.0
CC1CNc2[nH]c(N)nc(=O)c2N1,0.0
NCCCCC(NC(=O)C(N)CCC(=O)O)C(=O)O,0.0
OC(CCC[n+]1ccc(-c2ccc(Cl)cc2)cc1)c1ccc(F)cc1,1.0
CC(NC(C)(C)C)C(=O)c1cccc(Cl)c1,1.0
C/C1=C\CCC(C=O)C2CC(C)(C)C2CC1,0.0
CCCNC[C@@H](O)COc1ccccc1C(=O)CCc1ccccc1,1.0
CN(CCc1cn(C2OC(CO)C(O)C(O)C2O)cn1)C(=O)/C=C/c1ccccc1,0.0
CCOCCn1c(C2CCN(CCc3ccc(C(C)(C)C(=O)O)cc3)CC2)nc2ccccc21,0.0
C[C@@]12CCC3c4ccc(O)cc4CCC3C1CC(OC1OC(C(=O)O)C(O)C(O)C1O)C2O,0.0
O=c1cc(C(F)(F)F)c2ccc(OCc3ccccc3)cc2o1,1.0
CC(=O)Nc1ccc2c(c1)Cc1ccccc1-2,1.0
CCn1ncnc1COc1nn2c(-c3ccccc3F)nnc2cc1C(C)(C)C,0.0
O=C1NC(=O)C(c2ccccc2)(c2ccccc2)N1,1.0
CC(C)NCC(O)COc1cccc2ccccc12,1.0
CC(=O)O[C@H]1CC[C@H]2[C@@H]3CC[C@H]4CC(=O)CC[C@]4(C)[C@H]3CC[C@]12C,0.0
C=C(C)C1CC=C(C)C(=O)C1,0.0
CC1=CC(=O)C[C@@]2(C)CCC(=C(C)C)CC12,0.0
O=C(O)CNC(=O)C1CCCN1,0.0
CN(C)c1cn(C)n(-c2ccccc2)c1=O,1.0
Cn1c(=O)c2[nH]cnc2n(C)c1=O,1.0
CC(=O)OC1C=CC2C3Cc4ccc(O)c5c4[C@]2(CCN3C)C1O5,0.0
CC(C)=CCC[C@@](C)(O)C1CC[C@@]2(C)C1C(O)CC1[C@]3(C)CCC(O)C(C)(C)C3CC[C@@]12C,0.0
CC(=O)OC1C(C)=CC[C@@]2(C1OC(C)=O)C1C(C)COC(=O)C1O[C@]2(C)O,0.0
C=C1C[C@]23CC1CCC2[C@@]12OC(=O)[C@@](C)(C(O)CC1O)C2C3C(=O)O,0.0
CN(C)CCCN1c2ccccc2Sc2ccc(Cl)cc21,1.0
CSc1nc(-c2ccnc(N[C@H](C)c3ccccc3)c2)c(-c2ccc(F)cc2)[nH]1,1.0
NC1=N[C@H](CCNC(=O)c2ccoc2)Nc2c(F)ccc(F)c21,0.0
C=C(C(C)C)C(O)C(O)C(C)C1CCC2C3COC(=O)C4CC(O)C(O)C[C@@]4(C)C3CC[C@@]12C,0.0
CN(C)CCc1c[nH]c2cccc(O)c12,0.0
CC=CC(=O)N(CC)c1ccccc1C,0.0
CCN(Cc1ccccc1)C(=O)Cn1c(=O)n(C)c2cnc(-c3ccccc3)nc21,0.0
CC(CN)C(=O)O,0.0
CCCCCCCCCCCCCCCCCCCCCCCCCCCCCC=O,0.0
N[C@@H]1C[C@H](O)[C@@H](CO)O[C@@H]1O,0.0
CC1(C)C(C=C(Cl)Cl)C1C(=O)OC(C#N)c1cccc(Oc2ccccc2)c1,1.0
Cc1cc2c3ccccc3ccc2c2ccccc12,1.0
CC(C)=CCOC(=O)c1ccccc1,0.0
C/C=C/C(=O)C1C(C)C=CCC1(C)C,0.0
CC[C@H]1C(C)=NN=C(c2ccc(OC)c(OC)c2)c2cc(OC)c(OC)cc21,0.0
CC(C)=CCC/C(C)=C\CC/C(C)=C\CC/C(C)=C/C=C/C=C(\C)CC/C=C(\C)CC/C=C(/C)CCC=C(C)C,0.0
CCOP(=S)(OCC)Oc1nc(Cl)c(Cl)cc1Cl,1.0
C/C(O)=C(\C#N)C(=O)Nc1ccc(C(F)(F)F)cc1,0.0
CC(Oc1c(Cl)cccc1Cl)C1=NCCN1,1.0
COC1CC[C@@]2(C)C(CC[C@]3(C)C2CCC2C4=CC(C)(C)CC[C@]4(C)CC[C@]23C)C1(C)C,0.0
CCCNCC(O)COc1ccccc1C(=O)CCc1ccccc1,1.0
COc1ccc2cc([C@H](C)C(=O)O)ccc2c1,1.0
CCCSSSC,0.0
O=[N+]([O-])NC1=NCCN1Cc1ccc(Cl)nc1,1.0
COc1ccc2[nH]cc(CCN=C(C)O)c2c1,1.0
CC(/C=C/C=C(C)/C=C/[C@]12O[C@@]1(C)CC(O)CC2(C)C)=C\C=C\C=C(C)\C=C\C=C(/C)C1C=C2C(C)(C)CCC[C@]2(C)O1,0.0
CC1(C)C=C[C@]2(C)CC[C@]3(C)C(=CCC4[C@]3(C)CCC3[C@@](C)(CO)C(O)CC[C@@]34C)C2C1,0.0
NCCC[C@](N)(C(=O)O)C(F)F,0.0
CCCCCCOC1OC(COC2OC(CO)C(O)C2O)C(O)C(O)C1O,0.0
C=C1CC[C@@]2(C(C)C)CC12,0.0
CN(C)CCOc1ccc(/C(=C(/CCCl)c2ccccc2)c2ccccc2)cc1,1.0
NC(CC(=O)O)C(=O)NC(Cc1c[nH]c2ccccc12)C(=O)O,0.0
N[C@H]1C(C(=O)O)=CC=C[C@@H]1O,0.0
CC(=O)Oc1ccc(C(c2ccc(OC(C)=O)cc2)c2ccccn2)cc1,0.0
CNC(=O)c1c(C)[nH]c(/C=C2\C(=O)Nc3ccc(Cl)cc32)c1C,0.0
O=C(COP(=O)(O)O)Cc1c[nH]cn1,0.0
O=C1CCCCC1,0.0
O=Cc1ccc2c(c1)C(c1cc(O)cc3c1C(c1cc(O)cc(O)c1)C(c1ccc(O)cc1)O3)C(c1ccc(O)cc1)O2,0.0
O=CCCCC[C@@H]1SC[C@@H]2NC(=O)N[C@H]12,0.0
CNCC[C@@H](Oc1ccccc1C)c1ccccc1,1.0
CC(C)OC(=O)C(C(=O)OC(C)C)=C1SCCS1,0.0
CC(C)C(C(=O)O)C(O)C(=O)O,0.0
Cc1cccc(O)c1C,0.0
N=c1[nH]c2nc(=N)c(-c3ccccc3)nc-2c(N)[nH]1,1.0
CC[C@]1(c2ccccc2)NC(=O)N(C)C1=O,1.0
O=C(Nc1ccccc1)Nc1ccccc1,0.0
NNc1nncc2ccccc12,1.0
Cc1cc(=O)n(-c2ccccc2)n1C,1.0
CNc1ccc(Sc2nncn2C)cc1C(=O)Nc1nc(C)cs1,0.0
CC(C)=C(C)CCC(C)C1CC[C@@]2(C)C3CCC4C(C)(C)C(O)CC[C@]45C[C@]35CC[C@]12C,0.0
CC(=O)C1CC(=O)[C@@]2(C)C3=C(C(=O)C[C@@]12C)[C@@]1(C)CCC(=O)C(C)(C)C1CC3O,0.0
CN(CCCC(=O)c1cccnc1)N=O,1.0
CC(C)C[C@H](N)C(=O)NO,0.0
COc1c(O)c(C)c(C/C=C(\C)CCC=C(C)C)c(O)c1OC,0.0
CC(C)C(C(=O)O)C(=O)C(=O)O,0.0
NC(CNC(=O)C(=O)O)C(=O)O,0.0
CNCCCN1c2ccccc2CCc2ccccc21,1.0
NS(=O)(=O)c1ccc2c(c1)CCC2,0.0
CCCCP(=O)(O)O,0.0
CC1(C)C(=O)CC[C@]2(C)C1CC[C@@]13C=CC(CC21)[C@@](C)(O)C3,0.0
OCC(O)C(O)C(O)C(O)COC1OC(CO)C(O)C(O)C1O,0.0
CCC(/C=C/C(C)C1CCC2C3CC(=O)C4=CC(=O)CC[C@]4(C)C3CC[C@@]12C)C(C)C,0.0
CNCC[C@H](Oc1cccc2ccccc12)c1cccs1,1.0
O=c1ccc(Cc2ccc(Cl)c(Oc3ccccc3)c2F)n[nH]1,0.0
O=C1C(O)C(O)OC(CO)C1O,0.0
CC(C)=CCC/C(C)=C/Cc1c(CCC(=O)c2ccc(O)cc2O)ccc(O)c1O,0.0
CCCCC/C=C\C(=O)OC,0.0
COc1ccc(OC(F)(F)F)cc1CN,1.0
CC1(C)CCC[C@](C)(O)C1=O,0.0
CC[C@@H](Cc1ccc2c(c1)OCO2)NC,1.0
C=C(C)C1CCC(=C)C(CCC2C(C)=CCC(C(=C)C)[C@]2(C)CCC(=O)O)[C@@]1(C)CCC(=O)O,0.0
NCC(=O)NC1O[C@H](COP(=O)(O)O)[C@@H](O)[C@H]1O,0.0
CN1CC[C@]23c4c5ccc(O)c4O[C@H]2C(=O)CC[C@H]3[C@H]1C5,0.0
CCC(CC)COC(=O)[C@@H]1C[C@H]2C[C@@H](Oc3cccc(Cl)c3-c3nnn[nH]3)CC[C@H]2CN1,0.0
CCNC(=O)N1CCN(CCCC(c2ccc(F)cc2)c2ccc(F)cc2)CC1,0.0
CSc1ccc2c(c1)N(CCC1CCCCN1C)c1ccccc1S2,1.0
CN1[C@H]2CC[C@@H]1[C@@H](C(=O)O)[C@@H](O)C2,0.0
CCOC(=O)c1c(N)sc2c1CCN(Cc1ccccc1)C2,0.0
C[C@]12CC(O)C3C(CCC4=CC(=O)CC[C@@]43C)C1CCC2C(=O)CC(=O)O,0.0
C=C[C@](C)(O)CC(=O)C=C(C)C,0.0
C[C@]12CC(O)C3C(CCC4=CC(=O)CC[C@@]43C)C1CCC2O,0.0
COCC1OC(OC2C(COC)OC(OC)C(OC)C2OC)C(OC)C(OC)C1OC,0.0
CC(C)C1=CC2=CC3OC(=O)[C@]4(CCCC(C)(C)C34)C2=C(O)C1=O,0.0
NCCc1ccc(O)c(O)c1,1.0
Oc1nc(O)c2nc[nH]c2n1,1.0
CCOC[C@@H]1[C@@H](c2ccc(Cl)c(Cl)c2)C[C@@H]2CC[C@H]1N2C,0.0
COc1ccccc1OCCNCC(O)COc1cccc2[nH]c3ccccc3c12,1.0
O=c1nc(O)c(F)cn1C1CCCO1,1.0
CC1=CC(=O)c2ccccc2C1=O,1.0
CN1CCCC[C@@H]1CCN1c2ccccc2Sc2ccc([S@@](C)=O)cc21,1.0
CC/C=C\COC(=O)CCCCC,0.0
CC1C2C3=CCC4[C@@]5(C)CC(O)C(=O)C(C)(C)C5CC[C@@]4(C)[C@]3(C)CC[C@@]2(C(=O)O)CC[C@]1(C)O,0.0
COC1=C(OC)C(=O)C(C/C=C(\C)CCC=C(C)C)=C(C)C1=O,0.0
CC1(C)OC2CC(=O)OC[C@@]23C1CC(=O)[C@]1(C)C3CC[C@]2(C)C(c3ccoc3)OC(=O)C3O[C@@]321,0.0
CCOP(=S)(OCC)SCCSCC,1.0
CCCCCCCCC/C=C/CCCCC(=O)O,0.0
COc1c(C)c2c(c(O)c1C/C=C(\C)CCC(=O)OCCN1CCOCC1)C(=O)OC2,0.0
Cc1cc(C#N)cc(Oc2ccc(Cc3n[nH]c4nnccc34)cc2Br)c1,0.0
CCCCCCCCCCCCCCC(=O)CC(O)CCCCC,0.0
CC(C)SC(C)C,0.0
CC/C=C/CC1C(CC(=O)O)CCC1OC1OC(CO)C(O)C(O)C1O,0.0
C/C=C/C=C/C#C/C=C\CCCCCCCCC(=O)O,0.0
Nc1ncnc2c1ncn2C1OC(COP(=O)(O)OP(=O)(O)OP(=O)(O)OP(=O)(O)O)C(O)C1O,0.0
C[C@H](N)Cc1cccc(C(F)(F)F)c1,1.0
CC(=C/C=C/C(C)=C/C=C/C=C(C)/C=C/C=C(\C)C=O)/C=C/[C@]12O[C@@]1(C)CC(O)CC2(C)C,0.0
CC(C)C(O)CCC(C)C1CCC2C3CC=C4CC(O)CC[C@]4(C)C3CC[C@]12C,0.0
C=C(CCC(C)C1CCC2C3=CC=C4CC(O)CC[C@]4(C)C3CC[C@@]21C)C(C)C,0.0
COc1cc2c(CCN3CCN(c4cccc(Cl)c4C)CC3)nn(Cc3c[nH]cn3)c2cc1OC,1.0
C[C@]12CCC3c4ccc(O)cc4CCC3C1CC(O)C2O,0.0
C/C=C/C(=O)CCC,0.0
CCOCCO,0.0
O=C(O)c1ccc2cc(C(=O)O)ccc2c1,0.0
O=C(O)C(O)C(O)C(O)CO,0.0
CCCCCCCCCC(=O)OCCc1scnc1C,0.0
CC1CC[C@]2(C(=O)OC3OC(COC4OC(CO)C(OC5OC(C)C(O)C(O)C5O)C(O)C4O)C(O)C(O)C3O)CC[C@]3(C)C(=CCC4[C@@]5(C)CC(O)C(O)[C@@](C)(CO)C5C(O)C[C@]43C)C2C1C,0.0
O=C(O)c1c(O)c(-c2ccccc2)nc2ccccc12,0.0
CC(C)CCC=O,0.0
NC(=O)CCC(NC(=O)CCC(N)C(=O)O)C(=O)O,0.0
c1ccc2c(c1)cc1ccc3cccc4ccc2c1c34,1.0
O=C(OC1OC2COC(=O)c3cc(O)c(O)c(O)c3-c3c(cc(O)c(O)c3O)C(=O)OC(C2O)C1O)c1cc(O)c(O)c(O)c1,0.0
CC(C)C[C@H](NC(=O)[C@H](Cc1ccccc1)NC(=O)c1cnccn1)B(O)O,1.0
O=C1NC(=O)/C(=C/c2ccc3nccnc3c2)S1,0.0
CC(C)C(NC(=O)C(N)CCC(N)=O)C(=O)O,0.0
CCCN(CCC)C(=O)C1=Cc2ccc(-c3ccc(C(=O)N4CCCC4)cc3)cc2N=C(N)C1,0.0
O=C1CCCO1,0.0
CCNc1nc(NC(C)C)nc(SC)n1,1.0
Nc1ccn([C@H]2CC[C@@H](CO)O2)c(=O)n1,0.0
O=C(O)C(=O)C(O)=C(O)O,0.0
CC(=O)[C@@]1(O)CC[C@H]2[C@@H]3CCC4=CC(=O)CCC4=C3[C@@H](c3ccc(N(C)C)cc3)C[C@@]21C,1.0
CCCCCC(=O)CCC1C(O)CC(=O)C1C/C=C\CCCC(=O)O,0.0
CC(C(=O)O)c1ccc(C(=O)c2cccs2)cc1,0.0
C=CCCCCCCCCCCCC(CC(O)CO)OC(C)=O,0.0
CNCc1ccc(-c2cccnc2)o1,0.0
CN1CC2c3ccccc3Oc3ccc(Cl)cc3C2C1,1.0
CC(=O)Nc1ccc(C(=O)Nc2ccccc2N)cc1,0.0
CC(C)C(N)C(=O)N1CCCC1C(=O)NCC(=O)N1CCCC1C(=O)NC(CCCN=C(N)N)C(=O)O,0.0
COc1ccc2c3c1O[C@H]1C(=O)CC[C@@]4(O)[C@@H](C2)N(C)CC[C@]314,1.0
O=C(CN1C(=O)[C@@H](NC(=O)c2cc3cc(Cl)sc3[nH]2)Cc2ccccc21)NCCO,0.0
CC(O)C(O)C1CNc2[nH]c(N)nc(=O)c2N1,0.0
OC[C@H]1O[C@@H](O[C@@H]2[C@@H](CO)N=C(O)[C@H](O)[C@H]2O)[C@H](O)[C@@H](O)[C@@H]1O,0.0
O=C(O)[C@@H](O)Cc1c[nH]c2ccccc12,0.0
CCCCC[C@H](O)/C=C/[C@H]1[C@H](O)C[C@H](O)[C@@H]1C/C=C\CCCC(=O)O,0.0
c1ccc2c(c1)ccc1nc3ccc4ccccc4c3cc12,1.0
NC(=O)c1c(Cl)c(-c2cccnc2)n2c1CCCC2,1.0
Nc1ccn(C2OC(CO)C(O)C2OP(=O)(O)O)c(=O)n1,0.0
CCCn1cnc(C[C@H](CCCN)C(=O)O)c1,0.0
C=CC/C=C/C/C=C/CCCCCCCC(=O)[C@@]1(O)OC(=O)C=C1OC,0.0
CC1OC(OC2CC[C@]3(C=O)C4C(O)C[C@]5(C)C(C6=CC(=O)OC6)CC[C@@]5(O)C4CC[C@@]3(O)C2)C(O)C(O)C1O,0.0
O=C1c2ccccc2-c2n[nH]c3cccc1c23,0.0
CCCCCC(=O)CC(=O)SCCNC(=O)CCNC(=O)C(O)C(C)(C)COP(=O)(O)OP(=O)(O)OCC1OC(n2cnc3c(N)ncnc32)C(O)C1OP(=O)(O)O,0.0
CCCCCCCCCCCCCCCC(=O)OC1CC[C@@]2(C)C(=CCC3C2CC[C@]2(C)C(C(C)CCCC(C)C)CCC32)C1,0.0
O=C(O)CC1NC(=O)C(Cc2ccccc2)NC1=O,0.0
C/C(=C\CCC(C)C1CC[C@@]2(C)C3=C(CC[C@@]12C)[C@@]1(C)CCC(O)C(C)(C)C1CC3O)C(=O)O,0.0
C[C@]12CCC3C(CCC4C=CCC[C@@]43C)C1CCC2=O,0.0
CC1=CCCC(=C(C)C)C1,0.0
Cn1cnc2c(O)nc(=N)[nH]c21,1.0
O=C(O)CC(=O)OCC1OC(Oc2cc3c(O)cc(O)cc3[o+]c2-c2cc(O)c(O)c(O)c2)C(O)C(O)C1O,0.0
N[C@@H](CC(=O)N1CCCCCN1C(=O)c1ccccc1)Cc1cc(F)c(F)cc1F,0.0
Clc1nc(Br)[nH]c2ncnc1-2,0.0
O=P(O)(O)OC1C(OP(=O)(O)O)C(OP(=O)(O)O)C(OP(=O)(O)OP(=O)(O)O)C(OP(=O)(O)OP(=O)(O)O)C1OP(=O)(O)O,0.0
CCCCCCC/C=C\C(=O)SCCNC(C)=O,0.0
Cc1cc2ncccc2c2nc(N)n(C)c12,1.0
O=C1OC2(c3ccc(OCc4ccccc4)cc3Oc3cc(OCc4ccccc4)ccc32)c2ccccc21,1.0
COc1ccc([C@@H](c2ccc(O)cc2)C(Cl)(Cl)Cl)cc1,1.0
N=C(N)c1ccc2cc(C(=O)Nc3cccc(OC4CCCC4)c3)ccc2c1,0.0
COC(=O)C1=C(C)NC(C)=C(C(=O)OC)C1c1ccccc1[N+](=O)[O-],1.0
COC1OC(CO)C(OC2OC(CO)C(OC)C(O)C2O)C(O)C1O,0.0
C=C1C2CCC(C2)[C@@]1(C)CCC=C(C)C,0.0
CCCCC/C=C\C/C=C\CC(O)C(O)C/C=C\CCCC(=O)O,0.0
CC[N+](C)(CC)CCc1c(C(F)(F)F)c2ccc(OC)cc2oc1=O,1.0
CC1=C(/C=C/C(C)=C/C=C/C(C)=C/C=C/C=C(C)/C=C/C=C(C)/C=C/C=C(\C)CCC2OC2(C)C)C(C)(C)CCC1,0.0
COc1ccc(CCN(C)CCC[C@](C#N)(c2ccc(OC)c(OC)c2)C(C)C)cc1OC,1.0
O=[N+]([O-])c1ccc2ccc3cccc4ccc1c2c34,1.0
CCN(CC)CC(O)=Nc1c(C)cccc1C,1.0
CC(=O)OCCC(C)CCC=C(C)C,0.0
O=C1OCC(O)C(O)C1O,0.0
O=C1CC(C(=O)O)NC(=O)N1,0.0
COC(=O)c1cccs1,0.0
C=C(/C=C\C=O)CCCCCCCCCC,0.0
C=CCN(C)C/C=C/COc1cc2c(cc1F)c(-c1ccc(Br)cc1)nn2C,0.0
CCCCCCCCCC(O)CCCCC(O)C1CCC(C(O)CCCCC(=O)CCCCCC(O)CC2=CC(C)OC2=O)O1,0.0
COc1ccc2nc3ccc(=O)cc-3oc2c1,1.0
CCOC1OC(C(=O)O)C(O)C(O)C1O,0.0
O=C(O)c1ccc[nH]1,0.0
CN(C)C[C@@H](O)COc1ccc(Nc2cc(Nc3c(F)cccc3F)ncn2)cc1,0.0
CC(C)[C@H](NC(=O)Cc1c[nH]c2ccccc12)C(=O)O,0.0
Clc1cncc(N2CCNCC2)n1,0.0
C=C(C)CCCC(C)CCOC(=O)C(C)C,0.0
CCCCC/C=C\CC1OC1C(O)/C=C\C/C=C\CCCC(=O)O,0.0
OCC(O)C(O)C(O)CO,0.0
CCCCC[C@@](C)(O)/C=C/[C@H]1[C@H](O)C[C@H](O)[C@@H]1CC=C=CCCC(=O)OC,0.0
CC(=O)CCCCn1c(=O)c2c(ncn2C)n(C)c1=O,1.0
Nc1nc(=O)n([C@H]2C[C@H](O)[C@@H](CO)O2)cc1Cl,0.0
Cn1cc(CCO)c2c3c(c(-c4ccccc4Cl)cc21)C(=O)NC3=O,0.0
CC1CCC(C(C)C)CC1,0.0
CC(C)C(C)/C=C/C(C)C1CCC2C3=CC(O)C4=CC(=O)CC[C@@]4(C)C3CC[C@]21C,0.0
COc1ccc(C(c2ccc(OC)cc2)C(Cl)(Cl)Cl)cc1,1.0
CSCCC(N)C(=O)NC(CCC(N)=O)C(=O)O,0.0
COc1cc2ncnc(Nc3ccc(F)c(Cl)c3)c2cc1N=C(O)/C=C/CN1CCCCC1,0.0
CCCCCCCCC1CC(C(=O)O)C(=O)O1,0.0
C=C[C@](C)(O)CC[C@]1(C)C(C)CC[C@]2(C)C(C)=CCCC21,0.0
O=C(c1ccc2nccnc2c1)N1CCCCC1,0.0
CC1CC[C@]2(OC1)OC1CC3C4CCC5CC(OC6OC(CO)C(O)C(O)C6OC6OC(CO)C(O)C(O)C6O)C(O)C[C@]5(C)C4CC[C@]3(C)C1C2C,0.0
CCCCN1CCCC[C@H]1C(=O)Nc1c(C)cccc1C,1.0
CC(C)=CCC/C(C)=C/CO,0.0
NC(=O)C1=CN(C2OC(COP(=O)(O)OP(=O)(O)OCC3OC(n4cnc5c(N)ncnc54)C(O)C3O)C(O)C2O)C=CC1,0.0
CC1(C)CC(O)[C@]2(C)CC[C@]3(C)C(=CCC4[C@@]5(C)CCC(OC6OC(C(=O)O)C(O)C(O)C6OC6OC(CO)C(O)C(O)C6O)C(C)(C)C5CC[C@]43C)C2C1,0.0
O=P(O)(O)OCC(O)C(O)C(O)C(O)CO,0.0
COc1ccc2c(C(F)(F)F)cc(=O)oc2c1,1.0
O=C(/C=C/c1ccc(O)c(O)c1)OC1C[C@@](O)(C(=O)O)CC(O)C1OC(=O)/C=C/c1ccc(O)c(O)c1,0.0
COc1ccc(-c2cc(=O)c3c(O)c(OC)c(O)cc3o2)cc1OC,1.0
NCCCC(=O)Nc1ccc(OCc2ccccc2)cc1,0.0
CCCCCC(=O)/C=C/C1C(O)CC(=O)C1C/C=C\CCCC(=O)O,0.0
CN(C)CCO,1.0
CC1=CC(=C(C)C)CCC1,0.0
Oc1c(Cl)cc(Cl)c(Cl)c1Cc1c(O)c(Cl)cc(Cl)c1Cl,0.0
Clc1ccc(CO[C@H](Cn2ccnc2)c2ccc(Cl)cc2Cl)cc1,0.0
BrC(Br)Br,0.0
NC(Cc1c[nH]c2ccccc12)C(=O)NC(Cc1ccc(O)cc1)C(=O)O,0.0
CN(C)CCc1c[nH]c2ccc(CC3COC(=O)N3)cc12,1.0
c1ccc2c(CCC3CCNCC3)c[nH]c2c1,0.0
CN(C)c1ccc(C(=O)NCCCCCCC(O)=NO)cc1,0.0
C[C@@]12C(=O)C=CC=C1C(O)CC1C2CC[C@@]2(O)C(=O)O[C@@]3(C)C4C[C@]5(C)C(CO[C@@]16O[C@]23C5C6=O)C(=O)O4,0.0
CCOC(=O)Nc1ccc2c(c1)N(C(=O)CCN1CCOCC1)c1ccccc1S2,0.0
C[C@]12CCC3c4cc(O)c(O)cc4CCC3C1CCC2=O,0.0
OC[C@H](O)C(O)[C@H](O)CO,0.0
CC(=O)OC(C)(C)/C=C/C(=O)[C@](C)(O)C1C(O)C[C@]2(C)C3CC=C4C(CCC(O)C4(C)C)[C@@]3(CO)C(=O)C[C@]12C,0.0
C=C[C@@]1(C)CCC2=C(CCC3[C@@](C)(C(=O)O)CCC[C@@]23C)C1,0.0
CC(C)OP(=O)(O)O,0.0
Cc1ccc(Nc2nccc(N(C)c3ccc4c(C)n(C)nc4c3)n2)cc1S(N)(=O)=O,1.0
COc1cc(C)c2ccc(O)c(C(=O)OC3[C@@H](O)C=C[C@H]3O)c2c1,0.0
Cc1nc2c([nH]1)c(=O)n(C)c(=O)n2Cc1ccco1,1.0
NC(=O)c1ccc2c(c1O)[C@]13CCN(CC4CC4)[C@H](C2)[C@]1(O)CCC(=O)C3,0.0
CC(C)=CCCC(C)CCO,0.0
COc1cc2c(cc1OC)[C@@H]1CC(=O)[C@@H](CC(C)C)CN1CC2,1.0
NS(=O)(=O)c1ccc(F)cc1,0.0
COC(=S)NCc1ccc(OC2OC(C)C(O)C(O)C2O)cc1,0.0
C=C/C(C)=C/CC=C(C)C,0.0
CCC(C)C(NC(=O)C(N)Cc1ccc(O)cc1)C(=O)O,0.0
O=C1OC(CO)C(O)C(O)C1O,0.0
COc1ccc2c(C(=O)c3cc(OC)c(OC)c(OC)c3)c[nH]c2c1,1.0
CC1=C(/C=C/C(C)=C/C=C/C(C)=C/C=C/C=C(C)/C=C/C=C(\C)C2C=C3C(C)(C)CCC[C@]3(C)O2)C(C)(C)CCC1,0.0
C(=C/c1ccccc1)\c1ccccc1,1.0
Cc1nccn1C[C@@H]1CCc2c(c3ccccc3n2C)C1=O,1.0
Cc1c(OC2OC(CO)C(O)C(O)C2O)cc(C(C)C)cc1OC1OC(CO)C(O)C(O)C1O,0.0
Clc1cccc(Cl)c1NC1=NCCN1,1.0
NCCCCC(N)C(=O)NC(CS)C(=O)O,0.0
O=C(/C=C/c1ccc(O)c(O)c1)OC1C[C@]2(O)CC(OC2=O)C1OC(=O)/C=C/c1ccc(O)c(O)c1,0.0
N[C@H](Cc1ccccc1)C(=O)N1CCC[C@H]1C(=O)NCc1cccc(F)c1,0.0
O=S(=O)(NCCC(F)(F)F)c1ccc2c(c1)CN[C@@H](CF)C2,0.0
Cc1ccc(C)cc1,1.0
Cn1c(=O)c2nc(Br)[nH]c2n(C)c1=O,1.0
Cc1ccccc1,1.0
C=C(C)CNc1ccc(C(C)C(=O)O)cc1,0.0
C[C@@H]1Cc2c(Cl)cc(C(=O)N[C@@H](Cc3ccccc3)C(=O)O)c(O)c2C(=O)O1,1.0
O=C(O)C1CCCN1,0.0
COc1cc(CC(=O)C(=O)O)ccc1O,0.0
Cc1ccc(Nc2nccc(-c3ccnc(N4CCN(CCN)CC4)c3)n2)cc1Cl,0.0
C=C(CO)C1CC[C@]2(C)CC[C@]3(C)C(=CCC4[C@]5(C)C=CC(=O)C(C)(C)C5CC[C@]43C)C12,0.0
CCC(C)C(NC(=O)C(CCCNC(=N)N)NC(=O)C(N)CCCNC(=N)N)C(=O)O,0.0
O=P(O)(O)C(O)(Cc1cccc(-c2cccc3c2oc2ccccc23)c1)P(=O)(O)O,0.0
CCCCCC(=O)CCC1C(O)CC(O)C1C/C=C\CCCC(=O)O,0.0
Cc1cn([C@@H]2C[C@@H](O)[C@H](CO)O2)c(=O)[nH]c1=O,0.0
CC(C)/N=C(N)/N=C(\N)NOCCCOc1ccc(OC(F)(F)F)cc1Cl,1.0
CCCCCCCCCCS,0.0
CCCCC/C=C\C/C=C\CCCCCCCC(=O)OCC1COP(=O)(O)O1,0.0
C=C[C@]1(C)CCC(C(C)C)C(=O)C1C(=C)C,0.0
COC(=O)CC[C@@H]1N=C(c2ccccn2)c2cc(Br)ccc2-n2c(C)cnc21,0.0
CCC(C)C(N)C(=O)NC(CCC(=O)O)C(=O)O,0.0
c1ccc2c(c1)-c1nccc3ccnc-2c13,0.0
C=C(C)C1CCC(C)[C@]23CCC(C)[C@@]2(C1)O3,0.0
NCCCCCCN,0.0
O=C(O)COc1c(C(=O)O)sc2ncccc12,0.0
ClC=C(Cl)Cl,1.0
CN(C)CCc1c[nH]c2ccc(C[C@H]3COC(=O)N3)cc12,1.0
CO[C@@]1(NC(=O)Cc2cccs2)C(=O)N2C(C(=O)O)=C(COC(N)=O)CS[C@@H]21,0.0
C#Cc1cccc(Nc2ncnc3cc4c(cc23)OCCOCCOCCO4)c1,1.0
CC1OC(OC(C(O)C=O)C(O)C(O)CO)C(O)C(O)C1O,0.0
C[C@]12CC[C@@H](O)C[C@@H]1CC[C@@H]1[C@@H]2CC[C@@]2(C)[C@H]1CC[C@]2(C)O,0.0
CCCC(C)C(=O)OC,0.0
COc1cc2c(c3oc(=O)c4c(c13)CCC4=O)C1C=COC1O2,1.0
CC[C@@H](CO)NCCN[C@@H](CC)CO,0.0
C[C@@H](C#Cc1ccc(Cc2ccccc2)s1)N(O)C(N)=O,1.0
CCCCCCCCCCC(O)C1CCC(COCCCCCCCCCCCCCCCCC2=CC(C)OC2=O)O1,0.0
COc1cc(/C=C/C(=O)OC[C@@]2(O)COC(OC3C(Oc4ccc(C5CC(=O)c6ccc(O)cc6O5)cc4)OC(CO)C(O)C3O)C2O)ccc1O,0.0
O=c1cc(-c2ccc(O)c(O)c2)oc2cc(O)c(C3OC(CO)C(O)C(O)C3OC3OC(CO)C(O)C(O)C3O)c(O)c12,0.0
CO[C@]1(CCC(C)COC2OC(CO)C(O)C(O)C2O)OC2CC3C4CC(OC5OC(C)C(O)C(OC6OCC(O)C(O)C6O)C5O)C5CC(=O)CC[C@]5(C)C4CC[C@]3(C)C2C1C,0.0
Nc1nc2c(ncn2C2OC3COP(=O)(O)OC3C2O)c(=O)[nH]1,0.0
Cc1cc(C)c(Nc2ccnc(Nc3ccc(C#N)cc3)n2)c(C)c1,0.0
CNC(=O)Oc1cccc2ccccc12,1.0
CC/C(=C(\c1ccccc1)c1ccc(OCCN(C)C)cc1)c1ccccc1,1.0
CCCCCCCCCCCCC/C=C/C(O)C(COC1OC(CO)C(O)C(OS(=O)(=O)O)C1O)NC(=O)CCCCCCCCCCCCC,0.0
CO[C@H]1/C=C/O[C@@]2(C)Oc3c(C)c(O)c4c(O)c(c(/C=N/N5CCN(C)CC5)c(O)c4c3C2=O)N=C(O)/C(C)=C\C=C\[C@H](C)[C@H](O)[C@@H](C)[C@@H](O)[C@@H](C)[C@H](OC(C)=O)[C@@H]1C,1.0
CC(=O)N(C)c1cccc(-c2ccnc3c(C(=O)c4cccs4)cnn23)c1,1.0
COc1cc(C2OCC(Cc3ccc4c(c3)OCO4)C2CO)ccc1O,0.0
CCCSP(=S)(OCC)Oc1ccc(SC)cc1,1.0
C[C@H](c1cc2ccccc2s1)N(O)C(N)=O,1.0
CCOC(=O)CCc1ccco1,0.0
O=C(O)C1Cc2[nH]cnc2CN1,0.0
COc1cc2c(CC/N=C(\C)O)c[nH]c2cc1OS(=O)(=O)O,0.0
CN1CC[C@]23c4c5ccc(O)c4OC2C(=O)C=CC3C1C5,0.0
CC/C=C\C=C\C=C\CCCCCCCCCC(=O)O,0.0
COc1ccc(N2CCc3c(NCCO)nc4c(OC(F)(F)F)cccc4c32)c(C)c1,1.0
N=C(N)NCCCCNC(=O)/C=C\c1cc(O)c2c(c1)C(C(=O)NCCCCNC(=N)N)C(c1ccc(O)cc1)O2,0.0
C/C=C/c1ccccc1,1.0
Oc1ccc2c(c1)OC(c1ccc(O)c(O)c1)C(O)C2c1c(O)c2c(c(C3c4ccc(O)cc4OC(c4ccc(O)c(O)c4)C3O)c1O)OC(c1ccc(O)c(O)c1)C(O)C2,0.0
COc1ccccc1O,0.0
O=S(=O)(O)NC1CCCCC1,0.0
CC(=O)[C@@]1(O)OCC(O)C1O,0.0
O=[P@]1(N(CCCl)CCCl)NCCCO1,1.0
CCC[C@@H](C)C[C@H](N)CC(=O)O,0.0
CCCCCCCCCCCCCCCCC(=O)OC(CC(=O)[O-])C[N+](C)(C)C,0.0
COc1ccc2nc(S(=O)Cc3ncc(C)c(OC)c3C)[nH]c2c1,1.0
CC(CC[C@]1(O)OC2CC3C4CCC5=CC(OC6OC(CO)C(O)C(O)C6OC6OC(C)C(O)C(O)C6O)CC[C@]5(C)C4CC[C@]3(C)C2C1C)COC1OC(CO)C(O)C(O)C1O,0.0
N=C(N)NCCCC(NC(=O)C1CCCN1)C(=O)O,0.0
CC(O)CCCCO,0.0
OC1C(O)C(O)C(O)C(O)C1O,0.0
Nc1cc2nc3ccccc3oc-2cc1=O,0.0
CC1=C(/C=C/C(C)=C/C=C\C(C)=C\CO)C(C)(C)CCC1,0.0
Oc1ccc2c3c1OC1C(O)C=CC4C(C2)NCC[C@]341,0.0
COc1ccc2cc(CCC(C)=NO)ccc2c1,1.0
NC(N)=NCCN1CCCCCCC1,0.0
CC(=O)NC1C(OP(=O)(O)OP(=O)(O)OCC2OC(n3ccc(=O)[nH]c3=O)C(O)C2O)OC(CO)C(O)C1OC(C)C(=O)O,0.0
NC(=O)NC(=O)Cc1ccccc1,0.0
CCc1cc2c(s1)N(C)C(=O)CN=C2c1ccccc1Cl,1.0
CO[Si](C)(C)O[Si](C)(C)C,0.0
CCCCC/C=C\CC(O)/C=C/C=C/C=C\C(O)CCCC(=O)O,0.0
O=C(O)CNCC(=O)O,0.0
O=P(O)(O)OP(=O)(O)OP(=O)(O)OCC1OC(n2cnc3c(O)ncnc32)C(O)C1O,0.0
CCCCCCCCCC(=O)C/N=C/c1c(COP(=O)(O)O)cnc(C)c1O,0.0
COc1ccc(-c2cc(=O)c3c(OC)cc(OC)cc3o2)cc1,0.0
FC(F)(F)C(F)(F)C(F)(F)F,0.0
C=C1CCC2C(C)(C)CCC[C@]2(C)C1CC/C(C)=C\C(=O)O,0.0
C=C(C(=O)O)C1CC[C@]2(C)C=CC(=O)C(C)=C2C1,0.0
C/C(=C/CO)C1CCC(C)(C)O1,0.0
C=C(CCC)C(N)C(=O)O,0.0
C[C@@H](Nc1cc(-c2nc([S@@](C)=O)[nH]c2-c2ccc(F)cc2)ccn1)c1ccccc1,1.0
FC(F)(F)c1cccc(N2CCNCC2)c1,1.0
COc1ccc(CCN(C)CCCC(C#N)(c2ccc(OC)c(OC)c2)C(C)C)cc1OC,1.0
CC1CCC(C(C)C)[C@@]2(C1)OCC(CO)O2,0.0
CN(C)/N=N/c1nc[nH]c1C(N)=O,1.0
C=C(CC)C(=O)COC,0.0
CC1CC[C@@]2(C(=O)OC3OC(CO)C(O)C(O)C3O)CC[C@@]3(C)C(=CCC4[C@]3(C)CCC3[C@@](C)(CO)C(OC5OC(C(=O)O)C(O)C(O)C5O)CC[C@@]34C)C2C1C,0.0
O=C(O)CC(=O)O,0.0
C=CC(C)(C)c1cc(O)c2oc3c(CC=C(C)C)c(O)c(O)c(CCC(C)(C)O)c3c(=O)c2c1O,0.0
CC(O)C(NC(=O)CN)C(=O)O,0.0
C=C/C=C\C=O,0.0
COC(=O)c1cc(OC)c2c(c1-c1c(C(=O)OC)cc(OC)c3c1OCO3)OCO2,1.0
O=C1c2cccc3c2[C@H](CCC3)CN1[C@@H]1CN2CCC1CC2,1.0
C=C(C)[C@@H]1CC[C@@]2(C)O[C@H]2C1,0.0
C#C[C@]1(O)CC[C@H]2[C@@H]3CCc4cc(O)ccc4[C@H]3CC[C@@]21C,1.0
Cc1nccn1CC1CCc2c(c3ccccc3n2C)C1=O,1.0
CC(=O)C[C@@H](c1ccc([N+](=O)[O-])cc1)c1c(O)c2ccccc2oc1=O,1.0
COc1ccc2ccc(=O)oc2c1,1.0
O=C(O)CC[C@H](NC(=O)N[C@@H](CSCc1ccc(F)cc1)C(=O)O)C(=O)O,0.0
OC1=Nc2cc(Cl)c(CCN3CCN(c4nsc5ccccc45)CC3)cc2C1,1.0
CC1=C(/C=C/C(C)=C/C=C/C(C)=C/CO)C(C)(C)CCC1,1.0
CC(O)CC(=O)O,0.0
CC(c1cc2ccccc2s1)N(O)C(N)=O,1.0
CCC(C)C(NC(=O)C(N)CC(=O)O)C(=O)O,0.0
COc1ccccc1OCCNC[C@H](O)COc1cccc2[nH]c3ccccc3c12,1.0
CC1=CC(c2c(O)ccc(C(=O)/C=C/c3ccc(O)cc3O)c2O)C(C(=O)c2ccc(O)c(/C=C/C(C)C)c2O)C(c2ccc(O)cc2O)C1,0.0
CC(C)CCCC(C)C1CCC2C3C=CC4=CC(=O)CC[C@]4(C)C3CC[C@]12C,0.0
OCCN1CC(O)C(O)C(O)C1CO,0.0
OCC1OC(n2cnc3c(O)nc(O)nc32)C(O)C1O,0.0
COCCCC/C(=N\OCCN)c1ccc(C(F)(F)F)cc1,1.0
O=C(NCc1ccccc1)c1cc(-c2n[nH]cc2-c2cccc(Cl)c2)c[nH]1,0.0
CCCCCC/C=C\CCCCCCCCCCCC(=O)O,0.0
CC1(C)CC2C1CC[C@](C)(O)C1CC[C@@]21C,0.0
O=P(O)(O)C(O)(Cn1ccnc1)P(=O)(O)O,0.0
O=C(O)c1ccc(C(=O)O)o1,0.0
Cc1nnc(-c2ccc(-c3cc(C(=O)NC4CC4)ccc3C)c(C)c2)o1,0.0
CCOCCOCCOCCOCCOCCOCCOCCOCCO,0.0
COc1ccc(NC(C)=O)cc1,1.0
O=Cc1cc2c(cc1O)[nH]c1ccccc12,0.0
C[C@@H](O)[C@H]1C(=O)N2C(C(=O)O)=C(S[C@@H]3CN[C@H](C(=O)N(C)C)C3)[C@H](C)[C@H]12,0.0
CCNc1nc(Cl)nc(NC(C)C)n1,1.0
Cn1c(=O)c2nc(Cl)[nH]c2n(C)c1=O,1.0
C=C1CCC(C(C)C)C2C=C(C)CCC12,0.0
Cc1cc(C(C)(C)C)cc(C)c1CC1=NCCN1,0.0
CC1(C)[C@@H](C=C(Br)Br)[C@H]1C(=O)O[C@H](C#N)c1cccc(Oc2ccccc2)c1,1.0
CCCN(CCC)CCc1cccc2c1CC(O)=N2,1.0
CC/C=C\C/C=C\C/C=C\CCCCCCCC(=O)NCCO,0.0
COc1ccc2c(c1)[nH]c1c(C)nccc12,1.0
CCCCCNC(=N)N/N=C/c1c[nH]c2ccc(OC)cc12,1.0
CC(C)=CCc1cc(CC(O)C(=O)c2cc(CC=C(C)C)c(O)cc2O)ccc1O,0.0
C/C(=C/C=C/C(C)=C/C=C\C=C(C)\C=C/C=C(/C)C1C=C2C(C)(C)CCC[C@@]2(C)O1)C1C=C2C(C)(C)CCC[C@]2(C)O1,0.0
COc1ccc(-c2oc3cc(O)cc(O)c3c(=O)c2O)cc1,1.0
CC[C@@H](C(=O)c1ccc(C)cc1)N1CCCC1,1.0
NC(Cc1ccc(O)cc1)C(=O)O,0.0
N=C(N)c1ccc2nc(-c3cc([C@@H](CC(=O)O)C(=O)O)cc(Br)c3O)[nH]c2c1,0.0
CC(=O)[C@H]1CC[C@H]2[C@@H]3CCC4=CC(=O)CC[C@]4(C)[C@H]3CC[C@]12C,1.0
COc1cc(/C=C/C(=O)OC2C[C@]3(C)C(CC[C@@]4(C)C3CC=C3C5C(C)C(C)CC[C@@]5(C(=O)O)CC[C@@]34C)C(C)(C)C2O)ccc1O,0.0
CC(Oc1ccccc1)C(=O)N[C@@H]1C(=O)N2[C@@H](C(=O)O)C(C)(C)S[C@H]12,0.0
CCCCCCCCCCCCCCCCCC(=O)NCCO,0.0
Nc1ccc2nc(N)nc(O)c2c1,0.0
COc1cc(CN=C(O)CCCC/C=C/C(C)C)ccc1O,1.0
CN(CC(=O)O)C(=N)NP(=O)(O)O,0.0
CC(=O)C(=O)O,0.0
Cc1ccc(O)cc1,1.0
COc1ccc2cc(C(C)C(=O)O)ccc2c1,1.0
C[C@@H](N)[C@@H](O)c1ccccc1,0.0
O=S(=O)(c1ccc2c(c1)CN[C@@H](CF)C2)N1CCSCC1,0.0
Cc1cccc(N(C)C(=S)Oc2ccc3ccccc3c2)c1,0.0
COc1ccc2cc(C#N)c(=O)oc2c1,1.0
O=C(O)CCCC/C=C\CC(=O)CC/C=C/C=C\C(O)CCCC(=O)O,0.0
COCCCCC(=NOCCN)c1ccc(C(F)(F)F)cc1,1.0
CC#Cc1ccc(/C=C\C(=O)OC)s1,0.0
O=P(O)(O)OCC1OC(OP(=O)(O)O)C(O)C1O,0.0
O=C(CO)C(O)C(O)C(O)COP(=O)(O)O,0.0
CC(N)(Cc1ccc(O)c(O)c1)C(=O)O,1.0
CCCCC(CC=O)SC,0.0
O=C1c2ccccc2C(=O)N1CCOC(=S)Nc1ccc(Br)cc1,0.0
C[C@]12CCC(O)CC1=CCC1C2C(O)C[C@]2(C)C1CC[C@]2(O)C(=O)CO,0.0
CC12CCC3c4ccc(O)cc4CCC3C1CCC2O,1.0
COc1cc(Nc2ncc(F)c(Nc3ccc4c(n3)NC(=O)C(C)(C)O4)n2)cc(OC)c1OC,0.0
CC1CC(C)(C)CC1=O,0.0
CCCCCCCCCCCCC#CCCCC(=O)O,0.0
O=C(O)CCc1c2[nH]c(c1CC(=O)O)Cc1[nH]c(c(CC(=O)O)c1CCC(=O)O)Cc1[nH]c(c(CC(=O)O)c1CCC(=O)O)Cc1[nH]c(c(CC(=O)O)c1CCC(=O)O)C2,1.0
Cc1ccc(N2CCNCC2)c(S(=O)(=O)O)c1,0.0
CN[C@H](C)Cc1ccc2c(c1)OCO2,1.0
CCC(C)C(=O)OC1CC2CC[C@@]1(C)C2(C)C,0.0
Cc1ncc(CSSCc2cnc(C)c(O)c2CO)c(CO)c1O,0.0
CN1CCN2c3ncccc3Cc3ccccc3C2C1,1.0
Cc1cc(Nc2ccc(S(F)(F)(F)(F)F)cc2)n2nc(C(C)(F)F)nc2n1,0.0
C[N+](C)(C)CCCCC(N)C(=O)[O-],0.0
C[C@@H]1O[C@@H](O)[C@@H](O)[C@H](O)[C@@H]1O,0.0
NC1CCCCC1N,1.0
O=c1[nH]c(=O)c2ncn(C3OC(COP(=O)(O)OP(=O)(O)OP(=O)(O)OP(=O)(O)OCC4OC(n5cnc6c(=O)[nH]c(=O)[nH]c65)C(O)C4O)C(O)C3O)c2[nH]1,0.0
CCCCCCCCC,1.0
OCC(O)C(O)CO,0.0
CC(=O)CC(c1ccc([N+](=O)[O-])cc1)c1c(O)c2ccccc2oc1=O,1.0
C[C@H]1Cc2ccccc2N1NC(=O)c1ccc(Cl)c(S(N)(=O)=O)c1,0.0
CN[C@H]1CC[C@@H](c2ccc(Cl)c(Cl)c2)c2ccccc21,1.0
COC1=CC(=O)c2c(c(COc3ccccc3)c(C)n2C)C1=O,0.0
Cc1nnc(C(=O)NC(C)(C)c2nc(C(=O)NCc3ccc(F)cc3)c(O)c(=O)n2C)o1,0.0
C=C1C[C@@]23CCC4[C@](C)(C(=O)OC5OC(CO)C(O)C(O)C5O)CCC[C@]4(C)C2CC[C@]1(OC1OC(CO)C(O)C(OC2OC(CO)C(O)C(O)C2O)C1OC1OC(CO)C(O)C(O)C1O)C3,0.0
CNS(=O)(=O)Cc1ccc(N/N=C2\C(=O)Nc3ccc4ncsc4c32)cc1,0.0
CC1C(O)CC2CC1C2(C)C,0.0
O=c1c(OC2OC(CO)C(O)C2O)c(-c2ccc(O)c(O)c2)oc2cc(O)cc(O)c12,0.0
CC(=O)OC1C[C@]2(C)C(CCC(O)[C@@]2(C)O)[C@](C=O)(CC(O)c2ccoc2)C1C,0.0
CC(CN(C)C)CN1c2ccccc2Sc2ccc(C#N)cc21,1.0
CCCOCCOCCOCCCNc1c(N)c(=O)c1=O,0.0
CC/C=C/C/C=C/C/C=C/C/C=C/C/C=C/C/C=C/CCC(=O)OC(CC(=O)[O-])C[N+](C)(C)C,0.0
O=[S@@](Cc1cc(OCC2CC2)ccn1)c1nc2cc(F)ccc2[nH]1,1.0
COC(=O)c1ccc(O)c(OC)c1,0.0
Cc1cc(=O)oc2cc(N)ccc12,0.0
Oc1ccc(-n2ccnc2)cc1,0.0
COCC(=O)NC/C=C/c1ccc2ncnc(Nc3ccc(Oc4ccc(C)nc4)c(C)c3)c2c1,0.0
O=c1[nH]c(=O)n([C@@H]2CCCO2)cc1F,1.0
Nc1ccn(C2OC(CO)C3OP(=O)(O)OC32)c(=O)n1,0.0
C=C1C(OC(=O)/C=C(\C)CC)C=C(C(C)C)C2/C(=C/C)C(=O)OCC12,0.0
COc1ccc(C2CC(=O)c3c(O)cc(O)cc3O2)cc1O,1.0
CC(C)[C@H](CO)Nc1nc(Nc2ccc(C(=O)O)c(Cl)c2)c2ncn(C(C)C)c2n1,0.0
CNc1nc(-c2cccc(NC(=O)c3ccc(C(=O)OC)cc3)c2)c2cc(OC)c(OC)cc2n1,0.0
C=C1COC(=O)[C@@]12C[C@]1(C)C(C)CCC(OC(=O)/C=C/SC)C1C2OC(C)=O,0.0
C=C1C[C@@]23C[C@]1(OC1OC(CO)C(O)C(O)C1O)CCC2[C@]12CCC[C@](C)(C(=O)O1)C2C3C(=O)O,0.0
CC1(C)CC[C@@]2(C(=O)O)CC[C@@]3(C)C(=CCC4[C@@]5(C)CCC(OC6OC(CO)C(O)C(OC7OC(CO)C(O)C(O)C7O)C6OC6OC(CO)C(O)C(O)C6O)C(C)(C)C5CC[C@]43C)C2C1,0.0
CN1C(=O)CC(=O)N(c2ccccc2)c2cc(Cl)ccc21,1.0
Oc1ccc2c(cc3ccc4cccc5ccc2c3c45)c1O,1.0
CCCCCCC[N+](=O)O,0.0
c1ncc2[nH]cnc2n1,0.0
CC(C)(O)/C=C/C[C@](C)(O)C1C(=O)C[C@]2(COC3OC(COC4OCC(O)C(O)C4O)C(O)C(O)C3O)C1CCC1[C@@]3(C)CCC(OC4OCC(O)C(O)C4O)C(C)(C)C3CC[C@]12C,0.0
Cn1ncc(Cl)c1-c1cc(C(=O)N[C@H](CN)Cc2ccc(F)c(F)c2)oc1Cl,0.0
c1ccc(COCc2ccccc2)cc1,0.0
O=C(/C=C/c1ccccc1)c1cc(O)ccc1O,0.0
CCCCCCC(N)C(=O)O,0.0
COc1ccc(CCO[C@@H]2CCCC[C@H]2N2CC[C@@H](O)C2)cc1OC,0.0
Cc1nc2sccn2c(=O)c1CCN1CCC(=C(c2ccc(F)cc2)c2ccc(F)cc2)CC1,0.0
Cn1c(=O)c2c(ncn2CC(O)CO)n(C)c1=O,0.0
CC(C)(/C=C/C[C@@](C)(OC1OC(CO)C(O)C(O)C1O)C1CC[C@@]2(C)C1C(O)CC1[C@]3(C)CCC(O)C(C)(C)C3C(O)C[C@@]12C)OO,0.0
CCC(O)C1CC(C)[C@]2(CC(=O)[C@@]3(C)C4=C(CC[C@]32C)[C@@]2(C)CCC(=O)[C@](C)(CO)C2CC4)O1,0.0
CC(C)C(N)C(=O)NC(CCC(N)=O)C(=O)O,0.0
O=C(CO)[C@@H](O)[C@@H](O)[C@H](O)COP(=O)(O)O,0.0
CC(C)COc1ccc(CNC(=O)N(Cc2ccc(F)cc2)C2CCN(C)CC2)cc1,0.0
Nc1nc(N)c2nc(CN3c4ccccc4C=Cc4ccccc43)cnc2n1,0.0
COC(=O)[C@@H](C)c1ccc(-c2ccccc2)c(F)c1,0.0
CCCCc1oc2ccccc2c1C(=O)c1cc(I)c(OCCN(CC)CC)c(I)c1,1.0
CCCCCCCCC(=O)CCCCCCC(=O)O,0.0
CC(C)=CC1CC(C)CCO1,0.0
CN1CC[C@]23c4c5ccc(O)c4O[C@H]2C(=O)CC[C@@]3(O)[C@H]1C5,0.0
Cc1ccnc2c1CCCC2,0.0
C/C(=C/CCC(C=O)C1CC[C@@]2(C)C3=C(CC[C@@]12C)[C@@]1(C)CCC(O)C(C)(C)C1CC3)C(=O)O,0.0
CC(C)CCCCCCCCCCCCCCC(=O)O,0.0
CC(O)C(N)C(=O)NC(CCCNC(=N)N)C(=O)O,0.0
C[C@@H](c1cc2ccccc2s1)N(O)C(N)=O,1.0
N=CN1c2c(nc(N)[nH]c2=O)NCC1CNc1ccc(C(=O)NC(CCC(=O)O)C(=O)O)cc1,0.0
CC1CC[C@@]2(OC1)OC1CC3C4CC=C5CC(OC6OC(CO)C(OC7OC(C)C(O)C(O)C7O)C(O)C6OC6OC(C)C(O)C(O)C6O)C(O)C[C@@]5(C)C4CC[C@@]3(C)C1C2C,0.0
OC[C@H](O)[C@H](O)CO,0.0
CCN(CC)C(=S)SSC(=S)N(CC)CC,1.0
NC(=O)CCC(NC(=O)C(N)Cc1ccccc1)C(=O)O,0.0
CCOC(=O)C1(c2ccccc2)CCN(C)CC1,1.0
CCCCC(C)(O)C/C=C/[C@H]1[C@H](O)CC(=O)[C@@H]1CCCCCCC(=O)OC,0.0
CN1CCN2c3ncccc3Cc3ccccc3[C@@H]2C1,1.0
CC(C(O)C(O)C(=O)C(C)(C)O)C1CC[C@@]2(C)C3CC=C4C(CCC(OC5OC(COC6OC(CO)C(O)C(O)C6O)C(O)C(O)C5O)C4(C)C)[C@@]3(C)CC[C@]12C,0.0
O=C(C1CCCCC1)N1CC(=O)N2CCc3ccccc3C2C1,1.0
NC(N)=NCC1COC2(CCCCC2)O1,0.0
CC1CCC(C(C)C)C(OC(=O)OCCO)C1,0.0
CC(CO)CCCC(C)C1CCC2C3C(O)CC4CC(O)CC[C@]4(C)C3CC(O)[C@]12C,0.0
CCCCC[C@H](O)/C=C/[C@H]1[C@H](O)CC(=O)[C@@H]1C/C=C\CCCC(=O)O,1.0
COCCl,0.0
C[C@]12CC[C@@H]3c4ccc(O)cc4CC[C@H]3[C@@H]1CC[C@@H]2OC(=O)CCC1CCCC1,1.0
Nc1nc2cc(Cl)ccc2o1,1.0
C[C@@]12CCCC1C1CCC3CC(O)CC[C@]3(C)C1CC2,0.0
CNc1cccc(-c2ccnc3c(C(=O)c4cccs4)cnn23)c1,1.0
CCCCCCCCCC(O)CC(=O)O,0.0
C=C(C)C(C)CCC(C)C1CC[C@@]2(C)C3CCC4C(C)(C)C(OC(=O)CCCCCCCCCCCCCCC)CC[C@]45C[C@]35CC[C@]12C,0.0
O=[S@](Cc1cc(OCC2CC2)ccn1)c1nc2ccc(F)cc2[nH]1,1.0
O=[N+]([O-])c1cc2ccc3cccc4ccc(c1)c2c34,1.0
CC1=CCC(C(C)C)c2cc(C)ccc21,0.0
CN(C)CCC=C1c2ccccc2C=Cc2ccccc21,1.0
CC(C)(O)C1CCC(COC2OC(CO)C(O)C(O)C2O)CC1,0.0
COc1ccc(S(=O)(=O)N2CCN(S(=O)(=O)c3ccc4c(c3)OCCO4)CC2)cc1,0.0
O=[S@@](O)c1ccccc1,0.0
O=CC(=O)C(O)C(O)C(O)CO,0.0
CC1C(O)C[C@]2(C)C(O)C[C@]3(C)C(=CCC4[C@]5(C)CCC(O)C(C)(C)C5CC[C@@]43C)C2C1C,0.0
CCCCC/C=C/CCCCCC/C=C\C=C\C(=O)N1CCCCC1,0.0
NC(Cc1ccc(O)cc1)C(=O)NC(Cc1ccc(O)cc1)C(=O)O,0.0
CCCCCCCCCCCC1=C(O)C(=O)c2scnc2C1=O,0.0
NCCCC(=O)NC(Cc1c[nH]cn1)C(=O)O,0.0
NCCc1ccc(OS(=O)(=O)O)cc1,0.0
C[C@@H](NCCCc1cccc(C(F)(F)F)c1)c1cccc2ccccc12,1.0
COc1ccc(C2Sc3ccccc3N(CCN(C)C)C(=O)C2O)cc1,0.0
CCCCC(=O)OCCC(C)C,0.0
CC(=O)Nc1nnc(S(N)(=O)=O)s1,0.0
COC1=CC(=O)C[C@@H](C)[C@]12Oc1c(Cl)c(OC)cc(OC)c1C2=O,1.0
COc1ccc2c(c1)CC[C@@H]1[C@@H]2CC[C@]2(C)[C@@H](O)CC[C@@H]12,1.0
N=C(N)c1ncn([C@@H]2O[C@H](CO)[C@@H](O)[C@H]2O)n1,0.0
Cc1nc(Nc2ncc(C(O)=Nc3c(C)cccc3Cl)s2)cc(N2CCN(CCO)CC2)n1,1.0
O=C(O)/C=C\C(=O)O,0.0
COC(=O)[C@]12CCC(C)[C@@](C)(O)C1C1=CCC3[C@@]4(C)CCC(OC5OCC(O)C(O)C5O)C(C)(C)C4CC[C@@]3(C)[C@]1(C)CC2,0.0
CC(C)N(C(=O)c1ccc(Cl)cc1Cl)c1cc(-c2ccccc2)sc1C(=O)O,0.0
CN(C)CCCN1c2ccccc2Sc2cccnc21,0.0
NCCCC(N)C(=O)O,0.0
CC(C)(O)c1ccccc1-c1ccc2nc(/C=C/c3ccc(C(F)(F)F)cc3)[nH]c2c1,0.0
Nc1ncc(Cc2ccccc2)s1,0.0
Nc1ncnc2c([C@@H]3O[C@H](CO)[C@@H](O)[C@H]3O)[nH]nc12,0.0
N#[N+]c1ccc(CO)cc1,0.0
CN1CCN(c2ccccc2C/N=N\C(N)=S)CC1,0.0
C[C@H](C#Cc1ccc(Cc2ccc(F)cc2)s1)NC(N)=O,1.0
CN1CCc2cc(Cl)c(O)cc2[C@H]2c3ccccc3CC[C@@H]21,0.0
COC(=O)/C=C/C(C)=C\C=C\C(C)=C\C=C\C=C(C)\C=C\C=C(/C)C=O,0.0
N=C(N)NCCCC(NC(=O)C(N)CC(N)=O)C(=O)O,0.0
CC(C)C1=C2C3CC=C4C(O)[C@@]5(O)COC6OC(C4[C@@]6(O)C5O)[C@@]3(C)CC[C@]2(C)CC1,0.0
CCCCCC/C=C/[C@H]1[C@H]2C[C@H](N=N2)[C@@H]1C/C=C\CCCC(=O)O,0.0
Cc1ccc(-c2nc3ccc(C)cn3c2CC(=O)N(C)C)cc1,1.0
Cc1cc(/N=N/c2ccccc2C)ccc1N,1.0
CC(=O)OC1C=C2C(CC[C@@]3(C)[C@@]2(O)CCC2Cc4c([nH]c5cc6c(cc45)CC4C6=CC(C)(C)OC4(C)C)[C@@]23C)OC1C(C)(C)O,0.0
C=C1/C(=C\C=C2/CCC[C@@]3(C)[C@H]2CC[C@@H]3[C@H](C)CC[C@@H](O)C(C)C)C[C@@H](O)C[C@@H]1O,0.0
Oc1c(Br)cc(Br)cc1Br,0.0
C#CCCCCCCCCCCCc1ccco1,0.0
NC(=O)CCCCC1SCC2NC(=O)NC21,0.0
N[C@@H](CSCCO)C(=O)O,0.0
COc1ccc2c(CN(C)C)cc(=O)oc2c1,1.0
O=c1ccc2nc3ccc(OCc4ccccc4)cc3oc-2c1,1.0
Cc1cc2nc[nH]c2cc1C,0.0
CC(C)=CCCC(C(=O)O)C1CC[C@@]2(C)C3=C(CC[C@]12C)[C@@]1(C)CCC(O)C(C)(C)C1CC3,0.0
CC(C)/N=C(N)/N=C(\N)NOCCCOc1cc(Cl)c(Cl)cc1Cl,1.0
CCn1nnc(C2=CCCN(C)C2)n1,1.0
CC#CC#CC#CC#CCCCC,0.0
O=C(O)C1=C/C(=C/C=N/C(Cc2ccc(O)cc2)C(=O)O)CC(C(=O)O)N1,0.0
c1ccc2c(c1)ccc1ccccc12,1.0
O=C(Nc1ccc(Cl)cc1)c1cc2ccccc2cc1OP(=O)(O)O,0.0
CC(C)(C(=O)O)C1CC[C@@]23CC(CCC2[C@]1(C)CC(=O)O)[C@]1(C)OC13,0.0
Oc1ccc(C2COc3cc(O)ccc3C2)cc1,0.0
CCC/C=C/C=C/C(=O)SCCNC(=O)CCNC(=O)C(O)C(C)(C)COP(=O)(O)OP(=O)(O)OCC1OC(n2cnc3c(N)ncnc32)C(O)C1OP(=O)(O)O,0.0
CCN(CC)C(=S)SC,1.0
CC1NCCc2c1[nH]c1cc(O)ccc21,0.0
CN1CCN(C(=O)NC(Cc2ccccc2)C(=O)NC(C=CS(=O)(=O)c2ccccc2)CCc2ccccc2)CC1,1.0
C[C@]12C[C@H](O)[C@@]3(F)[C@@H](CCC4=CC(=O)C=C[C@@]43C)[C@@H]1C[C@@H](O)[C@]2(O)C(=O)CO,0.0
Cn1c(N)nc2ncc(-c3ccccc3)cc21,1.0
OCC1OC(OC2C(CO)OC(OC3C(CO)OC(O)C(O)C3O)C(O)C2O)C(O)C(O)C1O,0.0
Cc1c[nH]c2ccccc12,1.0
CNCC[C@H](Oc1ccc(C(F)(F)F)cc1)c1ccccc1,1.0
C[C@@](O)(COC1OC(CO)C(O)C(O)C1O)C1CC[C@@](C)(O)C(O)C1,0.0
CCC1O[C@@]2(C)OCCC1O2,0.0
CC(C)CC(O)CC(C)CCC(=O)c1ccoc1,0.0
CCCCCCCCCCCC/C=C/CCC(O)C(O)CCC(O)C1CCC(CCCCCC(O)CC2=CC(C)OC2=O)O1,0.0
Oc1ccc(OCc2ccccc2)cc1,0.0
COC1OC[C@@]2(O)C(OC(C)=O)C3CC(C)(C)CC3[C@@]3(C)C[C@]132,0.0
COc1ccc2cccc(CCN=C(C)O)c2c1,1.0
CC(=O)OC1CC2C(COC(=O)CC(C)C)=COC(OC(=O)CC(C)C)C2[C@]12CO2,0.0
CC=C(C(=CC)c1ccc(O)cc1)c1ccc(O)cc1,0.0
CC(C)CC(=O)OC(CC(=O)[O-])C[N+](C)(C)C,0.0
CC(C)c1cc(-c2nnc(O)n2-c2ccc3c(ccn3C)c2)c(O)cc1O,0.0
CC(C)CCCC(C)C1CCC2C3CC=C4CCCC[C@@]4(C)C3CC[C@@]12C,0.0
CC/C=C\CCOC(=O)CCCCC,0.0
CCNC(C)Cc1cccc(C(F)(F)F)c1,1.0
CCCCCCCCCCCCC/C=C/C(O)C(COC1OC(CO)C(O)C(OS(=O)(=O)O)C1O)NC(=O)CCCCCCCCCCCCCCCCCCCCC,0.0
CCCC(=O)OCCCSC,0.0
CC1=C(C)C(=O)C(CC[C@](C)(O)CCC(=O)O)=C(C)C1=O,0.0
CC(C)C1CC2[C@@]3(O)C4O[C@@](O)(C[C@@]2(C)[C@]2(O)CC(OC5OC(CO)C(O)C(O)C5O)C(C)C42)[C@@]13C,0.0
CCCCCCCCCCCCC/C=C/C(O)C(CO)NC(=O)CCCCCCCCCCCCCCC,0.0
CCCCCO[C@H]1O[C@H](CO)[C@@H](O)[C@H](O)[C@@H]1O,0.0
O=C1C=C2CN(Cc3ccccc3Cl)CCC2S1,1.0
CC(=O)C[C@H](c1ccccc1)c1c(O)c2ccccc2oc1=O,1.0
N[C@@H](CC(=O)N1CCCNC(=O)C1CC(F)(F)F)Cc1cc(F)c(F)cc1F,0.0
O=c1c(-c2ccc(O)cc2)coc2cc(O)cc(O)c12,1.0
O=C(O)CN1CCN(CC(=O)O)CCN(C(CO)C(O)CO)CCN(CC(=O)O)CC1,0.0
CCc1occc(=O)c1O,0.0
CCCCCCCCCCCCC(O)C1CCC(C(O)CCCC(O)C(O)CCCCCC2CC(CC(C)=O)C(=O)O2)O1,0.0
CN1CCN2c3ccccc3Cc3ccccc3[C@@H]2C1,1.0
CCCCCC(O)CCCCC(O)C1CCC(C2CCC(C(O)CCCCC(O)CCCCCCCC3=CC(C)OC3=O)O2)O1,0.0
N#Cc1c(-c2ccccc2)cc(-c2cc(Br)ccc2O)[nH]c1=O,0.0
C[C@@]12CCC3c4ccc(OS(=O)(=O)O)c(O)c4CCC3C1CCC2=O,0.0
CC1CCC(C(C)C)C(OC(=O)c2ccccc2N)C1,0.0
COc1ccc2c3c([nH]c2c1)C(C)=NCC3,1.0
Nc1ncnc2c1ncn2C1CC(O)C(COP(=O)(O)OP(=O)(O)O)O1,0.0
CC(O)CO,0.0
CC(C)NC[C@H](O)COc1cccc2ccccc12,1.0
O=C(O)C(Cc1ccccc1)NC(=O)C1CCCN1,0.0
CCCCCCC(=O)OCC(C)C,0.0
COc1cc(/C=C/C(=O)OCC2OC(Oc3c(-c4ccc(O)cc4)oc4cc(OC5OC(CO)C(O)C(O)C5O)cc(O)c4c3=O)C(OC3OC(CO)C(O)C(O)C3O)C(O)C2O)ccc1O,0.0
C/C(=C/CC/C(C)=C\CC/C(C)=C/CC/C(C)=C/CO)CC/C=C(/C)CC/C=C(\C)CCCC(C)CCCC(C)CCCC(C)C,0.0
CNC(=O)Oc1cc(C)c(SC)c(C)c1,1.0
C=C(C)C1CC=C(C)C(O)C1,0.0
O=c1[nH]cc(I)c(=O)[nH]1,0.0
CCC1(CCC(C)C)C(=O)NC(=O)NC1=O,0.0
O=c1c(O)c(-c2ccccc2)oc2cc(O)cc(O)c12,1.0
O=C(O)C1=C(C(=O)Nc2c(F)cc(-c3cccc(OC(F)(F)F)c3)cc2F)CCC1,0.0
CCC(C)SSc1ncc[nH]1,0.0
Cc1c(CCC(=O)O)c2cc3nc(cc4[nH]c(cc5nc(cc1[nH]2)C(CCC(=O)O)=C5CC(=O)O)c(CCC(=O)O)c4C)C(CC(=O)O)=C3CCC(=O)O,0.0
c1ccc2ncccc2c1,1.0
CCCCOc1ccc2c(C(F)(F)F)cc(=O)oc2c1,1.0
CCCCC/C=C\CC(O)/C=C/C=C/C=C\C(O)CCCC(=O)N(C)C,0.0
CCCCCC(O)/C=C/C1C(SCC(NC(=O)CCC(N)C(=O)O)C(=O)NCC(=O)O)CC(=O)C1CCCCCCC(=O)O,0.0
C[C@@H]1c2cc(O)ccc2O[C@@H](c2ccc(OCCN3CCCC3)cc2)[C@H]1c1ccc(O)cc1,0.0
NN=c1[nH][nH]c(=NN)c2ccccc12,1.0
CC(=O)O[C@H](C(=O)Nc1cccc2c1C(=O)C(=O)NC2=O)c1cccc(Cl)c1,0.0
C[C@@H](Cc1ccccc1)NCCC#N,1.0
CSCCC(N)C(=O)O,0.0
O=C1/C(=C/c2ccc(O)c(O)c2)Oc2c1ccc(O)c2O,0.0
COC(F)(F)C(Cl)Cl,1.0
CC/C=C\C/C=C\C/C=C\CCCCCCCC(=O)OC1CC[C@@]2(C)C(=CCC3C2CC[C@]2(C)C(C(C)CCC(C)C(C)C)CCC32)C1,0.0
NC(CCC(=O)O)C(=O)NC(CC(=O)O)C(=O)O,0.0
CC1=C(/C=C/C(C)=C\C=C\C(C)=C\C=O)C(C)(C)CCC1,1.0
COc1cc2ccc1Oc1cc(ccc1O)CCC(=O)CCCC2,0.0
O=c1c(O)c(-c2ccc(O)c(O)c2)oc2cc(O)ccc12,0.0
NC(CN[N+](=O)[O-])C(=O)O,0.0
CCOc1ccc(NC(C)=O)cc1,1.0
Clc1ccc(Cl)c(Cl)c1,1.0
Cc1cc2ncn(C3OC(COP(=O)(O)O)C(O)C3O)c2cc1C,0.0
C=C1/C(=C\C=C2/CCC[C@@]3(C)C2CCC3C(C)/C=C/C(C)C(C)(C)O)CC(O)CC1O,0.0
C[C@@H](Oc1ccc(Oc2ncc(C(F)(F)F)cc2Cl)cc1)C(=O)O,0.0
CC(Cl)(Cl)C(c1ccc(Cl)cc1)c1ccccc1Cl,0.0
CC(C)C1=CC(=O)[C@]2(C)C[C@@]3(O)O[C@@]4(C(=O)[C@@]13C)C(O)C(C)CC[C@]42O,0.0
CC1(C)CC[C@@]2(C(=O)OC3OC(CO)C(O)C(O)C3O)CC[C@@]3(C)C(=CCC4[C@@]5(C)CCC(OC6OC(C(=O)O)C7O[C@@](O)(C(=O)O)C(OCC(=O)O)OC7C6O)[C@](C)(CO)C5CC[C@]43C)C2C1,0.0
N=C(N)c1ccc(CNC(=O)[C@@H]2CCCN2C(=O)CNC2CCCCCCC2)cc1,0.0
CC1=C(/C=C/C(C)=C/C=C/C(C)=C/C=O)C(C)(C)CCC1,1.0
CC1CC[C@@]2(OC1)OC1CC3C4CCC5CC(OC6OC(COC7OC(CO)C(O)C(O)C7O)C(O)C(O)C6O)CC[C@@]5(C)C4CC[C@@]3(C)C1C2C,0.0
C=CCC(C)C(=O)OCCCCCC,0.0
CN(/C=C\c1ccccc1)C(=O)/C=C/c1ccccc1,0.0
c1coc(Cn2cccc2)c1,0.0
CCC(CCC(C)C1CCC2C3=CCC4CC(O)CC[C@]4(C)C3CC[C@]21C)=C(C)C,0.0
C=C1OC(=O)/C(=C\CCCCCCCCCCCCC)C1O,0.0
COc1c2c(c(C)c3c1C(=O)OC3)O[C@@]1(C)CC(OC(C)=O)C3C(C)(C)OC(=O)CC[C@]3(C)C1C2,0.0
CCC1C2CCN3CC[C@]4(c5cccc(OC)c5N(C(C)=O)C4C2)C13,0.0
C=CCCCCP(=O)(O)OC[C@@H]1COC(C)(C)O1,0.0
CCc1csc(C)n1,0.0
CN(C)CCc1c[nH]c2ccc(CS(=O)(=O)N3CCCC3)cc12,1.0
N[C@H](CC=O)C(=O)O,0.0
CCOc1ccc2c(C(F)(F)F)cc(=O)oc2c1,1.0
CC1=CC(O)[C@@]2(C)C(O)C[C@@]3(C)C(CCC4[C@]5(C)CCC(O)C(C)(C)C5CC[C@@]43C)C2C1C,0.0
Cc1[nH]cnc1CN1CCc2c(c3ccccc3n2C)C1=O,1.0
CSCCC(N)C(=O)NC(CC(=O)O)C(=O)O,0.0
Cc1c(C)c2c(c(C)c1OC(=O)CCC(=O)OCCO)CC[C@@](C)(CCCC(C)CCCC(C)CCCC(C)C)O2,0.0
COc1ccc2c(c1)Oc1cc(O)ccc1C21OC(=O)c2ccccc21,1.0
CC1=CC(=O)CC(C)(C)C1CCC(C)OC1OC(CO)C(O)C(O)C1O,0.0
CC1=CC2OC3C(O)C(O)[C@@](C)([C@@]34CO4)[C@@]2(CO)C(O)C1=O,0.0
CC[C@H]1OC(=O)[C@H](C)[C@@H](O[C@H]2C[C@@](C)(OC)[C@@H](O)[C@H](C)O2)[C@H](C)[C@@H](O[C@@H]2O[C@H](C)C[C@H](N(C)C)[C@H]2O)[C@](C)(O)C[C@@H](C)C(=O)[C@H](C)[C@@H](O)[C@]1(C)O,1.0
CC1CN(c2cc3c(cc2F)c(=O)c(C(=O)O)cn3-c2ccc(F)cc2F)CCN1,1.0
CC(C)c1cc2c(c(O)c1O)C(=O)C1CCCC(C)(C)C1CC2,0.0
CC(C)=CCCC(C)CCOC1OC(CO)C(O)C(O)C1OC1OC(CO)C(O)C(O)C1O,0.0
O=C1CN=C(c2ccccn2)c2cc(Br)ccc2N1,1.0
CN[C@@H]1CN(c2ccc3c(=O)c(C(=O)O)cn(-c4nccs4)c3n2)C[C@H]1OC,1.0
CO[P@@](=S)(Oc1cc(Cl)c(Br)cc1Cl)c1ccccc1,0.0
CC(=O)C=O,0.0
CC[C@]12CCCN3CCc4c(n(c5ccccc45)[C@@](O)(C(=O)OC)C1)[C@@H]32,1.0
Cc1ccc(C(C)C)cc2c(C)ccc1-2,1.0
C[C@](N)(Cc1ccc(O)c(O)c1)C(=O)O,1.0
CCCc1ccccn1,0.0
CC(=O)c1cc2ccccc2s1,1.0
CC(CCC(=O)NCCS(=O)(=O)O)C1CCC2C3C(O)CC4CC(O)CC[C@]4(C)C3CC[C@]12C,0.0
CC(=O)C[C@H](c1ccccc1)c1c(O)oc2ccccc2c1=O,1.0
CC1(C)C2CC[C@@]1(C)[C@@](C)(O)C2,0.0
CCOP(=S)(OCC)Oc1cc(C)nc(C(C)C)n1,1.0
CCn1cc(C(=O)O)c(=O)c2cc(F)c(N3CCNC(C)C3)c(F)c21,1.0
CCCCC/C=C/C(=O)OC(CCC(=O)[O-])[N+](C)(C)C,0.0
NS(=O)(=O)c1ccc(-n2nc(C(F)(F)F)cc2-c2ccc(CO)cc2)cc1,0.0
O=c1cc(O)c(Cl)c[nH]1,0.0
N[C@H]1[C@H](O)O[C@H](CO)[C@H](O)[C@@H]1O,0.0
Cc1nc2c(c(=O)n(C)c(=O)n2CC2CCCCC2)n1C,1.0
CC(C)c1nnc2ccc(-c3ocnc3-c3ccc(F)cc3)cn12,0.0
Nc1ncnc2c1ncn2[C@@H]1O[C@H](CO)[C@@H](O)[C@H]1N,0.0
N=C(Nc1ccccc1)Nc1ccccc1,0.0
O=C(O)C1CC(O)CN1C(=O)C1CC(O)CN1,0.0
Cc1nc(-c2ccnc(N)n2)cn1Cc1c(Cl)cccc1Cl,0.0
CC(C)=CCC/C(C)=C\CC/C(C)=C/CC/C=C(/C)CCC1C(C)=CCC(O)C1(C)C,0.0
CCCCCCC/C=C/C(=O)SCCNC(=O)CCNC(=O)C(O)C(C)(C)COP(=O)(O)OP(=O)(O)OCC1OC(n2cnc3c(N)ncnc32)C(O)C1OP(=O)(O)O,0.0
COc1ccnc(CS(=O)c2nc3ccc(OC(F)F)cc3[nH]2)c1OC,1.0
CC/C=C/C=C/C(C)=O,0.0
NS(=O)(=O)c1ccc(C(=O)NCc2ccccc2F)cc1,0.0
CCCC/C=C/CC(=O)OCC,0.0
CSCCC(NC(=O)C(C)N)C(=O)O,0.0
OCCc1ccccc1Nc1c(Cl)cccc1Cl,1.0
CC1CCC2C1C1C(CC[C@]2(C)O)C1(C)C,0.0
O=[P@@]1(N(CCCl)CCCl)N[C@@H](SCCS(=O)(=O)O)CCO1,0.0
Cc1ncc(C[n+]2csc(CCOP(=O)(O)OP(=O)(O)OCC3OC(n4cnc5c(N)ncnc54)C(O)C3O)c2C)c(N)n1,0.0
Cc1c2ccccc2nc2c1ccc1ccccc12,1.0
O=C1CN=C(c2ccccc2)c2cc(Cl)ccc2N1,1.0
COc1cc(C)cc(OC)c1Cl,0.0
CC1=C(/C=C/C(C)=C\C=C\C(C)=C\C=C/C=C(C)/C=C/C=O)C(C)(C)CCC1,0.0
CCO/C(S)=N/Cc1ccc(OC2OC(C)C(OC(C)=O)C(OC(C)=O)C2OC(C)=O)cc1,0.0
NC(=O)CCC(N)C(=O)NC(Cc1cnc[nH]1)C(=O)O,0.0
O=C(/C=C/c1ccccc1)c1ccc(O)c(O)c1,0.0
O=C1C=CC(=O)c2c(O)cccc21,0.0
CCCCCCCC(=O)O[C@H]1[C@H](O)[C@@H](CO)O[C@H](O[C@]2(CO)O[C@H](CO)[C@@H](O)[C@@H]2O)[C@@H]1O,0.0
CC(=O)OC1CC2[C@]3(C)CCC(OC(=O)CC(=O)O)C(C)(C)C3CC[C@]2(C)[C@@]2(C)CCC([C@]3(C)CCC(C(C)(C)O)O3)C12,0.0
Oc1ccc(OC(F)(F)F)cc1CN[C@@H]1CCCN[C@H]1c1ccccc1,1.0
C[S@](=O)c1ccc(-c2nc(-c3ccc(F)cc3)c(-c3ccncc3)[nH]2)cc1,0.0
Cc1cc(CCCCCCCOc2ccc(C3=N[C@H](C)CO3)cc2)on1,0.0
C=C1C(=O)O[C@H]2[C@H]1CC/C(C)=C/CC[C@@]1(C)O[C@@H]21,0.0
O=C(OCC1OC(c2c(O)cc(O)c(C(=O)c3ccc(O)c(O)c3)c2O)C(O)C(O)C1O)c1ccc(O)cc1,0.0
Clc1ccc2nsnc2c1NC1=NCCN1,1.0
CC(=O)NC1C(O)C[C@](OC2C(O)C(CO)OC(OC(C(O)CO)C(O)C(O)C=O)C2O)(C(=O)O)OC1C(O)C(O)CO,0.0
C/C=C1\C(O)OC=C(C(=O)OC)C1CC(=O)OCCc1ccc(O)c(O)c1,0.0
CCCC(=O)CC,0.0
COc1cc([C@@H]2c3cc4c(cc3[C@@H](O[C@@H]3OC5CO[C@@H](C)O[C@H]5[C@H](O)[C@H]3O)[C@H]3COC(=O)[C@H]23)OCO4)cc(OC)c1O,1.0
O=C1CC(c2ccc(O)cc2)Oc2cc(O)ccc21,0.0
C=C1C(O)[C@]23C[C@@]1(O)CCC2[C@]12CC(O)C(O)[C@](C)(C(=O)O1)C2C3C(=O)O,0.0
CC(C)CC(N)C(=O)N1CCCC1C(=O)O,0.0
C=CCCCCCOC(=O)C(C)CCCC(C)CCCC(C)CCC(=O)O,0.0
CC(=O)NC1C(N=C(N)N)C=C(C(=O)O)OC1C(O)C(O)CO,0.0
Oc1ccc(/C=C/c2cc(O)cc(O)c2)cc1,1.0
CCCCCC(O)/C=C/C1OC1C/C=C\C/C=C\CCCC(=O)O,0.0
CCCCCCCC/C=C\CCCCCCCCCCCCCCCC(=O)NC(COC1OC(CO)C(O)C(O)C1O)C(O)/C=C/CCCCCCCCCCCCC,0.0
O=P(O)(O)O[C@H]1[C@H](O)[C@@H](OP(=O)(O)O)[C@H](OP(=O)(O)O)[C@@H](O)[C@H]1O,0.0
CN(C)S(=O)(=O)CCNC(=O)N(CCCl)N=O,1.0
CNCc1ccc(-c2[nH]c3cc(F)cc4c3c2CCNC4=O)cc1,1.0
NC(=O)CSC[C@H](N)C(=O)O,0.0
O=C(c1ccc(O)cc1)N1CCc2c(n(Cc3ccc(O)cc3)c3ccccc23)C1,0.0
O=S(=O)(O)N[C@H]1[C@@H](O)O[C@H](COS(=O)(=O)O)[C@@H](O)[C@@H]1O,0.0
CC(=O)NCCC(=O)NC(Cc1cnc[nH]1)C(=O)O,0.0
CC(C/C=C/C(C)(C)O)CCOC1OC(CO)C(O)C(O)C1O,0.0
Cn1c(CCCC(=O)O)nc2cc(N(CCCl)CCCl)ccc21,1.0
CC(CCC1O[C@@]1(C)CO)C1CC[C@]2(C)C3=C(CC[C@]12C)[C@@]1(C)CCC(=O)C(C)(C)C1CC3O,0.0
O=C(/C=C\c1ccc(O)c(O)c1)OC1CC(C(=O)O)=CC(O)C1O,0.0
O=C(CCCN1CCC(O)(c2ccc(Cl)cc2)CC1)c1ccc(F)cc1,1.0
c1ccc2c(c1)ccc1cc3c(ccc4ccccc43)cc12,1.0
CCOP(=S)(OCC)SCSCC,1.0
CC(C)CC(N)C(=O)NC(CCCCN)C(=O)O,0.0
CC1=C(C(C)CO)C[C@@]2(O)[C@]3(C)CC(=O)O[C@]4(C(O)C(C)CC[C@@]34O)[C@@]12O,0.0
Cc1c(C(=O)Nc2ccc(N3C[C@H](C)O[C@H](C)C3)nc2)cccc1-c1ccc(OC(F)(F)F)cc1,0.0
CCN(CC)C(=O)SC,1.0
COC(C)(C)c1cc2c(ccc3ccc(=O)oc32)o1,0.0
COc1ccc(C2Oc3cc(O)cc(O)c3CC2O)cc1O,0.0
C=C1/C(=C\C=C2/CCC[C@]3(C)[C@@H](C#CC#CC(C)(C)O)CC[C@@H]23)C[C@@H](O)C[C@@H]1O,0.0
Fc1ccc(-n2cc(CCCCN3CCC4(CC3)OCc3ccccc34)c3ccccc32)cc1,0.0
COc1cc2c(c3oc(=O)c4c(c13)CCC4=O)[C@]1(O)C=COC1O2,0.0
CCCN1C[C@H](CSC)C[C@@H]2c3cccc4[nH]cc(c34)C[C@H]21,0.0
OC1=NC2=Nc3ccc(Cl)c(Cl)c3CN2C1,1.0
CC1OC(OP(=O)(O)O)C(O)C(O)C1O,0.0
O=C(O)c1[nH]c(O)c2c1c1c3ccccc3[nH]c1c1[nH]c3ccccc3c12,0.0
CC1=C(/C=C/C(C)=C\C=C\C(C)=C\C=C\C=C(\C)CO)C(C)(C)CC(O)C1,0.0
NC(Cc1cnc[nH]1)C(=O)N1CCCC1C(=O)O,0.0
COC[C@@](C)(O)C1Cc2c(cc(O)c3c(=O)c4ccccc4n(C)c23)O1,0.0
Cc1oncc1C(=O)Nc1ccc(C(F)(F)F)cc1,1.0
CC(CCC(=O)NCC(=O)O)C1CCC2C3C(OS(=O)(=O)O)CC4CC(O)CC[C@]4(C)C3CC[C@]12C,0.0
C=C(C)C1NC(=O)C(NC)C(O)c2cc(Cl)c(O)c(c2)O[C@@](C)(CC)C(C(=O)N2CC=CC2C(=O)N/C(C(=O)N/C(=C/C(=O)O)C(=O)O)=C(\C)CC)NC1=O,0.0
Cc1ccccc1C,1.0
Nc1ncnc2c1ncn2C1OC(COP(=O)(O)OP(=O)(O)OP(=O)(O)OP(=O)(O)OCC2OC(n3cnc4c(N)ncnc43)C(O)C2O)C(O)C1O,0.0
C/C(O)=C1/CC(=O)C2=C1CCCN2,0.0
CC(=O)CC(=O)SCCNC(=O)CCNC(=O)C(O)C(C)(C)COP(=O)(O)OP(=O)(O)OCC1OC(n2cnc3c(N)ncnc32)C(O)C1OP(=O)(O)O,0.0
c1ccc(COc2ccc3cccnc3c2)cc1,1.0
NC(Cc1ccccc1)C(=O)NC(CC(=O)O)C(=O)O,0.0
C[C@]12CC[C@@H]3c4ccc(O)cc4CC[C@H]3[C@@H]1C[C@@H](O)[C@H]2O,0.0
CC(=O)SC(C)(C)C1CCC(C)CC1=O,0.0
CC1(C)CCC(C)(C)c2cc(Cn3cccn3)c(/C=C/c3ccc(C(=O)O)cc3)cc21,0.0
CCCCCC(=O)/C=C/C=C\C=C\C=C\C(O)C(O)CCCC(=O)O,0.0
CO[C@]1(CCC(C)COC2OC(CO)C(O)C(O)C2O)OC2CC3C4CCC5CC(OC6OC(CO)C(O)C(O)C6OC6OC(CO)C(O)C(O)C6O)CC[C@@]5(C)C4CC[C@@]3(C)C2C1C,0.0
C[C@]12CCC(=O)C=C1CCC1C3CCC(C(=O)CO)[C@]34CC(OC4OC3OC(C(=O)O)C(O)C(O)C3O)C12,0.0
CCCCCCCC/C=C\CCCCCCCC(=O)NC(CO[P@@](=O)([O-])OCC[N+](C)(C)C)C(O)CCCCCCCCCCCCCCC,0.0
CCCCCCCS,0.0
C[C@]12C[C@H](O)[C@@]3(F)[C@@H](C[C@H](F)C4=CC(=O)C=C[C@@]43C)[C@@H]1C[C@@H](O)[C@]2(O)C(=O)CO,0.0
CC(C)CC(O)=Nc1n[nH]c2c1CN(C(=O)C1CCN(C)CC1)C2(C)C,0.0
CC(C)=CCC/C(C)=C/CC/C(C)=C\C=C\C(C)=C\C=C\C=C(C)\C=C\C=C(\C)CC/C=C(\C)CCC=C(C)C,0.0
CC[C@H](C)[C@@H](NCc1c(COP(=O)(O)O)cnc(C)c1O)C(=O)O,0.0
C/C1=C/C(C)C/C=C\C2C3O[C@]3(C)C(C)C3C(C(C)c4c[nH]c5ccccc45)NC(=O)[C@]23C(=O)CCC(=O)C1=O,0.0
CCCC(=O)OC,0.0
O=C1C[C@H](c2ccc(O)cc2)Oc2cc(O)cc(O)c21,1.0
CC1CC[C@]2(C(=O)O)CC[C@]3(C)C(=CCC4[C@@]5(C)CC(O)C(O)[C@@](C)(CO)C5C(O)C[C@]43C)C2C1C,0.0
CC(=O)CC(c1ccccc1)c1c(O)oc2ccc(O)cc2c1=O,0.0
C[C@H](NC(N)=O)c1cc2ccccc2s1,1.0
CCCCCCCC(=O)OCCC(C)C,0.0
CN1C(C(=O)Nc2ccc(O)cn2)=C(O)c2ccccc2S1(=O)=O,0.0
Cc1cc(C)c(/N=N/c2c(O)c(S(=O)(=O)O)cc3cc(S(=O)(=O)O)ccc23)cc1C,0.0
C=C[C@@](C)(CC/C=C(\C)CC/C=C(\C)C(O)C/C=C(/C)COC1OC(CO)C(O)C(O)C1O)OC1OC(CO)C(O)C(O)C1O,0.0
COC1=CC(C)C2CC3OC(=O)CC4C(C)=C(OC)C(=O)C([C@@]34C)[C@]2(C)C1=O,0.0
OCC(O)C(O)C(O)C(O)COCC1OC(O)C(O)C(O)C1O,0.0
O=C(O)CC/C(=N\O)C(=O)O,0.0
O=C(O)C(O)C(O)C(O)C(O)COP(=O)(O)O,0.0
CCCCCC(O)/C=C/C1C=CC(=O)C1CCCCCCC(=O)O,0.0
CC[C@H]1OC(=O)[C@H](C)C(=O)[C@H](C)[C@@H](O[C@@H]2O[C@H](C)C[C@H](N(C)C)[C@H]2O)[C@](C)(OC)C[C@@H](C)C(=O)[C@H](C)[C@H]2N(CCCCn3cnc(-c4cccnc4)c3)C(=O)O[C@]12C,1.0
O=C(O)Cc1ccccc1Nc1c(Cl)cccc1Cl,1.0
CCCCOCCOCC(C)OCCCOC,0.0
C=Cc1cc(O)cc2nc(-c3ccc(O)c(F)c3)oc12,0.0
COc1c(O)c(C)c(C/C=C(\C)CC/C=C(\C)CC/C=C(\C)CC/C=C(\C)CC/C=C(\C)CCC=C(C)C)c(O)c1OC,0.0
NCC(=O)c1ccccc1,0.0
Nc1n[nH]c(N)c1/N=N/c1ccc(O)cc1,0.0
CN1CCC[C@H]1c1cccnc1,1.0
N=c1nc(O)c2nn[nH]c2[nH]1,1.0
CCCCCc1cc(O)c2c(c1)OC(C)(C)[C@@H]1CCC(C)=C[C@@H]21,0.0
C[n+]1c2cc(N)ccc2cc2ccc(N)cc21,1.0
NCCCCC(NC(=O)C(N)Cc1c[nH]c2ccccc12)C(=O)O,0.0
O=C(O)CCC1=C(CC(=O)O)c2cc3[nH]c(cc4nc(cc5[nH]c(cc1n2)c(CC(=O)O)c5CCC(=O)O)C(CCC(=O)OO)=C4CC(=O)O)c(CC(=O)O)c3CCC(=O)O,0.0
CCCCCCC(C)CC(C)(C)C,0.0
CCCC(=O)OCOC(=O)C(C)(C)C,0.0
CN(C)C(=O)CCCOC(=O)C(C)(C)Oc1ccc(Cl)cc1,0.0
OCCN1CCN(CCCN2c3ccccc3Sc3ccc(Cl)cc32)CC1,1.0
C=C(C)C1OC2CC[C@@]3(C)[C@@](O)(CCC4Cc5c([nH]c6cc7c(cc56)CC5C7=CC(C)(C)OC5(C)C)[C@@]43C)C2=CC1O,0.0
CC(C)CCC[C@@](C)(O)C1CCC2C3CC=C4CC(O)CC[C@@]4(C)C3CC[C@]21C,0.0
CC(C)=CCSCC(N)C(=O)O,0.0
C/C=C(/C)C(=O)OC1c2c(ccc3ccc(=O)oc23)OC1C(C)(C)OC(=O)/C(C)=C\C,0.0
CC(CCC(=O)O)C1CCC2C3C(O)CC4CCCC[C@]4(C)C3CC(O)[C@]12C,0.0
c1ccn(CCOc2ccc3[nH]ccc3c2)c1,0.0
CC(CCC(=O)O)C1CCC2C3C(O)CC4CC(=O)CC[C@]4(C)C3CC[C@]12C,0.0
Nc1ccn(C2CC(O)C(CO)O2)c(=O)n1,0.0
N#CCNC(=O)[C@H](CS(=O)(=O)Cc1ccccc1OC(F)F)OC(=O)N1CCOCC1,0.0
CCCCCCCC/C=C\CCCCCCCCCCCC(=O)NC(CO)C(O)CCCCCCCCCCCCCCC,0.0
O=C(O)C(O)Cc1ccc(O)c(O)c1,0.0
Nc1nc2ccc(OC(F)(F)F)cc2s1,1.0
C[C@]12CCC3C4CCC(O)CC4CCC3C1CCC2=O,0.0
C=COC(C)=O,0.0
Oc1ccccc1-c1ccccc1,1.0
CC(C)COC(=O)c1ccccc1C(=O)O,0.0
CCCCCCCCCCC/C=C\CCCCC(=O)O,0.0
NC(=O)CCC(N)C(=O)NC(CCC(N)=O)C(=O)O,0.0
CC(=O)C(=Cc1cc(O)c(O)c([N+](=O)[O-])c1)C(C)=O,0.0
CC(=O)Nc1ccc(OC(C)C)cc1,1.0
CCc1c2cc(O)ccc2nn1-c1ccc(O)cc1,0.0
Nc1cc2c3ccccc3ccc2c2ccccc12,1.0
CC1(C)S[C@@H]2[C@H](NC(=O)C(C(=O)Oc3ccc4c(c3)CCC4)c3ccccc3)C(=O)N2[C@H]1C(=O)O,0.0
C=CCc1ccc(OC)c(OC)c1,1.0
C=C1C[C@]23C[C@@]1(O)CCC2[C@]12OC(=O)[C@](C)(C=CC1O)C2C3C(=O)O,0.0
CCCCc1cc2c(=O)c(C(=O)OC)c[nH]c2cc1OCc1ccccc1,0.0
CCCCCN(CCCCC)N=O,1.0
C=C1C=CCC(C)(C)[C@]12CCC(C)O2,0.0
C1SSCSSS1,0.0
CN(CCO)CC(O)Cn1cnc2c1c(=O)n(C)c(=O)n2C,0.0
CCNC(=O)c1cc2c(-c3ccc(Cl)cc3Cl)nc(N)nc2s1,0.0
C[C@H]1CNCCc2ccc(Cl)cc21,1.0
C=C[C@]1(CO)CCC(C(C)(C)OC2OC(CO)C(O)C(O)C2O)O1,0.0
CCc1nc(C)cs1,0.0
C[C@H]1Cc2c(Cl)cc(C(=O)N[C@@H](Cc3ccccc3)C(=O)O)c(O)c2C(=O)O1,1.0
NC(Cc1ccc(O)c(Cl)c1)C(=O)O,0.0
COC1C=COC2(C)Oc3c(C)c(O)c4c(c3C2=O)C2=NC3(CCN(CC(C)C)CC3)NC2=C(NC(=O)C(C)=CC=CC(C)C(O)C(C)C(O)C(C)C(OC(C)=O)C1C)C4=O,1.0
CCCCCCC(=O)Oc1ccc2c(c1)CC[C@@H]1[C@@H]2CC[C@]2(C)[C@@H](OC(=O)CCCCCC)CC[C@@H]12,1.0
C[C@H](C#Cc1ccc(Cc2ccc(F)cc2)s1)N(O)C(N)=O,1.0
CCC(=O)C1CC(C)[C@@]2(CC(=O)[C@]3(C)C4=C(CC[C@@]32C)[C@@]2(C)CCC(O)[C@](C)(CO)C2CC4)O1,0.0
CCCCCCCC(O)=N[C@H](CN1CCCC1)[C@H](O)c1ccc2c(c1)OCCO2,0.0
CC1=C(/C=C\C2=CCC[C@]3(C)C2CCC3C(C)CCCC(C)C)CC(O)CC1,0.0
Cc1cc(CCCOc2c(C)cc(-c3nnn(C)n3)cc2C)on1,0.0
CC(C)(C)N=C(O)N1CCN(C(O)=N[C@H](C(=O)O)[C@H](C=O)CCCNC(=N)N)CC1,0.0
CC(C)=CCC[C@]1(C)C(CC=C(C)C)C[C@@]23CC(C(C)(C)OO)OC2=C(CC=C(C)C)C(=O)[C@]1(C(=O)C(C)C)C3=O,0.0
CCCC(C)(C)CC,0.0
CCCNCc1cc(=O)oc2cc(OC)ccc12,1.0
CC1=C2C(=O)C(C(C)C)CC[C@@]2(C)C(O)CC1,0.0
CN1CCN(C(=O)O)CC1,0.0
NC(CCC(=O)O)C(=O)NC(Cc1ccc(O)cc1)C(=O)O,0.0
Cc1ccc2c(=O)c3cccc(CC(=O)O)c3oc2c1C,1.0
O=C(CCNNC(=O)c1ccncc1)NCc1ccccc1,0.0
CCCCCCC(=O)CCO,0.0
COc1ccc(COc2cc3oc(=O)c4cc(C(C)O)ccc4c3cc2OC)cc1,0.0
CCCCN1C[C@H](OC(=O)CCC)[C@@H](OC(=O)CCC)[C@H](OC(=O)CCC)[C@H]1COC(=O)CCC,0.0
CCCCCCCCCCCCC/C=C/C(O)C(N)COC1OC(CO)C(O)C(O)C1O,0.0
CCCCCC(O)/C=C/C(O)C(O)C/C=C\C/C=C\CCCC(=O)O,0.0
CCn1cc(C(=O)O)c(=O)c2cc(F)c(N3CCN(C)CC3)cc21,1.0
CN1CCN2c3ccccc3Cc3ccccc3C2C1,1.0
O=C(O)C1OC(Oc2c[nH]c3ccccc23)C(O)C(O)C1O,0.0
C=C1C[C@@]23CCC4[C@](C)(C(=O)O)CCC[C@]4(C)C2CC[C@]1(O)C3,0.0
CC[C@H]1[C@@H](C(O)=N[C@]2(C(O)=NS(=O)(=O)C3(C)CC3)C[C@H]2C(F)F)N2C[C@@H]1Oc1nc3cc(OC)ccc3nc1C(F)(F)CCCC[C@@H]1C[C@H]1OC(O)=N[C@@H](C(C)(C)C)C2=O,1.0
Cc1ccc(NC(=O)c2ccc(CN3CC[N+](C)([O-])CC3)cc2)cc1Nc1nccc(-c2cccnc2)n1,0.0
CCOP(=S)(OCC)Oc1ccc([N+](=O)[O-])cc1,1.0
COC(=O)[C@@H](c1ccccc1Cl)N1CCc2sccc2C1,1.0
CC1=C(C)C2CC1CC2O,0.0
CCOC(=O)c1c(C)n[nH]c1C,0.0
CN(C)CCOC(C)(c1ccccc1)c1ccc(Cl)cc1,0.0
OCC1OC(O)C(O)C(O)C1O,0.0
COc1ccc2c(CN)cc(=O)oc2c1,1.0
C#CCN(C)[C@H](C)Cc1ccccc1,1.0
CCNCc1cc(=O)oc2cc(OC)ccc12,1.0
CNCCC(Oc1ccc(C(F)(F)F)cc1)c1ccccc1,1.0
COC(=O)c1ccccc1S(=O)(=O)NC(=O)N(C)c1nc(C)nc(OC)n1,0.0
CNCC(O)c1ccc(OC(=O)C(C)(C)C)c(OC(=O)C(C)(C)C)c1,0.0
Clc1ccc([C@]23CNC[C@H]2C3)cc1Cl,0.0
CN=C(O)c1ccccc1Sc1ccc2c(/C=C/c3ccccn3)[nH]nc2c1,1.0
c1ccc(Cn2ccnc2)cc1,0.0
CCC(=O)C(CC(C)N(C)C)(c1ccccc1)c1ccccc1,1.0
NCCc1ccc(O)c(C2CCCCC2)c1,0.0
CC12C3CC(CC31)[C@@]2(C)CC=O,0.0
CC1C=C2C(=O)OCC2C(O)C2CC(C)(C)CC12,0.0
CCCCCCCCCCC1=C(O)C(=O)NC1=O,0.0
COc1ccc2c(c1)-c1nn(CCCN(C)C)c3ccc([N+](=O)[O-])c(c13)N2,1.0
CC(C)C[C@H](N=C(O)CN=C(O)c1cc(Cl)ccc1Cl)B(O)O,1.0
CC(C)NCC(O)c1ccc(NS(C)(=O)=O)cc1,0.0
CCOC(=O)C[C@H](SP(=S)(OC)OC)C(=O)OCC,1.0
C=CCc1cc(OC)c2c(c1)OCO2,1.0
C[C@]12CCC3c4cc(O)c(O)cc4CCC3C1CCC2O,0.0
CC(C(=O)O)c1ccc(CC2CCCC2=O)cc1,0.0
CC(=O)C[C@H](c1ccc([N+](=O)[O-])cc1)c1c(O)c2ccccc2oc1=O,1.0
CCN(CC)Cc1ccc2cc(COC(=O)Nc3ccc(C(=O)NO)cc3)ccc2c1,0.0
OC(CS)C(O)CS,0.0
CNCCC[C@]12CC[C@H](c3ccccc31)c1ccccc12,1.0
Cc1cc(C)cc(Oc2c(CSCc3ccco3)c(C)[nH]c(=O)c2I)c1,0.0
C/C1=C\C2OC(=O)C(C)C2CC/C(C(=O)OC2C(O)C(O)OC(CO)C2O)=C\CC1,0.0
CN1CCN2c3ncccc3Cc3ccccc3[C@H]2C1,1.0
CS(=O)(=O)c1ccc(C2=C(c3ccccc3)C(=O)OC2)cc1,1.0
C/C(=C\CCC(C)C1CC[C@@]2(C)C3CCC4C(C)(C)C(=O)CC[C@@]45C[C@@]35CC[C@]12C)C(=O)O,0.0
COc1cc(/C=C/C(=O)Nc2ccccc2C(=O)O)ccc1O,0.0
CC(C)CC(NC(=O)C(N)CCC(N)=O)C(=O)O,0.0
C[C@]12CC[C@@H]3c4ccc(O)cc4CC[C@H]3[C@@H]1CC[C@@H]2O,1.0
CNC(=O)c1cccnc1,0.0
CCCCCCC(=O)O,0.0
Cc1cn(C2CC(O)C(COP(=O)(O)OP(=O)(O)OC3OC(CO)C(O)C(O)C3O)O2)c(=O)[nH]c1=O,0.0
CC1(C)C(=O)CC(O)[C@]23C(=O)OC4OCC(=CCC12)C43,0.0
C/C(C=O)=C/CCC(C)C1CC[C@]2(C)C3=C(C(=O)C[C@]12C)[C@]1(C)CCC(O)C(C)(C)C1CC3,0.0
CC(C)(CO)C(O)C(=O)NCCC(=O)NCCSSCCNC(=O)CCNC(=O)C(O)C(C)(C)CO,0.0
O=P(O)(O)OC[C@@H](O)[C@@H](O)[C@H](O)CO,0.0
CCCCCOc1ccc2nc3ccc(=O)cc-3oc2c1,1.0
CC[C@H](Cc1ccc2c(c1)OCO2)NC,1.0
O=P(O)(O)OCC1O[C@@](CO)(OP(=O)(O)O)C(O)C1O,0.0
CCCCCC/C=C\C=C\CCCCCCCC(=O)O,0.0
OC[C@@H](O)CN1CCN(c2ccccc2)CC1,0.0
C=C1C(O)[C@]23C[C@@]1(O)CCC2[C@]1(C=O)CCC[C@](C)(C(=O)O)C1C3C(=O)O,0.0
CC(CCC(=O)O)C1CCC2C3C(OS(=O)(=O)O)CC4CC(O)CC[C@]4(C)C3CC(O)[C@]12C,0.0
CSCCC(N)C(=O)NC(CC(C)C)C(=O)O,0.0
CCCCC=O,0.0
C/C=C(/C)C(=O)OC1C(O)C(C)(C)CC2C3=CCC4[C@]5(C)CCC(O)[C@@](C)(CO)C5CC[C@]4(C)[C@]3(C)CC(O)[C@]21CO,0.0
CCCCCCCCCCCCCCCCCCCCCCCC(O)CC(O)CCCCCC,0.0
C/C=C1\C2CCN3CC[C@]4(c5cccc(OC)c5N(C(C)=O)C4C2)C13,0.0
CCN(CC)CC(=O)Oc1ccc(N=C(C)O)cc1,1.0
CCCCN(C)N=O,1.0
COc1ccc(/C=C2\CCCN=C2c2cccnc2)c(OC)c1,1.0
O=P(O)(O)O[C@H]1O[C@H](CO)[C@H](O)[C@H](O)[C@H]1O,0.0
O=CCCCC=O,0.0
COc1cccc(N2C=Cc3cc(S(N)(=O)=O)sc3S2(=O)=O)c1,0.0
CC(C)(O)CN=c1nc(-c2cccc(C(F)(F)F)n2)[nH]c(=Nc2ccnc(C(F)(F)F)c2)[nH]1,1.0
N=C(N)NCCCC(NC(=O)C(N)CO)C(=O)O,0.0
Cc1ccc(C(=O)C(C)CN2CCCCC2)cc1,1.0
O=P(O)(O)C(Sc1ccc(Cl)cc1)P(=O)(O)O,0.0
CCC1OC1C/C=C\C/C=C\C/C=C\C/C=C\C/C=C\CCC(=O)O,0.0
CC1=CC(=O)CC1,0.0
CC/C=C/CC(O)/C=C/C1OC(O)CC(O)C1C/C=C/CCCC(=O)O,0.0
N[C@@H](CN(O)N=O)C(=O)O,0.0
CC(=O)Oc1ccc2c(c1)CC[C@@H]1[C@@H]2CC[C@]2(C)[C@@H](O)CC[C@@H]12,1.0
Cc1cccc(C)c1,1.0
C1CC1,0.0
CC(Nc1cc(-c2[nH]c(S(C)=O)nc2-c2ccc(F)cc2)ccn1)c1ccccc1,1.0
NC(Cc1cnc[nH]1)C(=O)NC(Cc1ccccc1)C(=O)O,0.0
N[C@@H](CC1=CC(=O)C(O)=CC1=O)C(=O)O,0.0
c1cc2ccsc2s1,0.0
N#CCCCC1CS1,0.0
CC/C=C\CCOC(=O)C(C)CC,0.0
C=CCCCCC(C)O,0.0
CCN(CC)CCOc1ccc2nc(N(C)C)sc2c1,0.0
OCCc1c[nH]c2ccc(OC3OC(CO)C(O)C(O)C3O)cc12,0.0
COC(=O)[C@H](c1ccccc1Cl)N1CCC2SC(=O)C=C2C1,1.0
CCOP(O)(=S)OCC,0.0
NC(=O)C[C@@H](N)C(=O)O,0.0
CC(=O)[C@H]1CC[C@H]2[C@@H]3CC[C@H]4C[C@@H](O)CC[C@]4(C)[C@H]3CC[C@]12C,0.0
COCC#CC[C@@H](NS(=O)(=O)c1ccc(-c2ccc(OC)cc2)cc1)C(=O)O,0.0
C[C@]12CCC3c4ccc(O)cc4CCC3C1CC(=O)C2O,0.0
CCN1c2ncc(CCOc3cc[n+]([O-])c4ccccc34)cc2C(=O)N(C)c2cccnc21,0.0
CN1[C@H]2CCC[C@@H]1CC(NC(=O)c1nn(C)c3ccccc13)C2,1.0
CC(C(=O)O)C(=O)OC(CC(=O)[O-])C[N+](C)(C)C,0.0
C[C@@H](/C=C/[C@@H](C)[C@H]1CC[C@H]2/C(=C/C=C3C[C@@H](O)C[C@H](O)C3)CCC[C@@]21C)C(C)(C)O,0.0
CC(CC[C@](O)(CO)C(C)C)C1C(O)C[C@@]2(C)C3CCC4[C@](C)(C(=O)OC5OC(CO)C(O)C(O)C5O)C(O)CC(O)[C@]45C[C@]35CC[C@]12C,0.0
CN(C)CCOC(c1ccccc1)c1ccccc1,1.0
O=C(O)C(O)Cc1ccccc1,0.0
CS(=O)(=O)OC[C@H](O)[C@@H](O)COS(C)(=O)=O,0.0
CC1C=CC(=O)O1,0.0
COc1ccc2cc(CCC(C)=O)ccc2c1,1.0
C=C(C)C1CCC(C)C(OC(C)=O)C1,0.0
C=CC(O)CCCCCCCC(=O)O,0.0
CCN(CC)CCc1c[nH]c2ccccc12,0.0
N=C1N[C@@H]2[C@H](CCCCC(=O)O)SC[C@@H]2N1,0.0
O=C(O)[C@]1(O)C=C(c2cccc(Sc3ccccc3)c2)[C@@H](O)[C@H](O)C1,0.0
CCCCCC(=O)OC(CC(=O)[O-])C[N+](C)(C)C,0.0
NS(=O)(=O)c1ccc(C(=O)NCCCCNCS)cc1,0.0
C=CCC(CCC)C(=O)O,0.0
CC1CCc2c(N3CCC(O)CC3)c(F)cc3c(=O)c(C(=O)O)cn1c23,0.0
CSCSSC,0.0
C[C@]12CO[C@](C)(O1)[C@@]13CC2CC[C@@]1(C)CCC3O,0.0
C=C[C@@]1(C)CCC(=O)O1,0.0
COc1ccc(C(c2ccc(O)c(O)c2)C(Cl)(Cl)Cl)cc1,1.0
O=C(O)CCCC(O)/C=C\C=C\C=C\C(O)C/C=C\CCCCC(O)O,0.0
Cc1c2ccccc2c(C)c2c1ccc1ccccc12,1.0
CC1=C(/C=C/C(C)=C/C=C/C(C)=C/C(=O)O)C(C)(C)CCC1,1.0
Nc1ccc([N+](=O)[O-])c(C(F)(F)F)c1,1.0
C=C(C)C1CC=C(C)C(OC2OC(CO)C(O)C(O)C2O)C1,0.0
CCCCC(=O)O[C@H]1CC[C@H]2[C@@H]3CCc4cc(O)ccc4[C@H]3CC[C@]12C,1.0
C/C(C(=O)O)=C(\C)C(=O)O,0.0
C[C@]12CC[C@@H]3c4ccc(OS(=O)(=O)O)cc4CC[C@H]3[C@@H]1CCC2=O,1.0
Cc1cccc(C)c1OCC(C)N,1.0
C[C@]12CC[C@@H]3[C@H]4CC[C@H](O)CC4=CC[C@H]3[C@@H]1CC[C@@H]2O,0.0
Nc1nc(O)c2nn(-c3cccc(C(=O)O)c3)nc2n1,0.0
COc1cc(/C=C/C(=O)CC(=O)/C=C/c2ccc(O)c(OC)c2)ccc1O,1.0
Cn1c(N)nc2c3cccnc3ccc21,1.0
C[C@]12CC[C@@H]3[C@H]4CC[C@H](O)C=C4CC[C@H]3[C@@H]1CC[C@@H]2O,0.0
CC[C@H](C)[C@H](N)C(=O)O,0.0
C[C@H]1COc2c(N3CCN(C)CC3)c(F)cc3c(=O)c(C(=O)O)cn1c23,0.0
CC1=C(/C=C/C(C)=C/C=C/C(C)=C/C=C/C=C(C)/C=C/C=C(C)/C=C/C2=C(C)CC(O)CC2(C)C)C(C)(C)CC(O)C1,0.0
CC(C)CC(c1c(O)c(C=O)c(O)c(C=O)c1O)C1CCC(C)C2=CC(C(C)(C)O)CC[C@@]21C,0.0
Cc1c2ccncc2c(C)c2c1[nH]c1ccccc12,1.0
Cc1ccc(-c2cc(C(F)(F)F)nn2-c2ccc(S(N)(=O)=O)cc2)cc1,1.0
O=c1[nH]c2ccccc2n1C1CCN(CCCC(c2ccc(F)cc2)c2ccc(F)cc2)CC1,1.0
N=C(N)c1ccc2[nH]c(-c3n[nH]c(-c4ccccc4)c3O)nc2c1,0.0
CCCCCC/C=C/C=C\CCCCCCCC(=O)O,0.0
C=C1C[C@]23CC1C(O)CC2[C@]1(C)CCC(O)[C@@](C)(C(=O)O)C1C3C(=O)O,0.0
CCCC/C=C\CCCCCCCC(=O)OCCCCCCCCCCCCCCCC,0.0
CN1CCCC(n2nc(Cc3ccc(Cl)cc3)c3ccccc3c2=O)CC1,1.0
CC1=NN(c2ccc(C)c(C)c2)C(=O)/C1=N\Nc1cccc(-c2cccc(C(=O)O)c2)c1O,1.0
Cc1cc(C2=NC(=O)N=C(c3ccccc3)C2)ccc1O,0.0
C[C@]12CC[C@@H]3c4ccc(O)cc4CC[C@H]3[C@@H]1CCC2=O,1.0
C[C@]1(O)C(O)=NC(=O)N(C2CC(O)C(CO)O2)C1O,0.0
COc1ccc(C(c2ccc(O)cc2)C(Cl)(Cl)Cl)cc1,1.0
CC(CCC(=O)O)C1CCC2C3CCC4C(O)C(O)CC[C@]4(C)C3CC(O)[C@]12C,0.0
CCCCCCP(=O)(O)O[C@@H]1C[C@H](C)CC[C@H]1C(C)C,0.0
CN(C)CCCOc1ccc2[nH]nc(S(=O)(=O)c3cccc4ccccc34)c2c1,0.0
C=C1CC1CC(NC(=O)CCC(N)C(=O)O)C(=O)O,0.0
CCCCCCC(OC)OC,0.0
C=C/C(C)=C\CC=C(C)C,0.0
CCCCC/C=C\C(=O)O,0.0
CCC/C=C/COC(=O)C(C)CC,0.0
CNCCCC12CCC(c3ccccc31)c1ccccc12,1.0
CCC(/C=C/C(C)C1CCC2C3=CCC4CC(OC5OC(CO)C(O)C(O)C5OC5OC(CO)C(O)C(O)C5OC5OC(CO)C(O)C(O)C5O)CC[C@@]4(C)C3CC[C@@]21C)C(C)C,0.0
COC1=C(OC)C(=O)C(CCCCCCCCCCO)=C(C)C1=O,1.0
N#Cc1ccc(NC(=S)NC(=N)Cc2c(Cl)cccc2Cl)cc1,0.0
C=CC(C)(C)c1cc2cc3c(cc2oc1=O)O[C@H](C(C)(C)O)C3,0.0
CCC(C)C(N)C(=O)NC(CO)C(=O)O,0.0
CCCN1CCC[C@@H](c2cccc(S(C)(=O)=O)c2)C1,1.0
CCCC(=O)OC(C)Cc1ccccc1,0.0
CSCCC(NC=O)C(=O)O,0.0
O=C(CN(CCO)S(=O)(=O)c1ccc(-c2ccccc2)cc1)NO,0.0
CC(C)C(N)C(=O)NC(CC(N)=O)C(=O)O,0.0
CCN1CCC[C@H]1CN=C(O)c1c(O)c(Cl)cc(Cl)c1OC,0.0
O=C(O)C1CC(O)CN1C(=O)C1CCCN1,0.0
C/C=C(\C)C(=O)OC1C2=C(C)C(=O)O[C@@]2(OC)CC2CCC(O)C(C)[C@@]21C,0.0
CC(C)CCCC(C)C1CCC2C3CCC4CC(O)CC[C@@]4(C)C3CC[C@@]12C,0.0
CCCCCCCCCCCCC/C=C\C=C\C(=O)NCC(C)C,0.0
CNC(=O)c1cc(Oc2ccc(NC(O)=Nc3ccc(Cl)c(C(F)(F)F)c3)cc2)ccn1,1.0
CC(=O)c1ccc2ccccc2c1,0.0
COc1cc(C(C)=O)ccc1OCCCN1CCC(c2noc3cc(F)ccc23)CC1,1.0
C=CCOC(=O)/C=C\C,0.0
O=c1[nH]cc(C2OC(CO)C(O)C2O)c(=O)[nH]1,0.0
CN(C)C(=O)Nc1ccc(Cl)c(Cl)c1,1.0
CC1=C2CC(C)(C)CC2C(O)C2=C(C1)C(=O)OC2O,0.0
CN1C(=O)CN=C(c2ccccc2F)c2cc([N+](=O)[O-])ccc21,1.0
CCN[C@@H](C)Cc1cccc(C(F)(F)F)c1,1.0
CC(C)=CCC[C@]1(C)C(CC=C(C)C)C[C@]2(CC=C(C)C)C(=O)[C@@]1(C(=O)C(C)C)C(=O)C1=C2OC(C)(C)C=C1,0.0
CCCc1cc(=O)oc2c(C(=O)CC(C)C)c(O)c(CC=C(C)C)c(O)c12,0.0
c1ccc2nc(COc3ccc(-c4n[nH]cc4-c4ccncc4)cc3)ccc2c1,0.0
CCOP(=O)(OCC)Oc1ccc([N+](=O)[O-])cc1,1.0
CCN(CCO)CCn1c(Cc2ccccc2)nc2c1c(=O)n(C)c(=O)n2C,1.0
O=C(Nc1ccccn1)Nc1cccc2c1[C@H]1CCCN1C2=O,0.0
C[C@@]12CCC3c4ccc(O)cc4CCC3C1CC(O)C2OC1OC(C(=O)O)C(O)C(O)C1O,0.0
NOCCC(N)C(=O)O,0.0
Cc1nn(C)c(Cl)c1C(=O)Nc1cccc2c1[C@@H](C)OC2(C)C,1.0
OCC1OC(O)C(OC2OCC(O)C(O)C2O)C(O)C1O,0.0
CCC(/C=C/C(C)C1CCC2C3=CCC4CC(O)CC[C@]4(C)C3CC[C@@]21C)C(C)C,0.0
CCN[C@@H](C)Cc1ccc2c(c1)OCO2,1.0
C=C[C@](C)(CC/C=C(\C)CC/C=C(/C)CC/C=C(\C)COC1OC(CO)C(O)C(O)C1O)OC1OC(CO)C(O)C(O)C1O,0.0
CN(C)N=O,1.0
CC(C)(N)Cc1ccccc1Cl,0.0
O=c1ncnc2[nH][nH]cc1-2,0.0
O=C(O)/C=C\C=C/C(=O)O,0.0
CC(C)=CCc1c(-c2ccc(O)c3c2OC(C)(C)C=C3)oc2cc(O)cc(O)c2c1=O,0.0
COc1ccc([C@@H](c2ccc(O)c(O)c2)C(Cl)(Cl)Cl)cc1,1.0
N#CC(c1ccc(F)cc1)c1c(Cl)cc(-n2ncc(=O)[nH]c2=O)cc1Cl,0.0
C=CCc1ccc(O)c(OC)c1,1.0
O=C(O)CCCC(=O)Nc1ccc(/C=C/c2ccccc2)cc1,0.0
CCN(CC)N=O,1.0
CCCCCCC1CCC(CCCCCCCC(=O)O)O1,0.0
Nc1cccc2ccccc12,1.0
C=Cc1ccccc1,1.0
C=CC(O)C#CC#C/C=C/C=C/C(O)CCCCC,0.0
COc1ccc2c(c1)Oc1cc(O)ccc1[C@@]21OC(=O)c2ccccc21,1.0
CCCCC(C)CCC(=O)O,0.0
CCCCCCCCCCCCC(O)C1CCC(C2CCCC(C(O)CCCCCCCC(O)CC3=CC(C)OC3=O)O2)O1,0.0
NC(=O)CC(NC(=O)C(N)Cc1ccc(O)cc1)C(=O)O,0.0
CC(C)=CCc1c2c(c3oc4c(c(=O)c3c1O)CC(=C(C)C)Oc1cc(O)c(O)cc1-4)C=CC(C)(C)O2,0.0
N[C@@H](CO[V](O)(O)(O)O)C(=O)O,0.0
CCCCNCc1cc(=O)oc2cc(OC)ccc12,1.0
CC(C)(C)NCC(O)c1cc(Cl)c(N)c(Cl)c1,1.0
CCC(O)c1ccccc1,0.0
C=C(C)C1CC[C@]2(C)CCC[C@](C)(O)C2C1,0.0
CC(CC[C@@](O)(CO)C(C)C)C1C(O)C[C@@]2(C)C3CCC4[C@](C)(C(=O)O)C(O)CC(O)[C@]45C[C@]35CC[C@]12C,0.0
CCO[C@H]1O[C@@H]2O[C@@]3(C)CC[C@H]4[C@H](C)CC[C@@H]([C@H]1C)[C@]42OO3,0.0
N[C@H](COc1cncc(-c2ccc3cnccc3c2)c1)CC1C=Nc2ccccc21,0.0
CC(=O)CC(c1ccccc1)c1c(O)c2ccccc2oc1=O,1.0
CC1=C(/C=C/C(C)=C/C=C/C(C)=C\C=C\C=C(C)/C=C/C=C(\C)CO)C(C)(C)C[C@H](O)C1,0.0
CNCC[C@H](Oc1ccccc1C)c1ccccc1,1.0
CN(C)CCCN1c2ccccc2CCc2ccc(Cl)cc21,1.0
CC(=O)CC(c1ccccc1)c1c(O)oc2ccccc2c1=O,1.0
O=C1CCCCC1=O,0.0
C=C(C)C1CCC2[C@]3(CC[C@@]4(C)C(C(C)CC/C=C(/C)C(=O)OC)CC[C@]24C)C[C@]13CCC(=O)O,0.0
CC1=C(/C=C/C(C)=C/C=C/C(C)=C/C(=O)OC2OC(C(=O)O)C(O)C(O)C2O)C(C)(C)CCC1,0.0
CC1=CC[C@H]2[C@@H](C1)C2(C)C,1.0
C=C[C@@](C)(O)CC/C=C(/C)C(=O)OC1OC(CO)C(O)C(O)C1O,0.0
CC(C)CCCC(C)C1CCC2C3=CCC4CC(O)CC[C@@]4(C)C3CC[C@]21C,0.0
CN1C(=O)NC(=O)C(C)(C2=CCCCC2)C1=O,1.0
NCC(=O)N1CCCC1C(=O)N1CCC(O)C1C(=O)O,0.0
CC(C)=C1C[C@@]2(C)C(C)CCCC2CC1=O,0.0
CC(C)NCC(O)COc1ccc(CCOCC2CC2)cc1,1.0
COc1cc(C(=O)O)ccc1O,0.0
Nc1ccc(N)cc1,0.0
CC(C)OC(=O)CCC/C=C\C[C@H]1[C@@H](O)C[C@@H](O)[C@@H]1CC[C@@H](O)CCc1ccccc1,0.0
CCCCCCCC(O)C(O)CCCCCC(O)C1CCC(CCCCCCCC(O)CC2=CC(C)OC2=O)O1,0.0
CN(C)CCCN1c2ccccc2Sc2ccccc21,1.0
CC(C=O)C1CC[C@@]2(C)C3CC=C4C(CCC(OC5OC(COC6OC(CO)C(O)C(O)C6O)C(O)C(O)C5O)C4(C)C)[C@@]3(C)CC[C@]12C,0.0
CN(C)CCOC1=Cc2ccccc2Sc2ccc(Cl)cc21,1.0
CC(C)=CC(=O)CC(C)c1ccc(C)cc1,0.0
CCCN1CCCCC1C(=O)Nc1c(C)cccc1C,1.0
Nc1nc(OCc2ccccc2)c2nc[nH]c2n1,1.0
C=C(C(CC=C(C)C)OC(=O)/C(C)=C\C)C1C(OC(C)=O)C(=O)[C@]2(C)OC2C1O,0.0
CN1[C@H](C[C@H](O)c2ccccc2)CCC[C@@H]1CC(=O)c1ccccc1,0.0
CC(CCC(=O)O)C1CCC2C3CCC4CC(OC5OC(C(=O)O)C(O)C(O)C5O)CC[C@@]4(C)C3CC(O)[C@@]12C,0.0
COC1=CC(=O)c2cc(C)cc(O)c2C1=O,0.0
C=C1C=CC(C(C)CC(O)C=C(C)C)CC1,0.0
C[C@]12CC[C@H]3[C@@H](CCC4=CC(=O)CC[C@@]43C)[C@@H]1CC[C@H]2O,0.0
CN(C)N/N=C1\N=CN=C1C(N)=O,1.0
O=C(O)[C@@H](O)[C@H](O)[C@H](O)COP(=O)(O)O,0.0
O[C@@H]1Cc2c(cc3ccc4cccc5ccc2c3c45)[C@@H](O)[C@@H]1O,0.0
CCCCC/C=C/C(=O)SCCNC(=O)CCNC(=O)C(O)C(C)(C)COP(=O)(O)OP(=O)(O)OCC1OC(n2cnc3c(N)ncnc32)C(O)C1OP(=O)(O)O,0.0
Cn1c(=O)c2c(ncn2CC2OCCO2)n(C)c1=O,1.0
N[C@@H](CC1=CCCCc2o[nH]c(=O)c21)C(=O)O,0.0
CCC(=O)SC,0.0
CCN[C@H](C)Cc1ccc2c(c1)OCO2,1.0
CC1=C(C=O)C(C)(C)C=CC1,0.0
